docker : WARNING:  WatchFiles detected changes in 'app/services/order_service.py'. Reloading...
At line:2 char:137
+ ... p) | Out-Null; docker logs --since 3m take_a_sip_backend 2>&1 | Out-F ...
+                    ~~~~~~~~~~~~~~~~~~~~~~~~~~~~~~~~~~~~~~~~~~~~~~
    + CategoryInfo          : NotSpecified: (WARNING:  Watch...'. Reloading...:String) [], RemoteException
    + FullyQualifiedErrorId : NativeCommandError
 
INFO:     Shutting down
INFO:     connection closed
INFO:     Waiting for application shutdown.
INFO:     Application shutdown complete.
INFO:     Finished server process [53]
INFO:     Started server process [72]
INFO:     Waiting for application startup.
INFO:     Application startup complete.
INFO:     172.19.0.1:45692 - "WebSocket /ws/frontdesk?token=eyJhbGciOiJIUzI1NiIsInR5cCI6IkpXVCJ9.eyJzdWIiOiI2YmIzOWFjOC
0zNDkyLTQ2M2UtYTk3My1iYzg4NTVhNzUzMDkiLCJyb2xlIjoiRlJPTlRERVNLIiwiZXhwIjoxNzc0Mzk1NjExfQ.ymstRqIVKs-51N_z-6YldMy4Rg-DU_
c-3aNMlvsQPkQ" [accepted]
INFO:     172.19.0.1:36702 - "GET /orders/latest?limit=50 HTTP/1.1" 200 OK
INFO:     connection open
INFO:     172.19.0.1:36702 - "GET /admin/drivers/available HTTP/1.1" 200 OK
INFO:     172.19.0.1:48472 - "POST /auth/send-otp HTTP/1.1" 200 OK
INFO:     172.19.0.1:48478 - "POST /auth/verify-otp HTTP/1.1" 200 OK
INFO:     172.19.0.1:48484 - "GET /menu HTTP/1.1" 200 OK
{"ts": "2026-03-17T23:46:46.023004+00:00", "level": "INFO", "logger": "app.main", "message": "http.request", "event": 
"http.request", "method": "GET", "path": "/orders/latest", "status_code": 200, "elapsed_ms": 41.49, "request_id": 
"fb7ed172-d23b-41f9-828b-88532ea6db7b"}
{"ts": "2026-03-17T23:46:46.164968+00:00", "level": "INFO", "logger": "app.main", "message": "http.request", "event": 
"http.request", "method": "GET", "path": "/admin/drivers/available", "status_code": 200, "elapsed_ms": 9.85, 
"request_id": "24b74913-219d-4840-9e23-ee68eb404c41"}
{"ts": "2026-03-17T23:47:06.880029+00:00", "level": "INFO", "logger": "app.services.auth_service", "message": 
"auth.otp_sent", "event": "auth.otp_sent", "phone_number_last4": "0101"}
{"ts": "2026-03-17T23:47:06.880278+00:00", "level": "INFO", "logger": "app.main", "message": "http.request", "event": 
"http.request", "method": "POST", "path": "/auth/send-otp", "status_code": 200, "elapsed_ms": 1.7, "request_id": 
"3c5b120c-f25f-493d-a9a5-39aeabef38b2"}
{"ts": "2026-03-17T23:47:06.915582+00:00", "level": "INFO", "logger": "app.services.auth_service", "message": 
"auth.login_success", "event": "auth.login_success", "user_id": "0ce35dca-d398-4600-9607-c80a9c594f93", "role": 
"CLIENT"}
INFO:     172.19.0.1:48496 - "POST /orders HTTP/1.1" 201 Created
{"ts": "2026-03-17T23:47:06.916301+00:00", "level": "INFO", "logger": "app.main", "message": "http.request", "event": 
"http.request", "method": "POST", "path": "/auth/verify-otp", "status_code": 200, "elapsed_ms": 6.46, "request_id": 
"ab96289c-3aa1-4766-ae2b-a914264c03e9"}
{"ts": "2026-03-17T23:47:06.956080+00:00", "level": "INFO", "logger": "app.main", "message": "http.request", "event": 
"http.request", "method": "GET", "path": "/menu", "status_code": 200, "elapsed_ms": 35.6, "request_id": 
"8f2497db-b99e-41c7-b52e-69cdb2a1c51f"}
{"ts": "2026-03-17T23:47:07.110625+00:00", "level": "INFO", "logger": "app.services.order_service", "message": 
"order.created", "event": "order.created", "order_id": "a5390e24-8a65-428e-8174-f685587be8d0", "order_number": 10, 
"order_type": "pickup", "status": "NEW", "actor_user_id": "0ce35dca-d398-4600-9607-c80a9c594f93"}
{"ts": "2026-03-17T23:47:07.133645+00:00", "level": "INFO", "logger": "app.main", "message": "http.request", "event": 
"http.request", "method": "POST", "path": "/orders", "status_code": 201, "elapsed_ms": 169.27, "request_id": 
"e6d06e03-d9a1-4c31-ad3a-32ec4b5def16"}
{"ts": "2026-03-17T23:47:07.148239+00:00", "level": "INFO", "logger": "app.services.order_service", "message": 
"order.created", "event": "order.created", "order_id": "0a3cee76-8c8a-4b2e-96a7-6139e67642e0", "order_number": 11, 
"order_type": "pickup", "status": "NEW", "actor_user_id": "0ce35dca-d398-4600-9607-c80a9c594f93"}
{"ts": "2026-03-17T23:47:07.161604+00:00", "level": "ERROR", "logger": "app.main", "message": "http.request_failed", 
"event": "http.request_failed", "method": "POST", "path": "/orders", "status_code": 500, "elapsed_ms": 192.46, 
"request_id": "bd4b8a0f-021c-42e5-8c18-b3b7271f50f3"}
{"ts": "2026-03-17T23:47:07.161893+00:00", "level": "ERROR", "logger": "app.main", "message": "http.request_failed", 
"event": "http.request_failed", "method": "POST", "path": "/orders", "status_code": 500, "elapsed_ms": 193.42, 
"request_id": "f27d9cb7-b989-4e8b-b6a3-a254430e81cf"}
INFO:     172.19.0.1:48544 - "POST /orders HTTP/1.1" 500 Internal Server Error
ERROR:    Exception in ASGI application
  + Exception Group Traceback (most recent call last):
  |   File "/usr/local/lib/python3.12/site-packages/starlette/_utils.py", line 79, in collapse_excgroups
  |     yield
  |   File "/usr/local/lib/python3.12/site-packages/starlette/middleware/base.py", line 183, in __call__
  |     async with anyio.create_task_group() as task_group:
  |                ^^^^^^^^^^^^^^^^^^^^^^^^^
  |   File "/usr/local/lib/python3.12/site-packages/anyio/_backends/_asyncio.py", line 783, in __aexit__
  |     raise BaseExceptionGroup(
  | ExceptionGroup: unhandled errors in a TaskGroup (1 sub-exception)
  +-+---------------- 1 ----------------
    | Traceback (most recent call last):
    |   File "/usr/local/lib/python3.12/site-packages/uvicorn/protocols/http/httptools_impl.py", line 409, in run_asgi
    |     result = await app(  # type: ignore[func-returns-value]
    |              ^^^^^^^^^^^^^^^^^^^^^^^^^^^^^^^^^^^^^^^^^^^^^^
    |   File "/usr/local/lib/python3.12/site-packages/uvicorn/middleware/proxy_headers.py", line 60, in __call__
    |     return await self.app(scope, receive, send)
    |            ^^^^^^^^^^^^^^^^^^^^^^^^^^^^^^^^^^^^
    |   File "/usr/local/lib/python3.12/site-packages/fastapi/applications.py", line 1054, in __call__
    |     await super().__call__(scope, receive, send)
    |   File "/usr/local/lib/python3.12/site-packages/starlette/applications.py", line 113, in __call__
    |     await self.middleware_stack(scope, receive, send)
    |   File "/usr/local/lib/python3.12/site-packages/starlette/middleware/errors.py", line 186, in __call__
    |     raise exc
    |   File "/usr/local/lib/python3.12/site-packages/starlette/middleware/errors.py", line 164, in __call__
    |     await self.app(scope, receive, _send)
    |   File "/usr/local/lib/python3.12/site-packages/starlette/middleware/base.py", line 182, in __call__
    |     with recv_stream, send_stream, collapse_excgroups():
    |                                    ^^^^^^^^^^^^^^^^^^^^
    |   File "/usr/local/lib/python3.12/contextlib.py", line 158, in __exit__
    |     self.gen.throw(value)
    |   File "/usr/local/lib/python3.12/site-packages/starlette/_utils.py", line 85, in collapse_excgroups
    |     raise exc
    |   File "/usr/local/lib/python3.12/site-packages/starlette/middleware/base.py", line 184, in __call__
    |     response = await self.dispatch_func(request, call_next)
    |                ^^^^^^^^^^^^^^^^^^^^^^^^^^^^^^^^^^^^^^^^^^^^
    |   File "/app/app/main.py", line 35, in request_context_middleware
    |     response = await call_next(request)
    |                ^^^^^^^^^^^^^^^^^^^^^^^^
    |   File "/usr/local/lib/python3.12/site-packages/starlette/middleware/base.py", line 159, in call_next
    |     raise app_exc
    |   File "/usr/local/lib/python3.12/site-packages/starlette/middleware/base.py", line 144, in coro
    |     await self.app(scope, receive_or_disconnect, send_no_error)
    |   File "/usr/local/lib/python3.12/site-packages/starlette/middleware/exceptions.py", line 63, in __call__
    |     await wrap_app_handling_exceptions(self.app, conn)(scope, receive, send)
    |   File "/usr/local/lib/python3.12/site-packages/starlette/_exception_handler.py", line 53, in wrapped_app
    |     raise exc
    |   File "/usr/local/lib/python3.12/site-packages/starlette/_exception_handler.py", line 42, in wrapped_app
    |     await app(scope, receive, sender)
    |   File "/usr/local/lib/python3.12/site-packages/starlette/routing.py", line 716, in __call__
    |     await self.middleware_stack(scope, receive, send)
    |   File "/usr/local/lib/python3.12/site-packages/starlette/routing.py", line 736, in app
    |     await route.handle(scope, receive, send)
    |   File "/usr/local/lib/python3.12/site-packages/starlette/routing.py", line 290, in handle
    |     await self.app(scope, receive, send)
    |   File "/usr/local/lib/python3.12/site-packages/starlette/routing.py", line 78, in app
    |     await wrap_app_handling_exceptions(app, request)(scope, receive, send)
    |   File "/usr/local/lib/python3.12/site-packages/starlette/_exception_handler.py", line 53, in wrapped_app
    |     raise exc
    |   File "/usr/local/lib/python3.12/site-packages/starlette/_exception_handler.py", line 42, in wrapped_app
    |     await app(scope, receive, sender)
    |   File "/usr/local/lib/python3.12/site-packages/starlette/routing.py", line 75, in app
    |     response = await f(request)
    |                ^^^^^^^^^^^^^^^^
    |   File "/usr/local/lib/python3.12/site-packages/fastapi/routing.py", line 302, in app
    |     raw_response = await run_endpoint_function(
    |                    ^^^^^^^^^^^^^^^^^^^^^^^^^^^^
    |   File "/usr/local/lib/python3.12/site-packages/fastapi/routing.py", line 213, in run_endpoint_function
    |     return await dependant.call(**values)
    |            ^^^^^^^^^^^^^^^^^^^^^^^^^^^^^^
    |   File "/app/app/api/routes/orders.py", line 55, in create_order_endpoint
    |     order = await create_order(db, current_user, payload)
    |             ^^^^^^^^^^^^^^^^^^^^^^^^^^^^^^^^^^^^^^^^^^^^^
    |   File "/app/app/services/order_service.py", line 308, in create_order
    |     {'attempt': attempt + 1, 'actor_user_id': str(user.id)},
    |                                                   ^^^^^^^
    |   File "/usr/local/lib/python3.12/site-packages/sqlalchemy/orm/attributes.py", line 569, in __get__
    |     return self.impl.get(state, dict_)  # type: ignore[no-any-return]
    |            ^^^^^^^^^^^^^^^^^^^^^^^^^^^
    |   File "/usr/local/lib/python3.12/site-packages/sqlalchemy/orm/attributes.py", line 1096, in get
    |     value = self._fire_loader_callables(state, key, passive)
    |             ^^^^^^^^^^^^^^^^^^^^^^^^^^^^^^^^^^^^^^^^^^^^^^^^
    |   File "/usr/local/lib/python3.12/site-packages/sqlalchemy/orm/attributes.py", line 1126, in 
_fire_loader_callables
    |     return state._load_expired(state, passive)
    |            ^^^^^^^^^^^^^^^^^^^^^^^^^^^^^^^^^^^
    |   File "/usr/local/lib/python3.12/site-packages/sqlalchemy/orm/state.py", line 803, in _load_expired
    |     self.manager.expired_attribute_loader(self, toload, passive)
    |   File "/usr/local/lib/python3.12/site-packages/sqlalchemy/orm/loading.py", line 1674, in load_scalar_attributes
    |     result = load_on_ident(
    |              ^^^^^^^^^^^^^^
    |   File "/usr/local/lib/python3.12/site-packages/sqlalchemy/orm/loading.py", line 510, in load_on_ident
    |     return load_on_pk_identity(
    |            ^^^^^^^^^^^^^^^^^^^^
    |   File "/usr/local/lib/python3.12/site-packages/sqlalchemy/orm/loading.py", line 695, in load_on_pk_identity
    |     session.execute(
    |   File "/usr/local/lib/python3.12/site-packages/sqlalchemy/orm/session.py", line 2365, in execute
    |     return self._execute_internal(
    |            ^^^^^^^^^^^^^^^^^^^^^^^
    |   File "/usr/local/lib/python3.12/site-packages/sqlalchemy/orm/session.py", line 2241, in _execute_internal
    |     conn = self._connection_for_bind(bind)
    |            ^^^^^^^^^^^^^^^^^^^^^^^^^^^^^^^
    |   File "/usr/local/lib/python3.12/site-packages/sqlalchemy/orm/session.py", line 2110, in _connection_for_bind
    |     return trans._connection_for_bind(engine, execution_options)
    |            ^^^^^^^^^^^^^^^^^^^^^^^^^^^^^^^^^^^^^^^^^^^^^^^^^^^^^
    |   File "<string>", line 2, in _connection_for_bind
    |   File "/usr/local/lib/python3.12/site-packages/sqlalchemy/orm/state_changes.py", line 137, in _go
    |     ret_value = fn(self, *arg, **kw)
    |                 ^^^^^^^^^^^^^^^^^^^^
    |   File "/usr/local/lib/python3.12/site-packages/sqlalchemy/orm/session.py", line 1189, in _connection_for_bind
    |     conn = bind.connect()
    |            ^^^^^^^^^^^^^^
    |   File "/usr/local/lib/python3.12/site-packages/sqlalchemy/engine/base.py", line 3277, in connect
    |     return self._connection_cls(self)
    |            ^^^^^^^^^^^^^^^^^^^^^^^^^^
    |   File "/usr/local/lib/python3.12/site-packages/sqlalchemy/engine/base.py", line 143, in __init__
    |     self._dbapi_connection = engine.raw_connection()
    |                              ^^^^^^^^^^^^^^^^^^^^^^^
    |   File "/usr/local/lib/python3.12/site-packages/sqlalchemy/engine/base.py", line 3301, in raw_connection
    |     return self.pool.connect()
    |            ^^^^^^^^^^^^^^^^^^^
    |   File "/usr/local/lib/python3.12/site-packages/sqlalchemy/pool/base.py", line 447, in connect
    |     return _ConnectionFairy._checkout(self)
    |            ^^^^^^^^^^^^^^^^^^^^^^^^^^^^^^^^
    |   File "/usr/local/lib/python3.12/site-packages/sqlalchemy/pool/base.py", line 1363, in _checkout
    |     with util.safe_reraise():
    |          ^^^^^^^^^^^^^^^^^^^
    |   File "/usr/local/lib/python3.12/site-packages/sqlalchemy/util/langhelpers.py", line 224, in __exit__
    |     raise exc_value.with_traceback(exc_tb)
    |   File "/usr/local/lib/python3.12/site-packages/sqlalchemy/pool/base.py", line 1301, in _checkout
    |     result = pool._dialect._do_ping_w_event(
    |              ^^^^^^^^^^^^^^^^^^^^^^^^^^^^^^^
    |   File "/usr/local/lib/python3.12/site-packages/sqlalchemy/engine/default.py", line 728, in _do_ping_w_event
    |     return self.do_ping(dbapi_connection)
    |            ^^^^^^^^^^^^^^^^^^^^^^^^^^^^^^
    |   File "/usr/local/lib/python3.12/site-packages/sqlalchemy/dialects/postgresql/asyncpg.py", line 1169, in do_ping
    |     dbapi_connection.ping()
    |   File "/usr/local/lib/python3.12/site-packages/sqlalchemy/dialects/postgresql/asyncpg.py", line 813, in ping
    |     self._handle_exception(error)
    |   File "/usr/local/lib/python3.12/site-packages/sqlalchemy/dialects/postgresql/asyncpg.py", line 794, in 
_handle_exception
    |     raise error
    |   File "/usr/local/lib/python3.12/site-packages/sqlalchemy/dialects/postgresql/asyncpg.py", line 811, in ping
    |     _ = self.await_(self._async_ping())
    |         ^^^^^^^^^^^^^^^^^^^^^^^^^^^^^^^
    |   File "/usr/local/lib/python3.12/site-packages/sqlalchemy/util/_concurrency_py3k.py", line 123, in await_only
    |     raise exc.MissingGreenlet(
    | sqlalchemy.exc.MissingGreenlet: greenlet_spawn has not been called; can't call await_only() here. Was IO 
attempted in an unexpected place? (Background on this error at: https://sqlalche.me/e/20/xd2s)
    +------------------------------------

During handling of the above exception, another exception occurred:

Traceback (most recent call last):
  File "/usr/local/lib/python3.12/site-packages/uvicorn/protocols/http/httptools_impl.py", line 409, in run_asgi
    result = await app(  # type: ignore[func-returns-value]
             ^^^^^^^^^^^^^^^^^^^^^^^^^^^^^^^^^^^^^^^^^^^^^^
  File "/usr/local/lib/python3.12/site-packages/uvicorn/middleware/proxy_headers.py", line 60, in __call__
    return await self.app(scope, receive, send)
           ^^^^^^^^^^^^^^^^^^^^^^^^^^^^^^^^^^^^
  File "/usr/local/lib/python3.12/site-packages/fastapi/applications.py", line 1054, in __call__
    await super().__call__(scope, receive, send)
  File "/usr/local/lib/python3.12/site-packages/starlette/applications.py", line 113, in __call__
    await self.middleware_stack(scope, receive, send)
  File "/usr/local/lib/python3.12/site-packages/starlette/middleware/errors.py", line 186, in __call__
    raise exc
  File "/usr/local/lib/python3.12/site-packages/starlette/middleware/errors.py", line 164, in __call__
    await self.app(scope, receive, _send)
  File "/usr/local/lib/python3.12/site-packages/starlette/middleware/base.py", line 182, in __call__
    with recv_stream, send_stream, collapse_excgroups():
                                   ^^^^^^^^^^^^^^^^^^^^
  File "/usr/local/lib/python3.12/contextlib.py", line 158, in __exit__
    self.gen.throw(value)
  File "/usr/local/lib/python3.12/site-packages/starlette/_utils.py", line 85, in collapse_excgroups
    raise exc
  File "/usr/local/lib/python3.12/site-packages/starlette/middleware/base.py", line 184, in __call__
    response = await self.dispatch_func(request, call_next)
               ^^^^^^^^^^^^^^^^^^^^^^^^^^^^^^^^^^^^^^^^^^^^
  File "/app/app/main.py", line 35, in request_context_middleware
    response = await call_next(request)
               ^^^^^^^^^^^^^^^^^^^^^^^^
  File "/usr/local/lib/python3.12/site-packages/starlette/middleware/base.py", line 159, in call_next
    raise app_exc
  File "/usr/local/lib/python3.12/site-packages/starlette/middleware/base.py", line 144, in coro
    await self.app(scope, receive_or_disconnect, send_no_error)
  File "/usr/local/lib/python3.12/site-packages/starlette/middleware/exceptions.py", line 63, in __call__
    await wrap_app_handling_exceptions(self.app, conn)(scope, receive, send)
  File "/usr/local/lib/python3.12/site-packages/starlette/_exception_handler.py", line 53, in wrapped_app
    raise exc
  File "/usr/local/lib/python3.12/site-packages/starlette/_exception_handler.py", line 42, in wrapped_app
    await app(scope, receive, sender)
  File "/usr/local/lib/python3.12/site-packages/starlette/routing.py", line 716, in __call__
    await self.middleware_stack(scope, receive, send)
  File "/usr/local/lib/python3.12/site-packages/starlette/routing.py", line 736, in app
    await route.handle(scope, receive, send)
  File "/usr/local/lib/python3.12/site-packages/starlette/routing.py", line 290, in handle
    await self.app(scope, receive, send)
  File "/usr/local/lib/python3.12/site-packages/starlette/routing.py", line 78, in app
    await wrap_app_handling_exceptions(app, request)(scope, receive, send)
  File "/usr/local/lib/python3.12/site-packages/starlette/_exception_handler.py", line 53, in wrapped_app
    raise exc
  File "/usr/local/lib/python3.12/site-packages/starlette/_exception_handler.py", line 42, in wrapped_app
    await app(scope, receive, sender)
  File "/usr/local/lib/python3.12/site-packages/starlette/routing.py", line 75, in app
    response = await f(request)
               ^^^^^^^^^^^^^^^^
  File "/usr/local/lib/python3.12/site-packages/fastapi/routing.py", line 302, in app
    raw_response = await run_endpoint_function(
                   ^^^^^^^^^^^^^^^^^^^^^^^^^^^^
  File "/usr/local/lib/python3.12/site-packages/fastapi/routing.py", line 213, in run_endpoint_function
    return await dependant.call(**values)
           ^^^^^^^^^^^^^^^^^^^^^^^^^^^^^^
  File "/app/app/api/routes/orders.py", line 55, in create_order_endpoint
    order = await create_order(db, current_user, payload)
            ^^^^^^^^^^^^^^^^^^^^^^^^^^^^^^^^^^^^^^^^^^^^^
  File "/app/app/services/order_service.py", line 308, in create_order
    {'attempt': attempt + 1, 'actor_user_id': str(user.id)},
                                                  ^^^^^^^
  File "/usr/local/lib/python3.12/site-packages/sqlalchemy/orm/attributes.py", line 569, in __get__
    return self.impl.get(state, dict_)  # type: ignore[no-any-return]
           ^^^^^^^^^^^^^^^^^^^^^^^^^^^
  File "/usr/local/lib/python3.12/site-packages/sqlalchemy/orm/attributes.py", line 1096, in get
    value = self._fire_loader_callables(state, key, passive)
            ^^^^^^^^^^^^^^^^^^^^^^^^^^^^^^^^^^^^^^^^^^^^^^^^
  File "/usr/local/lib/python3.12/site-packages/sqlalchemy/orm/attributes.py", line 1126, in _fire_loader_callables
    return state._load_expired(state, passive)
           ^^^^^^^^^^^^^^^^^^^^^^^^^^^^^^^^^^^
  File "/usr/local/lib/python3.12/site-packages/sqlalchemy/orm/state.py", line 803, in _load_expired
    self.manager.expired_attribute_loader(self, toload, passive)
  File "/usr/local/lib/python3.12/site-packages/sqlalchemy/orm/loading.py", line 1674, in load_scalar_attributes
    result = load_on_ident(
             ^^^^^^^^^^^^^^
  File "/usr/local/lib/python3.12/site-packages/sqlalchemy/orm/loading.py", line 510, in load_on_ident
    return load_on_pk_identity(
           ^^^^^^^^^^^^^^^^^^^^
INFO:     172.19.0.1:48528 - "POST /orders HTTP/1.1" 500 Internal Server Error
  File "/usr/local/lib/python3.12/site-packages/sqlalchemy/orm/loading.py", line 695, in load_on_pk_identity
    session.execute(
  File "/usr/local/lib/python3.12/site-packages/sqlalchemy/orm/session.py", line 2365, in execute
    return self._execute_internal(
           ^^^^^^^^^^^^^^^^^^^^^^^
  File "/usr/local/lib/python3.12/site-packages/sqlalchemy/orm/session.py", line 2241, in _execute_internal
    conn = self._connection_for_bind(bind)
           ^^^^^^^^^^^^^^^^^^^^^^^^^^^^^^^
  File "/usr/local/lib/python3.12/site-packages/sqlalchemy/orm/session.py", line 2110, in _connection_for_bind
    return trans._connection_for_bind(engine, execution_options)
           ^^^^^^^^^^^^^^^^^^^^^^^^^^^^^^^^^^^^^^^^^^^^^^^^^^^^^
  File "<string>", line 2, in _connection_for_bind
  File "/usr/local/lib/python3.12/site-packages/sqlalchemy/orm/state_changes.py", line 137, in _go
    ret_value = fn(self, *arg, **kw)
                ^^^^^^^^^^^^^^^^^^^^
  File "/usr/local/lib/python3.12/site-packages/sqlalchemy/orm/session.py", line 1189, in _connection_for_bind
    conn = bind.connect()
           ^^^^^^^^^^^^^^
  File "/usr/local/lib/python3.12/site-packages/sqlalchemy/engine/base.py", line 3277, in connect
    return self._connection_cls(self)
           ^^^^^^^^^^^^^^^^^^^^^^^^^^
  File "/usr/local/lib/python3.12/site-packages/sqlalchemy/engine/base.py", line 143, in __init__
    self._dbapi_connection = engine.raw_connection()
                             ^^^^^^^^^^^^^^^^^^^^^^^
  File "/usr/local/lib/python3.12/site-packages/sqlalchemy/engine/base.py", line 3301, in raw_connection
    return self.pool.connect()
           ^^^^^^^^^^^^^^^^^^^
  File "/usr/local/lib/python3.12/site-packages/sqlalchemy/pool/base.py", line 447, in connect
    return _ConnectionFairy._checkout(self)
           ^^^^^^^^^^^^^^^^^^^^^^^^^^^^^^^^
  File "/usr/local/lib/python3.12/site-packages/sqlalchemy/pool/base.py", line 1363, in _checkout
    with util.safe_reraise():
         ^^^^^^^^^^^^^^^^^^^
  File "/usr/local/lib/python3.12/site-packages/sqlalchemy/util/langhelpers.py", line 224, in __exit__
    raise exc_value.with_traceback(exc_tb)
  File "/usr/local/lib/python3.12/site-packages/sqlalchemy/pool/base.py", line 1301, in _checkout
    result = pool._dialect._do_ping_w_event(
             ^^^^^^^^^^^^^^^^^^^^^^^^^^^^^^^
  File "/usr/local/lib/python3.12/site-packages/sqlalchemy/engine/default.py", line 728, in _do_ping_w_event
    return self.do_ping(dbapi_connection)
           ^^^^^^^^^^^^^^^^^^^^^^^^^^^^^^
  File "/usr/local/lib/python3.12/site-packages/sqlalchemy/dialects/postgresql/asyncpg.py", line 1169, in do_ping
    dbapi_connection.ping()
  File "/usr/local/lib/python3.12/site-packages/sqlalchemy/dialects/postgresql/asyncpg.py", line 813, in ping
    self._handle_exception(error)
  File "/usr/local/lib/python3.12/site-packages/sqlalchemy/dialects/postgresql/asyncpg.py", line 794, in 
_handle_exception
    raise error
  File "/usr/local/lib/python3.12/site-packages/sqlalchemy/dialects/postgresql/asyncpg.py", line 811, in ping
    _ = self.await_(self._async_ping())
        ^^^^^^^^^^^^^^^^^^^^^^^^^^^^^^^
  File "/usr/local/lib/python3.12/site-packages/sqlalchemy/util/_concurrency_py3k.py", line 123, in await_only
    raise exc.MissingGreenlet(
sqlalchemy.exc.MissingGreenlet: greenlet_spawn has not been called; can't call await_only() here. Was IO attempted in 
an unexpected place? (Background on this error at: https://sqlalche.me/e/20/xd2s)
ERROR:    Exception in ASGI application
  + Exception Group Traceback (most recent call last):
  |   File "/usr/local/lib/python3.12/site-packages/starlette/_utils.py", line 79, in collapse_excgroups
  |     yield
  |   File "/usr/local/lib/python3.12/site-packages/starlette/middleware/base.py", line 183, in __call__
  |     async with anyio.create_task_group() as task_group:
  |                ^^^^^^^^^^^^^^^^^^^^^^^^^
  |   File "/usr/local/lib/python3.12/site-packages/anyio/_backends/_asyncio.py", line 783, in __aexit__
  |     raise BaseExceptionGroup(
  | ExceptionGroup: unhandled errors in a TaskGroup (1 sub-exception)
  +-+---------------- 1 ----------------
    | Traceback (most recent call last):
    |   File "/usr/local/lib/python3.12/site-packages/uvicorn/protocols/http/httptools_impl.py", line 409, in run_asgi
    |     result = await app(  # type: ignore[func-returns-value]
    |              ^^^^^^^^^^^^^^^^^^^^^^^^^^^^^^^^^^^^^^^^^^^^^^
    |   File "/usr/local/lib/python3.12/site-packages/uvicorn/middleware/proxy_headers.py", line 60, in __call__
    |     return await self.app(scope, receive, send)
    |            ^^^^^^^^^^^^^^^^^^^^^^^^^^^^^^^^^^^^
    |   File "/usr/local/lib/python3.12/site-packages/fastapi/applications.py", line 1054, in __call__
    |     await super().__call__(scope, receive, send)
    |   File "/usr/local/lib/python3.12/site-packages/starlette/applications.py", line 113, in __call__
    |     await self.middleware_stack(scope, receive, send)
    |   File "/usr/local/lib/python3.12/site-packages/starlette/middleware/errors.py", line 186, in __call__
    |     raise exc
    |   File "/usr/local/lib/python3.12/site-packages/starlette/middleware/errors.py", line 164, in __call__
    |     await self.app(scope, receive, _send)
    |   File "/usr/local/lib/python3.12/site-packages/starlette/middleware/base.py", line 182, in __call__
    |     with recv_stream, send_stream, collapse_excgroups():
    |                                    ^^^^^^^^^^^^^^^^^^^^
    |   File "/usr/local/lib/python3.12/contextlib.py", line 158, in __exit__
    |     self.gen.throw(value)
    |   File "/usr/local/lib/python3.12/site-packages/starlette/_utils.py", line 85, in collapse_excgroups
    |     raise exc
    |   File "/usr/local/lib/python3.12/site-packages/starlette/middleware/base.py", line 184, in __call__
    |     response = await self.dispatch_func(request, call_next)
    |                ^^^^^^^^^^^^^^^^^^^^^^^^^^^^^^^^^^^^^^^^^^^^
    |   File "/app/app/main.py", line 35, in request_context_middleware
    |     response = await call_next(request)
    |                ^^^^^^^^^^^^^^^^^^^^^^^^
    |   File "/usr/local/lib/python3.12/site-packages/starlette/middleware/base.py", line 159, in call_next
    |     raise app_exc
    |   File "/usr/local/lib/python3.12/site-packages/starlette/middleware/base.py", line 144, in coro
    |     await self.app(scope, receive_or_disconnect, send_no_error)
    |   File "/usr/local/lib/python3.12/site-packages/starlette/middleware/exceptions.py", line 63, in __call__
    |     await wrap_app_handling_exceptions(self.app, conn)(scope, receive, send)
    |   File "/usr/local/lib/python3.12/site-packages/starlette/_exception_handler.py", line 53, in wrapped_app
    |     raise exc
    |   File "/usr/local/lib/python3.12/site-packages/starlette/_exception_handler.py", line 42, in wrapped_app
    |     await app(scope, receive, sender)
    |   File "/usr/local/lib/python3.12/site-packages/starlette/routing.py", line 716, in __call__
    |     await self.middleware_stack(scope, receive, send)
    |   File "/usr/local/lib/python3.12/site-packages/starlette/routing.py", line 736, in app
    |     await route.handle(scope, receive, send)
    |   File "/usr/local/lib/python3.12/site-packages/starlette/routing.py", line 290, in handle
    |     await self.app(scope, receive, send)
    |   File "/usr/local/lib/python3.12/site-packages/starlette/routing.py", line 78, in app
    |     await wrap_app_handling_exceptions(app, request)(scope, receive, send)
    |   File "/usr/local/lib/python3.12/site-packages/starlette/_exception_handler.py", line 53, in wrapped_app
    |     raise exc
    |   File "/usr/local/lib/python3.12/site-packages/starlette/_exception_handler.py", line 42, in wrapped_app
    |     await app(scope, receive, sender)
    |   File "/usr/local/lib/python3.12/site-packages/starlette/routing.py", line 75, in app
    |     response = await f(request)
    |                ^^^^^^^^^^^^^^^^
    |   File "/usr/local/lib/python3.12/site-packages/fastapi/routing.py", line 302, in app
    |     raw_response = await run_endpoint_function(
    |                    ^^^^^^^^^^^^^^^^^^^^^^^^^^^^
    |   File "/usr/local/lib/python3.12/site-packages/fastapi/routing.py", line 213, in run_endpoint_function
    |     return await dependant.call(**values)
    |            ^^^^^^^^^^^^^^^^^^^^^^^^^^^^^^
    |   File "/app/app/api/routes/orders.py", line 55, in create_order_endpoint
    |     order = await create_order(db, current_user, payload)
    |             ^^^^^^^^^^^^^^^^^^^^^^^^^^^^^^^^^^^^^^^^^^^^^
    |   File "/app/app/services/order_service.py", line 308, in create_order
    |     {'attempt': attempt + 1, 'actor_user_id': str(user.id)},
    |                                                   ^^^^^^^
    |   File "/usr/local/lib/python3.12/site-packages/sqlalchemy/orm/attributes.py", line 569, in __get__
    |     return self.impl.get(state, dict_)  # type: ignore[no-any-return]
    |            ^^^^^^^^^^^^^^^^^^^^^^^^^^^
    |   File "/usr/local/lib/python3.12/site-packages/sqlalchemy/orm/attributes.py", line 1096, in get
    |     value = self._fire_loader_callables(state, key, passive)
    |             ^^^^^^^^^^^^^^^^^^^^^^^^^^^^^^^^^^^^^^^^^^^^^^^^
    |   File "/usr/local/lib/python3.12/site-packages/sqlalchemy/orm/attributes.py", line 1126, in 
_fire_loader_callables
    |     return state._load_expired(state, passive)
    |            ^^^^^^^^^^^^^^^^^^^^^^^^^^^^^^^^^^^
    |   File "/usr/local/lib/python3.12/site-packages/sqlalchemy/orm/state.py", line 803, in _load_expired
    |     self.manager.expired_attribute_loader(self, toload, passive)
    |   File "/usr/local/lib/python3.12/site-packages/sqlalchemy/orm/loading.py", line 1674, in load_scalar_attributes
    |     result = load_on_ident(
    |              ^^^^^^^^^^^^^^
    |   File "/usr/local/lib/python3.12/site-packages/sqlalchemy/orm/loading.py", line 510, in load_on_ident
    |     return load_on_pk_identity(
    |            ^^^^^^^^^^^^^^^^^^^^
    |   File "/usr/local/lib/python3.12/site-packages/sqlalchemy/orm/loading.py", line 695, in load_on_pk_identity
    |     session.execute(
    |   File "/usr/local/lib/python3.12/site-packages/sqlalchemy/orm/session.py", line 2365, in execute
    |     return self._execute_internal(
    |            ^^^^^^^^^^^^^^^^^^^^^^^
    |   File "/usr/local/lib/python3.12/site-packages/sqlalchemy/orm/session.py", line 2241, in _execute_internal
    |     conn = self._connection_for_bind(bind)
    |            ^^^^^^^^^^^^^^^^^^^^^^^^^^^^^^^
    |   File "/usr/local/lib/python3.12/site-packages/sqlalchemy/orm/session.py", line 2110, in _connection_for_bind
    |     return trans._connection_for_bind(engine, execution_options)
    |            ^^^^^^^^^^^^^^^^^^^^^^^^^^^^^^^^^^^^^^^^^^^^^^^^^^^^^
    |   File "<string>", line 2, in _connection_for_bind
    |   File "/usr/local/lib/python3.12/site-packages/sqlalchemy/orm/state_changes.py", line 137, in _go
    |     ret_value = fn(self, *arg, **kw)
    |                 ^^^^^^^^^^^^^^^^^^^^
    |   File "/usr/local/lib/python3.12/site-packages/sqlalchemy/orm/session.py", line 1189, in _connection_for_bind
    |     conn = bind.connect()
    |            ^^^^^^^^^^^^^^
    |   File "/usr/local/lib/python3.12/site-packages/sqlalchemy/engine/base.py", line 3277, in connect
    |     return self._connection_cls(self)
    |            ^^^^^^^^^^^^^^^^^^^^^^^^^^
    |   File "/usr/local/lib/python3.12/site-packages/sqlalchemy/engine/base.py", line 143, in __init__
    |     self._dbapi_connection = engine.raw_connection()
    |                              ^^^^^^^^^^^^^^^^^^^^^^^
    |   File "/usr/local/lib/python3.12/site-packages/sqlalchemy/engine/base.py", line 3301, in raw_connection
    |     return self.pool.connect()
    |            ^^^^^^^^^^^^^^^^^^^
    |   File "/usr/local/lib/python3.12/site-packages/sqlalchemy/pool/base.py", line 447, in connect
    |     return _ConnectionFairy._checkout(self)
    |            ^^^^^^^^^^^^^^^^^^^^^^^^^^^^^^^^
    |   File "/usr/local/lib/python3.12/site-packages/sqlalchemy/pool/base.py", line 1363, in _checkout
    |     with util.safe_reraise():
    |          ^^^^^^^^^^^^^^^^^^^
    |   File "/usr/local/lib/python3.12/site-packages/sqlalchemy/util/langhelpers.py", line 224, in __exit__
    |     raise exc_value.with_traceback(exc_tb)
    |   File "/usr/local/lib/python3.12/site-packages/sqlalchemy/pool/base.py", line 1301, in _checkout
    |     result = pool._dialect._do_ping_w_event(
    |              ^^^^^^^^^^^^^^^^^^^^^^^^^^^^^^^
    |   File "/usr/local/lib/python3.12/site-packages/sqlalchemy/engine/default.py", line 728, in _do_ping_w_event
    |     return self.do_ping(dbapi_connection)
    |            ^^^^^^^^^^^^^^^^^^^^^^^^^^^^^^
    |   File "/usr/local/lib/python3.12/site-packages/sqlalchemy/dialects/postgresql/asyncpg.py", line 1169, in do_ping
    |     dbapi_connection.ping()
    |   File "/usr/local/lib/python3.12/site-packages/sqlalchemy/dialects/postgresql/asyncpg.py", line 813, in ping
    |     self._handle_exception(error)
    |   File "/usr/local/lib/python3.12/site-packages/sqlalchemy/dialects/postgresql/asyncpg.py", line 794, in 
_handle_exception
    |     raise error
    |   File "/usr/local/lib/python3.12/site-packages/sqlalchemy/dialects/postgresql/asyncpg.py", line 811, in ping
    |     _ = self.await_(self._async_ping())
    |         ^^^^^^^^^^^^^^^^^^^^^^^^^^^^^^^
    |   File "/usr/local/lib/python3.12/site-packages/sqlalchemy/util/_concurrency_py3k.py", line 123, in await_only
    |     raise exc.MissingGreenlet(
    | sqlalchemy.exc.MissingGreenlet: greenlet_spawn has not been called; can't call await_only() here. Was IO 
attempted in an unexpected place? (Background on this error at: https://sqlalche.me/e/20/xd2s)
    +------------------------------------

During handling of the above exception, another exception occurred:

Traceback (most recent call last):
  File "/usr/local/lib/python3.12/site-packages/uvicorn/protocols/http/httptools_impl.py", line 409, in run_asgi
    result = await app(  # type: ignore[func-returns-value]
             ^^^^^^^^^^^^^^^^^^^^^^^^^^^^^^^^^^^^^^^^^^^^^^
  File "/usr/local/lib/python3.12/site-packages/uvicorn/middleware/proxy_headers.py", line 60, in __call__
    return await self.app(scope, receive, send)
           ^^^^^^^^^^^^^^^^^^^^^^^^^^^^^^^^^^^^
  File "/usr/local/lib/python3.12/site-packages/fastapi/applications.py", line 1054, in __call__
    await super().__call__(scope, receive, send)
  File "/usr/local/lib/python3.12/site-packages/starlette/applications.py", line 113, in __call__
    await self.middleware_stack(scope, receive, send)
  File "/usr/local/lib/python3.12/site-packages/starlette/middleware/errors.py", line 186, in __call__
    raise exc
  File "/usr/local/lib/python3.12/site-packages/starlette/middleware/errors.py", line 164, in __call__
    await self.app(scope, receive, _send)
  File "/usr/local/lib/python3.12/site-packages/starlette/middleware/base.py", line 182, in __call__
    with recv_stream, send_stream, collapse_excgroups():
                                   ^^^^^^^^^^^^^^^^^^^^
  File "/usr/local/lib/python3.12/contextlib.py", line 158, in __exit__
    self.gen.throw(value)
  File "/usr/local/lib/python3.12/site-packages/starlette/_utils.py", line 85, in collapse_excgroups
    raise exc
  File "/usr/local/lib/python3.12/site-packages/starlette/middleware/base.py", line 184, in __call__
    response = await self.dispatch_func(request, call_next)
               ^^^^^^^^^^^^^^^^^^^^^^^^^^^^^^^^^^^^^^^^^^^^
  File "/app/app/main.py", line 35, in request_context_middleware
    response = await call_next(request)
               ^^^^^^^^^^^^^^^^^^^^^^^^
  File "/usr/local/lib/python3.12/site-packages/starlette/middleware/base.py", line 159, in call_next
    raise app_exc
  File "/usr/local/lib/python3.12/site-packages/starlette/middleware/base.py", line 144, in coro
    await self.app(scope, receive_or_disconnect, send_no_error)
  File "/usr/local/lib/python3.12/site-packages/starlette/middleware/exceptions.py", line 63, in __call__
    await wrap_app_handling_exceptions(self.app, conn)(scope, receive, send)
  File "/usr/local/lib/python3.12/site-packages/starlette/_exception_handler.py", line 53, in wrapped_app
    raise exc
  File "/usr/local/lib/python3.12/site-packages/starlette/_exception_handler.py", line 42, in wrapped_app
    await app(scope, receive, sender)
  File "/usr/local/lib/python3.12/site-packages/starlette/routing.py", line 716, in __call__
    await self.middleware_stack(scope, receive, send)
  File "/usr/local/lib/python3.12/site-packages/starlette/routing.py", line 736, in app
    await route.handle(scope, receive, send)
  File "/usr/local/lib/python3.12/site-packages/starlette/routing.py", line 290, in handle
    await self.app(scope, receive, send)
  File "/usr/local/lib/python3.12/site-packages/starlette/routing.py", line 78, in app
    await wrap_app_handling_exceptions(app, request)(scope, receive, send)
  File "/usr/local/lib/python3.12/site-packages/starlette/_exception_handler.py", line 53, in wrapped_app
    raise exc
  File "/usr/local/lib/python3.12/site-packages/starlette/_exception_handler.py", line 42, in wrapped_app
    await app(scope, receive, sender)
  File "/usr/local/lib/python3.12/site-packages/starlette/routing.py", line 75, in app
    response = await f(request)
               ^^^^^^^^^^^^^^^^
  File "/usr/local/lib/python3.12/site-packages/fastapi/routing.py", line 302, in app
    raw_response = await run_endpoint_function(
                   ^^^^^^^^^^^^^^^^^^^^^^^^^^^^
  File "/usr/local/lib/python3.12/site-packages/fastapi/routing.py", line 213, in run_endpoint_function
    return await dependant.call(**values)
           ^^^^^^^^^^^^^^^^^^^^^^^^^^^^^^
  File "/app/app/api/routes/orders.py", line 55, in create_order_endpoint
    order = await create_order(db, current_user, payload)
            ^^^^^^^^^^^^^^^^^^^^^^^^^^^^^^^^^^^^^^^^^^^^^
  File "/app/app/services/order_service.py", line 308, in create_order
    {'attempt': attempt + 1, 'actor_user_id': str(user.id)},
                                                  ^^^^^^^
  File "/usr/local/lib/python3.12/site-packages/sqlalchemy/orm/attributes.py", line 569, in __get__
    return self.impl.get(state, dict_)  # type: ignore[no-any-return]
           ^^^^^^^^^^^^^^^^^^^^^^^^^^^
  File "/usr/local/lib/python3.12/site-packages/sqlalchemy/orm/attributes.py", line 1096, in get
    value = self._fire_loader_callables(state, key, passive)
            ^^^^^^^^^^^^^^^^^^^^^^^^^^^^^^^^^^^^^^^^^^^^^^^^
  File "/usr/local/lib/python3.12/site-packages/sqlalchemy/orm/attributes.py", line 1126, in _fire_loader_callables
    return state._load_expired(state, passive)
           ^^^^^^^^^^^^^^^^^^^^^^^^^^^^^^^^^^^
  File "/usr/local/lib/python3.12/site-packages/sqlalchemy/orm/state.py", line 803, in _load_expired
    self.manager.expired_attribute_loader(self, toload, passive)
  File "/usr/local/lib/python3.12/site-packages/sqlalchemy/orm/loading.py", line 1674, in load_scalar_attributes
    result = load_on_ident(
             ^^^^^^^^^^^^^^
  File "/usr/local/lib/python3.12/site-packages/sqlalchemy/orm/loading.py", line 510, in load_on_ident
    return load_on_pk_identity(
           ^^^^^^^^^^^^^^^^^^^^
  File "/usr/local/lib/python3.12/site-packages/sqlalchemy/orm/loading.py", line 695, in load_on_pk_identity
    session.execute(
  File "/usr/local/lib/python3.12/site-packages/sqlalchemy/orm/session.py", line 2365, in execute
    return self._execute_internal(
           ^^^^^^^^^^^^^^^^^^^^^^^
INFO:     172.19.0.1:48518 - "POST /orders HTTP/1.1" 500 Internal Server Error
  File "/usr/local/lib/python3.12/site-packages/sqlalchemy/orm/session.py", line 2241, in _execute_internal
    conn = self._connection_for_bind(bind)
           ^^^^^^^^^^^^^^^^^^^^^^^^^^^^^^^
  File "/usr/local/lib/python3.12/site-packages/sqlalchemy/orm/session.py", line 2110, in _connection_for_bind
    return trans._connection_for_bind(engine, execution_options)
           ^^^^^^^^^^^^^^^^^^^^^^^^^^^^^^^^^^^^^^^^^^^^^^^^^^^^^
  File "<string>", line 2, in _connection_for_bind
  File "/usr/local/lib/python3.12/site-packages/sqlalchemy/orm/state_changes.py", line 137, in _go
    ret_value = fn(self, *arg, **kw)
                ^^^^^^^^^^^^^^^^^^^^
  File "/usr/local/lib/python3.12/site-packages/sqlalchemy/orm/session.py", line 1189, in _connection_for_bind
    conn = bind.connect()
           ^^^^^^^^^^^^^^
  File "/usr/local/lib/python3.12/site-packages/sqlalchemy/engine/base.py", line 3277, in connect
    return self._connection_cls(self)
           ^^^^^^^^^^^^^^^^^^^^^^^^^^
  File "/usr/local/lib/python3.12/site-packages/sqlalchemy/engine/base.py", line 143, in __init__
    self._dbapi_connection = engine.raw_connection()
                             ^^^^^^^^^^^^^^^^^^^^^^^
  File "/usr/local/lib/python3.12/site-packages/sqlalchemy/engine/base.py", line 3301, in raw_connection
    return self.pool.connect()
           ^^^^^^^^^^^^^^^^^^^
  File "/usr/local/lib/python3.12/site-packages/sqlalchemy/pool/base.py", line 447, in connect
    return _ConnectionFairy._checkout(self)
           ^^^^^^^^^^^^^^^^^^^^^^^^^^^^^^^^
  File "/usr/local/lib/python3.12/site-packages/sqlalchemy/pool/base.py", line 1363, in _checkout
    with util.safe_reraise():
         ^^^^^^^^^^^^^^^^^^^
  File "/usr/local/lib/python3.12/site-packages/sqlalchemy/util/langhelpers.py", line 224, in __exit__
    raise exc_value.with_traceback(exc_tb)
  File "/usr/local/lib/python3.12/site-packages/sqlalchemy/pool/base.py", line 1301, in _checkout
    result = pool._dialect._do_ping_w_event(
             ^^^^^^^^^^^^^^^^^^^^^^^^^^^^^^^
  File "/usr/local/lib/python3.12/site-packages/sqlalchemy/engine/default.py", line 728, in _do_ping_w_event
    return self.do_ping(dbapi_connection)
           ^^^^^^^^^^^^^^^^^^^^^^^^^^^^^^
  File "/usr/local/lib/python3.12/site-packages/sqlalchemy/dialects/postgresql/asyncpg.py", line 1169, in do_ping
    dbapi_connection.ping()
  File "/usr/local/lib/python3.12/site-packages/sqlalchemy/dialects/postgresql/asyncpg.py", line 813, in ping
    self._handle_exception(error)
  File "/usr/local/lib/python3.12/site-packages/sqlalchemy/dialects/postgresql/asyncpg.py", line 794, in 
_handle_exception
    raise error
  File "/usr/local/lib/python3.12/site-packages/sqlalchemy/dialects/postgresql/asyncpg.py", line 811, in ping
    _ = self.await_(self._async_ping())
        ^^^^^^^^^^^^^^^^^^^^^^^^^^^^^^^
  File "/usr/local/lib/python3.12/site-packages/sqlalchemy/util/_concurrency_py3k.py", line 123, in await_only
    raise exc.MissingGreenlet(
sqlalchemy.exc.MissingGreenlet: greenlet_spawn has not been called; can't call await_only() here. Was IO attempted in 
an unexpected place? (Background on this error at: https://sqlalche.me/e/20/xd2s)
{"ts": "2026-03-17T23:47:07.258641+00:00", "level": "ERROR", "logger": "app.main", "message": "http.request_failed", 
"event": "http.request_failed", "method": "POST", "path": "/orders", "status_code": 500, "elapsed_ms": 290.56, 
"request_id": "79322b00-054e-46bb-8ba3-da52bfef9716"}
{"ts": "2026-03-17T23:47:07.258846+00:00", "level": "ERROR", "logger": "app.main", "message": "http.request_failed", 
"event": "http.request_failed", "method": "POST", "path": "/orders", "status_code": 500, "elapsed_ms": 290.06, 
"request_id": "1e815273-a5f9-4123-9dd9-5aecaa5719d2"}
ERROR:    Exception in ASGI application
  + Exception Group Traceback (most recent call last):
  |   File "/usr/local/lib/python3.12/site-packages/starlette/_utils.py", line 79, in collapse_excgroups
  |     yield
  |   File "/usr/local/lib/python3.12/site-packages/starlette/middleware/base.py", line 183, in __call__
  |     async with anyio.create_task_group() as task_group:
  |                ^^^^^^^^^^^^^^^^^^^^^^^^^
  |   File "/usr/local/lib/python3.12/site-packages/anyio/_backends/_asyncio.py", line 783, in __aexit__
  |     raise BaseExceptionGroup(
  | ExceptionGroup: unhandled errors in a TaskGroup (1 sub-exception)
  +-+---------------- 1 ----------------
    | Traceback (most recent call last):
    |   File "/usr/local/lib/python3.12/site-packages/uvicorn/protocols/http/httptools_impl.py", line 409, in run_asgi
    |     result = await app(  # type: ignore[func-returns-value]
    |              ^^^^^^^^^^^^^^^^^^^^^^^^^^^^^^^^^^^^^^^^^^^^^^
    |   File "/usr/local/lib/python3.12/site-packages/uvicorn/middleware/proxy_headers.py", line 60, in __call__
    |     return await self.app(scope, receive, send)
    |            ^^^^^^^^^^^^^^^^^^^^^^^^^^^^^^^^^^^^
    |   File "/usr/local/lib/python3.12/site-packages/fastapi/applications.py", line 1054, in __call__
    |     await super().__call__(scope, receive, send)
    |   File "/usr/local/lib/python3.12/site-packages/starlette/applications.py", line 113, in __call__
    |     await self.middleware_stack(scope, receive, send)
    |   File "/usr/local/lib/python3.12/site-packages/starlette/middleware/errors.py", line 186, in __call__
    |     raise exc
    |   File "/usr/local/lib/python3.12/site-packages/starlette/middleware/errors.py", line 164, in __call__
    |     await self.app(scope, receive, _send)
    |   File "/usr/local/lib/python3.12/site-packages/starlette/middleware/base.py", line 182, in __call__
    |     with recv_stream, send_stream, collapse_excgroups():
    |                                    ^^^^^^^^^^^^^^^^^^^^
    |   File "/usr/local/lib/python3.12/contextlib.py", line 158, in __exit__
    |     self.gen.throw(value)
    |   File "/usr/local/lib/python3.12/site-packages/starlette/_utils.py", line 85, in collapse_excgroups
    |     raise exc
    |   File "/usr/local/lib/python3.12/site-packages/starlette/middleware/base.py", line 184, in __call__
    |     response = await self.dispatch_func(request, call_next)
    |                ^^^^^^^^^^^^^^^^^^^^^^^^^^^^^^^^^^^^^^^^^^^^
    |   File "/app/app/main.py", line 35, in request_context_middleware
    |     response = await call_next(request)
    |                ^^^^^^^^^^^^^^^^^^^^^^^^
    |   File "/usr/local/lib/python3.12/site-packages/starlette/middleware/base.py", line 159, in call_next
    |     raise app_exc
    |   File "/usr/local/lib/python3.12/site-packages/starlette/middleware/base.py", line 144, in coro
    |     await self.app(scope, receive_or_disconnect, send_no_error)
    |   File "/usr/local/lib/python3.12/site-packages/starlette/middleware/exceptions.py", line 63, in __call__
    |     await wrap_app_handling_exceptions(self.app, conn)(scope, receive, send)
    |   File "/usr/local/lib/python3.12/site-packages/starlette/_exception_handler.py", line 53, in wrapped_app
    |     raise exc
    |   File "/usr/local/lib/python3.12/site-packages/starlette/_exception_handler.py", line 42, in wrapped_app
    |     await app(scope, receive, sender)
    |   File "/usr/local/lib/python3.12/site-packages/starlette/routing.py", line 716, in __call__
    |     await self.middleware_stack(scope, receive, send)
    |   File "/usr/local/lib/python3.12/site-packages/starlette/routing.py", line 736, in app
    |     await route.handle(scope, receive, send)
    |   File "/usr/local/lib/python3.12/site-packages/starlette/routing.py", line 290, in handle
    |     await self.app(scope, receive, send)
    |   File "/usr/local/lib/python3.12/site-packages/starlette/routing.py", line 78, in app
    |     await wrap_app_handling_exceptions(app, request)(scope, receive, send)
    |   File "/usr/local/lib/python3.12/site-packages/starlette/_exception_handler.py", line 53, in wrapped_app
    |     raise exc
    |   File "/usr/local/lib/python3.12/site-packages/starlette/_exception_handler.py", line 42, in wrapped_app
    |     await app(scope, receive, sender)
    |   File "/usr/local/lib/python3.12/site-packages/starlette/routing.py", line 75, in app
    |     response = await f(request)
    |                ^^^^^^^^^^^^^^^^
    |   File "/usr/local/lib/python3.12/site-packages/fastapi/routing.py", line 302, in app
    |     raw_response = await run_endpoint_function(
    |                    ^^^^^^^^^^^^^^^^^^^^^^^^^^^^
    |   File "/usr/local/lib/python3.12/site-packages/fastapi/routing.py", line 213, in run_endpoint_function
    |     return await dependant.call(**values)
    |            ^^^^^^^^^^^^^^^^^^^^^^^^^^^^^^
    |   File "/app/app/api/routes/orders.py", line 55, in create_order_endpoint
    |     order = await create_order(db, current_user, payload)
    |             ^^^^^^^^^^^^^^^^^^^^^^^^^^^^^^^^^^^^^^^^^^^^^
    |   File "/app/app/services/order_service.py", line 308, in create_order
    |     {'attempt': attempt + 1, 'actor_user_id': str(user.id)},
    |                                                   ^^^^^^^
    |   File "/usr/local/lib/python3.12/site-packages/sqlalchemy/orm/attributes.py", line 569, in __get__
    |     return self.impl.get(state, dict_)  # type: ignore[no-any-return]
    |            ^^^^^^^^^^^^^^^^^^^^^^^^^^^
    |   File "/usr/local/lib/python3.12/site-packages/sqlalchemy/orm/attributes.py", line 1096, in get
    |     value = self._fire_loader_callables(state, key, passive)
    |             ^^^^^^^^^^^^^^^^^^^^^^^^^^^^^^^^^^^^^^^^^^^^^^^^
    |   File "/usr/local/lib/python3.12/site-packages/sqlalchemy/orm/attributes.py", line 1126, in 
_fire_loader_callables
    |     return state._load_expired(state, passive)
    |            ^^^^^^^^^^^^^^^^^^^^^^^^^^^^^^^^^^^
    |   File "/usr/local/lib/python3.12/site-packages/sqlalchemy/orm/state.py", line 803, in _load_expired
    |     self.manager.expired_attribute_loader(self, toload, passive)
    |   File "/usr/local/lib/python3.12/site-packages/sqlalchemy/orm/loading.py", line 1674, in load_scalar_attributes
    |     result = load_on_ident(
    |              ^^^^^^^^^^^^^^
    |   File "/usr/local/lib/python3.12/site-packages/sqlalchemy/orm/loading.py", line 510, in load_on_ident
    |     return load_on_pk_identity(
    |            ^^^^^^^^^^^^^^^^^^^^
    |   File "/usr/local/lib/python3.12/site-packages/sqlalchemy/orm/loading.py", line 695, in load_on_pk_identity
    |     session.execute(
    |   File "/usr/local/lib/python3.12/site-packages/sqlalchemy/orm/session.py", line 2365, in execute
    |     return self._execute_internal(
    |            ^^^^^^^^^^^^^^^^^^^^^^^
    |   File "/usr/local/lib/python3.12/site-packages/sqlalchemy/orm/session.py", line 2241, in _execute_internal
    |     conn = self._connection_for_bind(bind)
    |            ^^^^^^^^^^^^^^^^^^^^^^^^^^^^^^^
    |   File "/usr/local/lib/python3.12/site-packages/sqlalchemy/orm/session.py", line 2110, in _connection_for_bind
    |     return trans._connection_for_bind(engine, execution_options)
    |            ^^^^^^^^^^^^^^^^^^^^^^^^^^^^^^^^^^^^^^^^^^^^^^^^^^^^^
    |   File "<string>", line 2, in _connection_for_bind
    |   File "/usr/local/lib/python3.12/site-packages/sqlalchemy/orm/state_changes.py", line 137, in _go
    |     ret_value = fn(self, *arg, **kw)
    |                 ^^^^^^^^^^^^^^^^^^^^
    |   File "/usr/local/lib/python3.12/site-packages/sqlalchemy/orm/session.py", line 1189, in _connection_for_bind
    |     conn = bind.connect()
    |            ^^^^^^^^^^^^^^
    |   File "/usr/local/lib/python3.12/site-packages/sqlalchemy/engine/base.py", line 3277, in connect
    |     return self._connection_cls(self)
    |            ^^^^^^^^^^^^^^^^^^^^^^^^^^
    |   File "/usr/local/lib/python3.12/site-packages/sqlalchemy/engine/base.py", line 143, in __init__
    |     self._dbapi_connection = engine.raw_connection()
    |                              ^^^^^^^^^^^^^^^^^^^^^^^
    |   File "/usr/local/lib/python3.12/site-packages/sqlalchemy/engine/base.py", line 3301, in raw_connection
    |     return self.pool.connect()
    |            ^^^^^^^^^^^^^^^^^^^
    |   File "/usr/local/lib/python3.12/site-packages/sqlalchemy/pool/base.py", line 447, in connect
    |     return _ConnectionFairy._checkout(self)
    |            ^^^^^^^^^^^^^^^^^^^^^^^^^^^^^^^^
    |   File "/usr/local/lib/python3.12/site-packages/sqlalchemy/pool/base.py", line 1264, in _checkout
    |     fairy = _ConnectionRecord.checkout(pool)
    |             ^^^^^^^^^^^^^^^^^^^^^^^^^^^^^^^^
    |   File "/usr/local/lib/python3.12/site-packages/sqlalchemy/pool/base.py", line 716, in checkout
    |     with util.safe_reraise():
    |          ^^^^^^^^^^^^^^^^^^^
    |   File "/usr/local/lib/python3.12/site-packages/sqlalchemy/util/langhelpers.py", line 224, in __exit__
    |     raise exc_value.with_traceback(exc_tb)
    |   File "/usr/local/lib/python3.12/site-packages/sqlalchemy/pool/base.py", line 714, in checkout
    |     dbapi_connection = rec.get_connection()
    |                        ^^^^^^^^^^^^^^^^^^^^
    |   File "/usr/local/lib/python3.12/site-packages/sqlalchemy/pool/base.py", line 836, in get_connection
    |     self.__connect()
    |   File "/usr/local/lib/python3.12/site-packages/sqlalchemy/pool/base.py", line 899, in __connect
    |     with util.safe_reraise():
    |          ^^^^^^^^^^^^^^^^^^^
    |   File "/usr/local/lib/python3.12/site-packages/sqlalchemy/util/langhelpers.py", line 224, in __exit__
    |     raise exc_value.with_traceback(exc_tb)
    |   File "/usr/local/lib/python3.12/site-packages/sqlalchemy/pool/base.py", line 895, in __connect
    |     self.dbapi_connection = connection = pool._invoke_creator(self)
    |                                          ^^^^^^^^^^^^^^^^^^^^^^^^^^
    |   File "/usr/local/lib/python3.12/site-packages/sqlalchemy/engine/create.py", line 661, in connect
    |     return dialect.connect(*cargs, **cparams)
    |            ^^^^^^^^^^^^^^^^^^^^^^^^^^^^^^^^^^
    |   File "/usr/local/lib/python3.12/site-packages/sqlalchemy/engine/default.py", line 629, in connect
    |     return self.loaded_dbapi.connect(*cargs, **cparams)  # type: ignore[no-any-return]  # NOQA: E501
    |            ^^^^^^^^^^^^^^^^^^^^^^^^^^^^^^^^^^^^^^^^^^^^
    |   File "/usr/local/lib/python3.12/site-packages/sqlalchemy/dialects/postgresql/asyncpg.py", line 964, in connect
    |     await_only(creator_fn(*arg, **kw)),
    |     ^^^^^^^^^^^^^^^^^^^^^^^^^^^^^^^^^^
    |   File "/usr/local/lib/python3.12/site-packages/sqlalchemy/util/_concurrency_py3k.py", line 123, in await_only
    |     raise exc.MissingGreenlet(
    | sqlalchemy.exc.MissingGreenlet: greenlet_spawn has not been called; can't call await_only() here. Was IO 
attempted in an unexpected place? (Background on this error at: https://sqlalche.me/e/20/xd2s)
    +------------------------------------

During handling of the above exception, another exception occurred:

Traceback (most recent call last):
  File "/usr/local/lib/python3.12/site-packages/uvicorn/protocols/http/httptools_impl.py", line 409, in run_asgi
    result = await app(  # type: ignore[func-returns-value]
             ^^^^^^^^^^^^^^^^^^^^^^^^^^^^^^^^^^^^^^^^^^^^^^
  File "/usr/local/lib/python3.12/site-packages/uvicorn/middleware/proxy_headers.py", line 60, in __call__
    return await self.app(scope, receive, send)
           ^^^^^^^^^^^^^^^^^^^^^^^^^^^^^^^^^^^^
  File "/usr/local/lib/python3.12/site-packages/fastapi/applications.py", line 1054, in __call__
    await super().__call__(scope, receive, send)
  File "/usr/local/lib/python3.12/site-packages/starlette/applications.py", line 113, in __call__
    await self.middleware_stack(scope, receive, send)
  File "/usr/local/lib/python3.12/site-packages/starlette/middleware/errors.py", line 186, in __call__
    raise exc
  File "/usr/local/lib/python3.12/site-packages/starlette/middleware/errors.py", line 164, in __call__
    await self.app(scope, receive, _send)
  File "/usr/local/lib/python3.12/site-packages/starlette/middleware/base.py", line 182, in __call__
    with recv_stream, send_stream, collapse_excgroups():
                                   ^^^^^^^^^^^^^^^^^^^^
  File "/usr/local/lib/python3.12/contextlib.py", line 158, in __exit__
    self.gen.throw(value)
  File "/usr/local/lib/python3.12/site-packages/starlette/_utils.py", line 85, in collapse_excgroups
    raise exc
  File "/usr/local/lib/python3.12/site-packages/starlette/middleware/base.py", line 184, in __call__
    response = await self.dispatch_func(request, call_next)
               ^^^^^^^^^^^^^^^^^^^^^^^^^^^^^^^^^^^^^^^^^^^^
  File "/app/app/main.py", line 35, in request_context_middleware
    response = await call_next(request)
               ^^^^^^^^^^^^^^^^^^^^^^^^
  File "/usr/local/lib/python3.12/site-packages/starlette/middleware/base.py", line 159, in call_next
    raise app_exc
  File "/usr/local/lib/python3.12/site-packages/starlette/middleware/base.py", line 144, in coro
    await self.app(scope, receive_or_disconnect, send_no_error)
  File "/usr/local/lib/python3.12/site-packages/starlette/middleware/exceptions.py", line 63, in __call__
    await wrap_app_handling_exceptions(self.app, conn)(scope, receive, send)
  File "/usr/local/lib/python3.12/site-packages/starlette/_exception_handler.py", line 53, in wrapped_app
    raise exc
  File "/usr/local/lib/python3.12/site-packages/starlette/_exception_handler.py", line 42, in wrapped_app
    await app(scope, receive, sender)
  File "/usr/local/lib/python3.12/site-packages/starlette/routing.py", line 716, in __call__
    await self.middleware_stack(scope, receive, send)
  File "/usr/local/lib/python3.12/site-packages/starlette/routing.py", line 736, in app
    await route.handle(scope, receive, send)
  File "/usr/local/lib/python3.12/site-packages/starlette/routing.py", line 290, in handle
    await self.app(scope, receive, send)
  File "/usr/local/lib/python3.12/site-packages/starlette/routing.py", line 78, in app
    await wrap_app_handling_exceptions(app, request)(scope, receive, send)
  File "/usr/local/lib/python3.12/site-packages/starlette/_exception_handler.py", line 53, in wrapped_app
    raise exc
  File "/usr/local/lib/python3.12/site-packages/starlette/_exception_handler.py", line 42, in wrapped_app
    await app(scope, receive, sender)
  File "/usr/local/lib/python3.12/site-packages/starlette/routing.py", line 75, in app
    response = await f(request)
               ^^^^^^^^^^^^^^^^
  File "/usr/local/lib/python3.12/site-packages/fastapi/routing.py", line 302, in app
    raw_response = await run_endpoint_function(
                   ^^^^^^^^^^^^^^^^^^^^^^^^^^^^
  File "/usr/local/lib/python3.12/site-packages/fastapi/routing.py", line 213, in run_endpoint_function
    return await dependant.call(**values)
           ^^^^^^^^^^^^^^^^^^^^^^^^^^^^^^
  File "/app/app/api/routes/orders.py", line 55, in create_order_endpoint
    order = await create_order(db, current_user, payload)
            ^^^^^^^^^^^^^^^^^^^^^^^^^^^^^^^^^^^^^^^^^^^^^
  File "/app/app/services/order_service.py", line 308, in create_order
    {'attempt': attempt + 1, 'actor_user_id': str(user.id)},
                                                  ^^^^^^^
  File "/usr/local/lib/python3.12/site-packages/sqlalchemy/orm/attributes.py", line 569, in __get__
    return self.impl.get(state, dict_)  # type: ignore[no-any-return]
           ^^^^^^^^^^^^^^^^^^^^^^^^^^^
  File "/usr/local/lib/python3.12/site-packages/sqlalchemy/orm/attributes.py", line 1096, in get
    value = self._fire_loader_callables(state, key, passive)
            ^^^^^^^^^^^^^^^^^^^^^^^^^^^^^^^^^^^^^^^^^^^^^^^^
  File "/usr/local/lib/python3.12/site-packages/sqlalchemy/orm/attributes.py", line 1126, in _fire_loader_callables
    return state._load_expired(state, passive)
           ^^^^^^^^^^^^^^^^^^^^^^^^^^^^^^^^^^^
  File "/usr/local/lib/python3.12/site-packages/sqlalchemy/orm/state.py", line 803, in _load_expired
    self.manager.expired_attribute_loader(self, toload, passive)
  File "/usr/local/lib/python3.12/site-packages/sqlalchemy/orm/loading.py", line 1674, in load_scalar_attributes
    result = load_on_ident(
             ^^^^^^^^^^^^^^
  File "/usr/local/lib/python3.12/site-packages/sqlalchemy/orm/loading.py", line 510, in load_on_ident
    return load_on_pk_identity(
           ^^^^^^^^^^^^^^^^^^^^
  File "/usr/local/lib/python3.12/site-packages/sqlalchemy/orm/loading.py", line 695, in load_on_pk_identity
    session.execute(
  File "/usr/local/lib/python3.12/site-packages/sqlalchemy/orm/session.py", line 2365, in execute
    return self._execute_internal(
           ^^^^^^^^^^^^^^^^^^^^^^^
  File "/usr/local/lib/python3.12/site-packages/sqlalchemy/orm/session.py", line 2241, in _execute_internal
    conn = self._connection_for_bind(bind)
           ^^^^^^^^^^^^^^^^^^^^^^^^^^^^^^^
  File "/usr/local/lib/python3.12/site-packages/sqlalchemy/orm/session.py", line 2110, in _connection_for_bind
    return trans._connection_for_bind(engine, execution_options)
           ^^^^^^^^^^^^^^^^^^^^^^^^^^^^^^^^^^^^^^^^^^^^^^^^^^^^^
  File "<string>", line 2, in _connection_for_bind
  File "/usr/local/lib/python3.12/site-packages/sqlalchemy/orm/state_changes.py", line 137, in _go
    ret_value = fn(self, *arg, **kw)
                ^^^^^^^^^^^^^^^^^^^^
  File "/usr/local/lib/python3.12/site-packages/sqlalchemy/orm/session.py", line 1189, in _connection_for_bind
    conn = bind.connect()
           ^^^^^^^^^^^^^^
  File "/usr/local/lib/python3.12/site-packages/sqlalchemy/engine/base.py", line 3277, in connect
    return self._connection_cls(self)
           ^^^^^^^^^^^^^^^^^^^^^^^^^^
  File "/usr/local/lib/python3.12/site-packages/sqlalchemy/engine/base.py", line 143, in __init__
    self._dbapi_connection = engine.raw_connection()
                             ^^^^^^^^^^^^^^^^^^^^^^^
  File "/usr/local/lib/python3.12/site-packages/sqlalchemy/engine/base.py", line 3301, in raw_connection
    return self.pool.connect()
           ^^^^^^^^^^^^^^^^^^^
  File "/usr/local/lib/python3.12/site-packages/sqlalchemy/pool/base.py", line 447, in connect
    return _ConnectionFairy._checkout(self)
           ^^^^^^^^^^^^^^^^^^^^^^^^^^^^^^^^
  File "/usr/local/lib/python3.12/site-packages/sqlalchemy/pool/base.py", line 1264, in _checkout
    fairy = _ConnectionRecord.checkout(pool)
            ^^^^^^^^^^^^^^^^^^^^^^^^^^^^^^^^
  File "/usr/local/lib/python3.12/site-packages/sqlalchemy/pool/base.py", line 716, in checkout
    with util.safe_reraise():
         ^^^^^^^^^^^^^^^^^^^
  File "/usr/local/lib/python3.12/site-packages/sqlalchemy/util/langhelpers.py", line 224, in __exit__
    raise exc_value.with_traceback(exc_tb)
  File "/usr/local/lib/python3.12/site-packages/sqlalchemy/pool/base.py", line 714, in checkout
    dbapi_connection = rec.get_connection()
                       ^^^^^^^^^^^^^^^^^^^^
  File "/usr/local/lib/python3.12/site-packages/sqlalchemy/pool/base.py", line 836, in get_connection
    self.__connect()
  File "/usr/local/lib/python3.12/site-packages/sqlalchemy/pool/base.py", line 899, in __connect
    with util.safe_reraise():
         ^^^^^^^^^^^^^^^^^^^
  File "/usr/local/lib/python3.12/site-packages/sqlalchemy/util/langhelpers.py", line 224, in __exit__
    raise exc_value.with_traceback(exc_tb)
  File "/usr/local/lib/python3.12/site-packages/sqlalchemy/pool/base.py", line 895, in __connect
    self.dbapi_connection = connection = pool._invoke_creator(self)
                                         ^^^^^^^^^^^^^^^^^^^^^^^^^^
  File "/usr/local/lib/python3.12/site-packages/sqlalchemy/engine/create.py", line 661, in connect
    return dialect.connect(*cargs, **cparams)
           ^^^^^^^^^^^^^^^^^^^^^^^^^^^^^^^^^^
  File "/usr/local/lib/python3.12/site-packages/sqlalchemy/engine/default.py", line 629, in connect
    return self.loaded_dbapi.connect(*cargs, **cparams)  # type: ignore[no-any-return]  # NOQA: E501
           ^^^^^^^^^^^^^^^^^^^^^^^^^^^^^^^^^^^^^^^^^^^^
  File "/usr/local/lib/python3.12/site-packages/sqlalchemy/dialects/postgresql/asyncpg.py", line 964, in connect
    await_only(creator_fn(*arg, **kw)),
    ^^^^^^^^^^^^^^^^^^^^^^^^^^^^^^^^^^
INFO:     172.19.0.1:48540 - "POST /orders HTTP/1.1" 500 Internal Server Error
  File "/usr/local/lib/python3.12/site-packages/sqlalchemy/util/_concurrency_py3k.py", line 123, in await_only
    raise exc.MissingGreenlet(
sqlalchemy.exc.MissingGreenlet: greenlet_spawn has not been called; can't call await_only() here. Was IO attempted in 
an unexpected place? (Background on this error at: https://sqlalche.me/e/20/xd2s)
ERROR:    Exception in ASGI application
  + Exception Group Traceback (most recent call last):
  |   File "/usr/local/lib/python3.12/site-packages/starlette/_utils.py", line 79, in collapse_excgroups
  |     yield
  |   File "/usr/local/lib/python3.12/site-packages/starlette/middleware/base.py", line 183, in __call__
  |     async with anyio.create_task_group() as task_group:
  |                ^^^^^^^^^^^^^^^^^^^^^^^^^
  |   File "/usr/local/lib/python3.12/site-packages/anyio/_backends/_asyncio.py", line 783, in __aexit__
  |     raise BaseExceptionGroup(
  | ExceptionGroup: unhandled errors in a TaskGroup (1 sub-exception)
  +-+---------------- 1 ----------------
    | Traceback (most recent call last):
    |   File "/usr/local/lib/python3.12/site-packages/uvicorn/protocols/http/httptools_impl.py", line 409, in run_asgi
    |     result = await app(  # type: ignore[func-returns-value]
    |              ^^^^^^^^^^^^^^^^^^^^^^^^^^^^^^^^^^^^^^^^^^^^^^
    |   File "/usr/local/lib/python3.12/site-packages/uvicorn/middleware/proxy_headers.py", line 60, in __call__
    |     return await self.app(scope, receive, send)
    |            ^^^^^^^^^^^^^^^^^^^^^^^^^^^^^^^^^^^^
    |   File "/usr/local/lib/python3.12/site-packages/fastapi/applications.py", line 1054, in __call__
    |     await super().__call__(scope, receive, send)
    |   File "/usr/local/lib/python3.12/site-packages/starlette/applications.py", line 113, in __call__
    |     await self.middleware_stack(scope, receive, send)
    |   File "/usr/local/lib/python3.12/site-packages/starlette/middleware/errors.py", line 186, in __call__
    |     raise exc
    |   File "/usr/local/lib/python3.12/site-packages/starlette/middleware/errors.py", line 164, in __call__
    |     await self.app(scope, receive, _send)
    |   File "/usr/local/lib/python3.12/site-packages/starlette/middleware/base.py", line 182, in __call__
    |     with recv_stream, send_stream, collapse_excgroups():
    |                                    ^^^^^^^^^^^^^^^^^^^^
    |   File "/usr/local/lib/python3.12/contextlib.py", line 158, in __exit__
    |     self.gen.throw(value)
    |   File "/usr/local/lib/python3.12/site-packages/starlette/_utils.py", line 85, in collapse_excgroups
    |     raise exc
    |   File "/usr/local/lib/python3.12/site-packages/starlette/middleware/base.py", line 184, in __call__
    |     response = await self.dispatch_func(request, call_next)
    |                ^^^^^^^^^^^^^^^^^^^^^^^^^^^^^^^^^^^^^^^^^^^^
    |   File "/app/app/main.py", line 35, in request_context_middleware
    |     response = await call_next(request)
    |                ^^^^^^^^^^^^^^^^^^^^^^^^
    |   File "/usr/local/lib/python3.12/site-packages/starlette/middleware/base.py", line 159, in call_next
    |     raise app_exc
    |   File "/usr/local/lib/python3.12/site-packages/starlette/middleware/base.py", line 144, in coro
    |     await self.app(scope, receive_or_disconnect, send_no_error)
    |   File "/usr/local/lib/python3.12/site-packages/starlette/middleware/exceptions.py", line 63, in __call__
    |     await wrap_app_handling_exceptions(self.app, conn)(scope, receive, send)
    |   File "/usr/local/lib/python3.12/site-packages/starlette/_exception_handler.py", line 53, in wrapped_app
    |     raise exc
    |   File "/usr/local/lib/python3.12/site-packages/starlette/_exception_handler.py", line 42, in wrapped_app
    |     await app(scope, receive, sender)
    |   File "/usr/local/lib/python3.12/site-packages/starlette/routing.py", line 716, in __call__
    |     await self.middleware_stack(scope, receive, send)
    |   File "/usr/local/lib/python3.12/site-packages/starlette/routing.py", line 736, in app
    |     await route.handle(scope, receive, send)
    |   File "/usr/local/lib/python3.12/site-packages/starlette/routing.py", line 290, in handle
    |     await self.app(scope, receive, send)
    |   File "/usr/local/lib/python3.12/site-packages/starlette/routing.py", line 78, in app
    |     await wrap_app_handling_exceptions(app, request)(scope, receive, send)
    |   File "/usr/local/lib/python3.12/site-packages/starlette/_exception_handler.py", line 53, in wrapped_app
    |     raise exc
    |   File "/usr/local/lib/python3.12/site-packages/starlette/_exception_handler.py", line 42, in wrapped_app
    |     await app(scope, receive, sender)
    |   File "/usr/local/lib/python3.12/site-packages/starlette/routing.py", line 75, in app
    |     response = await f(request)
    |                ^^^^^^^^^^^^^^^^
    |   File "/usr/local/lib/python3.12/site-packages/fastapi/routing.py", line 302, in app
    |     raw_response = await run_endpoint_function(
    |                    ^^^^^^^^^^^^^^^^^^^^^^^^^^^^
    |   File "/usr/local/lib/python3.12/site-packages/fastapi/routing.py", line 213, in run_endpoint_function
    |     return await dependant.call(**values)
    |            ^^^^^^^^^^^^^^^^^^^^^^^^^^^^^^
    |   File "/app/app/api/routes/orders.py", line 55, in create_order_endpoint
    |     order = await create_order(db, current_user, payload)
    |             ^^^^^^^^^^^^^^^^^^^^^^^^^^^^^^^^^^^^^^^^^^^^^
    |   File "/app/app/services/order_service.py", line 308, in create_order
    |     {'attempt': attempt + 1, 'actor_user_id': str(user.id)},
    |                                                   ^^^^^^^
    |   File "/usr/local/lib/python3.12/site-packages/sqlalchemy/orm/attributes.py", line 569, in __get__
    |     return self.impl.get(state, dict_)  # type: ignore[no-any-return]
    |            ^^^^^^^^^^^^^^^^^^^^^^^^^^^
    |   File "/usr/local/lib/python3.12/site-packages/sqlalchemy/orm/attributes.py", line 1096, in get
    |     value = self._fire_loader_callables(state, key, passive)
    |             ^^^^^^^^^^^^^^^^^^^^^^^^^^^^^^^^^^^^^^^^^^^^^^^^
    |   File "/usr/local/lib/python3.12/site-packages/sqlalchemy/orm/attributes.py", line 1126, in 
_fire_loader_callables
    |     return state._load_expired(state, passive)
    |            ^^^^^^^^^^^^^^^^^^^^^^^^^^^^^^^^^^^
    |   File "/usr/local/lib/python3.12/site-packages/sqlalchemy/orm/state.py", line 803, in _load_expired
    |     self.manager.expired_attribute_loader(self, toload, passive)
    |   File "/usr/local/lib/python3.12/site-packages/sqlalchemy/orm/loading.py", line 1674, in load_scalar_attributes
    |     result = load_on_ident(
    |              ^^^^^^^^^^^^^^
    |   File "/usr/local/lib/python3.12/site-packages/sqlalchemy/orm/loading.py", line 510, in load_on_ident
    |     return load_on_pk_identity(
    |            ^^^^^^^^^^^^^^^^^^^^
    |   File "/usr/local/lib/python3.12/site-packages/sqlalchemy/orm/loading.py", line 695, in load_on_pk_identity
    |     session.execute(
    |   File "/usr/local/lib/python3.12/site-packages/sqlalchemy/orm/session.py", line 2365, in execute
    |     return self._execute_internal(
    |            ^^^^^^^^^^^^^^^^^^^^^^^
    |   File "/usr/local/lib/python3.12/site-packages/sqlalchemy/orm/session.py", line 2241, in _execute_internal
    |     conn = self._connection_for_bind(bind)
    |            ^^^^^^^^^^^^^^^^^^^^^^^^^^^^^^^
    |   File "/usr/local/lib/python3.12/site-packages/sqlalchemy/orm/session.py", line 2110, in _connection_for_bind
    |     return trans._connection_for_bind(engine, execution_options)
    |            ^^^^^^^^^^^^^^^^^^^^^^^^^^^^^^^^^^^^^^^^^^^^^^^^^^^^^
    |   File "<string>", line 2, in _connection_for_bind
    |   File "/usr/local/lib/python3.12/site-packages/sqlalchemy/orm/state_changes.py", line 137, in _go
    |     ret_value = fn(self, *arg, **kw)
    |                 ^^^^^^^^^^^^^^^^^^^^
    |   File "/usr/local/lib/python3.12/site-packages/sqlalchemy/orm/session.py", line 1189, in _connection_for_bind
    |     conn = bind.connect()
    |            ^^^^^^^^^^^^^^
    |   File "/usr/local/lib/python3.12/site-packages/sqlalchemy/engine/base.py", line 3277, in connect
    |     return self._connection_cls(self)
    |            ^^^^^^^^^^^^^^^^^^^^^^^^^^
    |   File "/usr/local/lib/python3.12/site-packages/sqlalchemy/engine/base.py", line 143, in __init__
    |     self._dbapi_connection = engine.raw_connection()
    |                              ^^^^^^^^^^^^^^^^^^^^^^^
    |   File "/usr/local/lib/python3.12/site-packages/sqlalchemy/engine/base.py", line 3301, in raw_connection
    |     return self.pool.connect()
    |            ^^^^^^^^^^^^^^^^^^^
    |   File "/usr/local/lib/python3.12/site-packages/sqlalchemy/pool/base.py", line 447, in connect
    |     return _ConnectionFairy._checkout(self)
    |            ^^^^^^^^^^^^^^^^^^^^^^^^^^^^^^^^
    |   File "/usr/local/lib/python3.12/site-packages/sqlalchemy/pool/base.py", line 1363, in _checkout
    |     with util.safe_reraise():
    |          ^^^^^^^^^^^^^^^^^^^
    |   File "/usr/local/lib/python3.12/site-packages/sqlalchemy/util/langhelpers.py", line 224, in __exit__
    |     raise exc_value.with_traceback(exc_tb)
    |   File "/usr/local/lib/python3.12/site-packages/sqlalchemy/pool/base.py", line 1301, in _checkout
    |     result = pool._dialect._do_ping_w_event(
    |              ^^^^^^^^^^^^^^^^^^^^^^^^^^^^^^^
    |   File "/usr/local/lib/python3.12/site-packages/sqlalchemy/engine/default.py", line 728, in _do_ping_w_event
    |     return self.do_ping(dbapi_connection)
    |            ^^^^^^^^^^^^^^^^^^^^^^^^^^^^^^
    |   File "/usr/local/lib/python3.12/site-packages/sqlalchemy/dialects/postgresql/asyncpg.py", line 1169, in do_ping
    |     dbapi_connection.ping()
    |   File "/usr/local/lib/python3.12/site-packages/sqlalchemy/dialects/postgresql/asyncpg.py", line 813, in ping
    |     self._handle_exception(error)
    |   File "/usr/local/lib/python3.12/site-packages/sqlalchemy/dialects/postgresql/asyncpg.py", line 794, in 
_handle_exception
    |     raise error
    |   File "/usr/local/lib/python3.12/site-packages/sqlalchemy/dialects/postgresql/asyncpg.py", line 811, in ping
    |     _ = self.await_(self._async_ping())
    |         ^^^^^^^^^^^^^^^^^^^^^^^^^^^^^^^
    |   File "/usr/local/lib/python3.12/site-packages/sqlalchemy/util/_concurrency_py3k.py", line 123, in await_only
    |     raise exc.MissingGreenlet(
    | sqlalchemy.exc.MissingGreenlet: greenlet_spawn has not been called; can't call await_only() here. Was IO 
attempted in an unexpected place? (Background on this error at: https://sqlalche.me/e/20/xd2s)
    +------------------------------------

During handling of the above exception, another exception occurred:

Traceback (most recent call last):
  File "/usr/local/lib/python3.12/site-packages/uvicorn/protocols/http/httptools_impl.py", line 409, in run_asgi
    result = await app(  # type: ignore[func-returns-value]
             ^^^^^^^^^^^^^^^^^^^^^^^^^^^^^^^^^^^^^^^^^^^^^^
  File "/usr/local/lib/python3.12/site-packages/uvicorn/middleware/proxy_headers.py", line 60, in __call__
    return await self.app(scope, receive, send)
           ^^^^^^^^^^^^^^^^^^^^^^^^^^^^^^^^^^^^
  File "/usr/local/lib/python3.12/site-packages/fastapi/applications.py", line 1054, in __call__
    await super().__call__(scope, receive, send)
  File "/usr/local/lib/python3.12/site-packages/starlette/applications.py", line 113, in __call__
    await self.middleware_stack(scope, receive, send)
  File "/usr/local/lib/python3.12/site-packages/starlette/middleware/errors.py", line 186, in __call__
    raise exc
  File "/usr/local/lib/python3.12/site-packages/starlette/middleware/errors.py", line 164, in __call__
    await self.app(scope, receive, _send)
  File "/usr/local/lib/python3.12/site-packages/starlette/middleware/base.py", line 182, in __call__
    with recv_stream, send_stream, collapse_excgroups():
                                   ^^^^^^^^^^^^^^^^^^^^
  File "/usr/local/lib/python3.12/contextlib.py", line 158, in __exit__
    self.gen.throw(value)
  File "/usr/local/lib/python3.12/site-packages/starlette/_utils.py", line 85, in collapse_excgroups
    raise exc
  File "/usr/local/lib/python3.12/site-packages/starlette/middleware/base.py", line 184, in __call__
    response = await self.dispatch_func(request, call_next)
               ^^^^^^^^^^^^^^^^^^^^^^^^^^^^^^^^^^^^^^^^^^^^
  File "/app/app/main.py", line 35, in request_context_middleware
    response = await call_next(request)
               ^^^^^^^^^^^^^^^^^^^^^^^^
  File "/usr/local/lib/python3.12/site-packages/starlette/middleware/base.py", line 159, in call_next
    raise app_exc
  File "/usr/local/lib/python3.12/site-packages/starlette/middleware/base.py", line 144, in coro
    await self.app(scope, receive_or_disconnect, send_no_error)
  File "/usr/local/lib/python3.12/site-packages/starlette/middleware/exceptions.py", line 63, in __call__
    await wrap_app_handling_exceptions(self.app, conn)(scope, receive, send)
  File "/usr/local/lib/python3.12/site-packages/starlette/_exception_handler.py", line 53, in wrapped_app
    raise exc
  File "/usr/local/lib/python3.12/site-packages/starlette/_exception_handler.py", line 42, in wrapped_app
    await app(scope, receive, sender)
  File "/usr/local/lib/python3.12/site-packages/starlette/routing.py", line 716, in __call__
    await self.middleware_stack(scope, receive, send)
  File "/usr/local/lib/python3.12/site-packages/starlette/routing.py", line 736, in app
    await route.handle(scope, receive, send)
  File "/usr/local/lib/python3.12/site-packages/starlette/routing.py", line 290, in handle
    await self.app(scope, receive, send)
  File "/usr/local/lib/python3.12/site-packages/starlette/routing.py", line 78, in app
    await wrap_app_handling_exceptions(app, request)(scope, receive, send)
  File "/usr/local/lib/python3.12/site-packages/starlette/_exception_handler.py", line 53, in wrapped_app
    raise exc
  File "/usr/local/lib/python3.12/site-packages/starlette/_exception_handler.py", line 42, in wrapped_app
    await app(scope, receive, sender)
  File "/usr/local/lib/python3.12/site-packages/starlette/routing.py", line 75, in app
    response = await f(request)
               ^^^^^^^^^^^^^^^^
  File "/usr/local/lib/python3.12/site-packages/fastapi/routing.py", line 302, in app
    raw_response = await run_endpoint_function(
                   ^^^^^^^^^^^^^^^^^^^^^^^^^^^^
  File "/usr/local/lib/python3.12/site-packages/fastapi/routing.py", line 213, in run_endpoint_function
    return await dependant.call(**values)
           ^^^^^^^^^^^^^^^^^^^^^^^^^^^^^^
  File "/app/app/api/routes/orders.py", line 55, in create_order_endpoint
    order = await create_order(db, current_user, payload)
            ^^^^^^^^^^^^^^^^^^^^^^^^^^^^^^^^^^^^^^^^^^^^^
  File "/app/app/services/order_service.py", line 308, in create_order
    {'attempt': attempt + 1, 'actor_user_id': str(user.id)},
                                                  ^^^^^^^
  File "/usr/local/lib/python3.12/site-packages/sqlalchemy/orm/attributes.py", line 569, in __get__
    return self.impl.get(state, dict_)  # type: ignore[no-any-return]
           ^^^^^^^^^^^^^^^^^^^^^^^^^^^
  File "/usr/local/lib/python3.12/site-packages/sqlalchemy/orm/attributes.py", line 1096, in get
    value = self._fire_loader_callables(state, key, passive)
            ^^^^^^^^^^^^^^^^^^^^^^^^^^^^^^^^^^^^^^^^^^^^^^^^
  File "/usr/local/lib/python3.12/site-packages/sqlalchemy/orm/attributes.py", line 1126, in _fire_loader_callables
    return state._load_expired(state, passive)
           ^^^^^^^^^^^^^^^^^^^^^^^^^^^^^^^^^^^
  File "/usr/local/lib/python3.12/site-packages/sqlalchemy/orm/state.py", line 803, in _load_expired
    self.manager.expired_attribute_loader(self, toload, passive)
  File "/usr/local/lib/python3.12/site-packages/sqlalchemy/orm/loading.py", line 1674, in load_scalar_attributes
    result = load_on_ident(
             ^^^^^^^^^^^^^^
  File "/usr/local/lib/python3.12/site-packages/sqlalchemy/orm/loading.py", line 510, in load_on_ident
    return load_on_pk_identity(
           ^^^^^^^^^^^^^^^^^^^^
  File "/usr/local/lib/python3.12/site-packages/sqlalchemy/orm/loading.py", line 695, in load_on_pk_identity
    session.execute(
  File "/usr/local/lib/python3.12/site-packages/sqlalchemy/orm/session.py", line 2365, in execute
    return self._execute_internal(
           ^^^^^^^^^^^^^^^^^^^^^^^
  File "/usr/local/lib/python3.12/site-packages/sqlalchemy/orm/session.py", line 2241, in _execute_internal
    conn = self._connection_for_bind(bind)
           ^^^^^^^^^^^^^^^^^^^^^^^^^^^^^^^
  File "/usr/local/lib/python3.12/site-packages/sqlalchemy/orm/session.py", line 2110, in _connection_for_bind
    return trans._connection_for_bind(engine, execution_options)
           ^^^^^^^^^^^^^^^^^^^^^^^^^^^^^^^^^^^^^^^^^^^^^^^^^^^^^
  File "<string>", line 2, in _connection_for_bind
  File "/usr/local/lib/python3.12/site-packages/sqlalchemy/orm/state_changes.py", line 137, in _go
    ret_value = fn(self, *arg, **kw)
                ^^^^^^^^^^^^^^^^^^^^
  File "/usr/local/lib/python3.12/site-packages/sqlalchemy/orm/session.py", line 1189, in _connection_for_bind
    conn = bind.connect()
           ^^^^^^^^^^^^^^
  File "/usr/local/lib/python3.12/site-packages/sqlalchemy/engine/base.py", line 3277, in connect
    return self._connection_cls(self)
           ^^^^^^^^^^^^^^^^^^^^^^^^^^
  File "/usr/local/lib/python3.12/site-packages/sqlalchemy/engine/base.py", line 143, in __init__
    self._dbapi_connection = engine.raw_connection()
                             ^^^^^^^^^^^^^^^^^^^^^^^
  File "/usr/local/lib/python3.12/site-packages/sqlalchemy/engine/base.py", line 3301, in raw_connection
    return self.pool.connect()
           ^^^^^^^^^^^^^^^^^^^
  File "/usr/local/lib/python3.12/site-packages/sqlalchemy/pool/base.py", line 447, in connect
    return _ConnectionFairy._checkout(self)
           ^^^^^^^^^^^^^^^^^^^^^^^^^^^^^^^^
  File "/usr/local/lib/python3.12/site-packages/sqlalchemy/pool/base.py", line 1363, in _checkout
    with util.safe_reraise():
         ^^^^^^^^^^^^^^^^^^^
  File "/usr/local/lib/python3.12/site-packages/sqlalchemy/util/langhelpers.py", line 224, in __exit__
    raise exc_value.with_traceback(exc_tb)
  File "/usr/local/lib/python3.12/site-packages/sqlalchemy/pool/base.py", line 1301, in _checkout
    result = pool._dialect._do_ping_w_event(
             ^^^^^^^^^^^^^^^^^^^^^^^^^^^^^^^
  File "/usr/local/lib/python3.12/site-packages/sqlalchemy/engine/default.py", line 728, in _do_ping_w_event
    return self.do_ping(dbapi_connection)
           ^^^^^^^^^^^^^^^^^^^^^^^^^^^^^^
  File "/usr/local/lib/python3.12/site-packages/sqlalchemy/dialects/postgresql/asyncpg.py", line 1169, in do_ping
    dbapi_connection.ping()
  File "/usr/local/lib/python3.12/site-packages/sqlalchemy/dialects/postgresql/asyncpg.py", line 813, in ping
    self._handle_exception(error)
  File "/usr/local/lib/python3.12/site-packages/sqlalchemy/dialects/postgresql/asyncpg.py", line 794, in 
_handle_exception
    raise error
  File "/usr/local/lib/python3.12/site-packages/sqlalchemy/dialects/postgresql/asyncpg.py", line 811, in ping
    _ = self.await_(self._async_ping())
        ^^^^^^^^^^^^^^^^^^^^^^^^^^^^^^^
  File "/usr/local/lib/python3.12/site-packages/sqlalchemy/util/_concurrency_py3k.py", line 123, in await_only
    raise exc.MissingGreenlet(
sqlalchemy.exc.MissingGreenlet: greenlet_spawn has not been called; can't call await_only() here. Was IO attempted in 
an unexpected place? (Background on this error at: https://sqlalche.me/e/20/xd2s)
{"ts": "2026-03-17T23:47:07.338303+00:00", "level": "INFO", "logger": "app.main", "message": "http.request", "event": 
"http.request", "method": "POST", "path": "/orders", "status_code": 201, "elapsed_ms": 373.26, "request_id": 
"00bc7d0d-07db-4e28-80e0-ab21e21682d8"}
{"ts": "2026-03-17T23:47:07.478405+00:00", "level": "INFO", "logger": "app.services.order_service", "message": 
"order.created", "event": "order.created", "order_id": "d0c020dd-b4c2-427d-a31b-d73fb6048859", "order_number": 12, 
"order_type": "pickup", "status": "NEW", "actor_user_id": "0ce35dca-d398-4600-9607-c80a9c594f93"}
{"ts": "2026-03-17T23:47:07.479285+00:00", "level": "INFO", "logger": "app.main", "message": "http.request", "event": 
"http.request", "method": "GET", "path": "/orders/0a3cee76-8c8a-4b2e-96a7-6139e67642e0", "status_code": 200, 
"elapsed_ms": 109.45, "request_id": "cfdc446a-e447-42ee-825d-9210b12d2696"}
INFO:     172.19.0.1:48508 - "POST /orders HTTP/1.1" 201 Created
INFO:     172.19.0.1:48606 - "GET /orders/0a3cee76-8c8a-4b2e-96a7-6139e67642e0 HTTP/1.1" 200 OK
INFO:     172.19.0.1:48568 - "POST /orders HTTP/1.1" 500 Internal Server Error
{"ts": "2026-03-17T23:47:07.484618+00:00", "level": "ERROR", "logger": "app.main", "message": "http.request_failed", 
"event": "http.request_failed", "method": "POST", "path": "/orders", "status_code": 500, "elapsed_ms": 149.36, 
"request_id": "931bd2c5-92dc-4b4b-accb-357313ef8b4b"}
ERROR:    Exception in ASGI application
  + Exception Group Traceback (most recent call last):
  |   File "/usr/local/lib/python3.12/site-packages/starlette/_utils.py", line 79, in collapse_excgroups
  |     yield
  |   File "/usr/local/lib/python3.12/site-packages/starlette/middleware/base.py", line 183, in __call__
  |     async with anyio.create_task_group() as task_group:
  |                ^^^^^^^^^^^^^^^^^^^^^^^^^
  |   File "/usr/local/lib/python3.12/site-packages/anyio/_backends/_asyncio.py", line 783, in __aexit__
  |     raise BaseExceptionGroup(
  | ExceptionGroup: unhandled errors in a TaskGroup (1 sub-exception)
  +-+---------------- 1 ----------------
    | Traceback (most recent call last):
    |   File "/usr/local/lib/python3.12/site-packages/uvicorn/protocols/http/httptools_impl.py", line 409, in run_asgi
    |     result = await app(  # type: ignore[func-returns-value]
    |              ^^^^^^^^^^^^^^^^^^^^^^^^^^^^^^^^^^^^^^^^^^^^^^
    |   File "/usr/local/lib/python3.12/site-packages/uvicorn/middleware/proxy_headers.py", line 60, in __call__
    |     return await self.app(scope, receive, send)
    |            ^^^^^^^^^^^^^^^^^^^^^^^^^^^^^^^^^^^^
    |   File "/usr/local/lib/python3.12/site-packages/fastapi/applications.py", line 1054, in __call__
    |     await super().__call__(scope, receive, send)
    |   File "/usr/local/lib/python3.12/site-packages/starlette/applications.py", line 113, in __call__
    |     await self.middleware_stack(scope, receive, send)
    |   File "/usr/local/lib/python3.12/site-packages/starlette/middleware/errors.py", line 186, in __call__
    |     raise exc
    |   File "/usr/local/lib/python3.12/site-packages/starlette/middleware/errors.py", line 164, in __call__
    |     await self.app(scope, receive, _send)
    |   File "/usr/local/lib/python3.12/site-packages/starlette/middleware/base.py", line 182, in __call__
    |     with recv_stream, send_stream, collapse_excgroups():
    |                                    ^^^^^^^^^^^^^^^^^^^^
    |   File "/usr/local/lib/python3.12/contextlib.py", line 158, in __exit__
    |     self.gen.throw(value)
    |   File "/usr/local/lib/python3.12/site-packages/starlette/_utils.py", line 85, in collapse_excgroups
    |     raise exc
    |   File "/usr/local/lib/python3.12/site-packages/starlette/middleware/base.py", line 184, in __call__
    |     response = await self.dispatch_func(request, call_next)
    |                ^^^^^^^^^^^^^^^^^^^^^^^^^^^^^^^^^^^^^^^^^^^^
    |   File "/app/app/main.py", line 35, in request_context_middleware
    |     response = await call_next(request)
    |                ^^^^^^^^^^^^^^^^^^^^^^^^
    |   File "/usr/local/lib/python3.12/site-packages/starlette/middleware/base.py", line 159, in call_next
    |     raise app_exc
    |   File "/usr/local/lib/python3.12/site-packages/starlette/middleware/base.py", line 144, in coro
    |     await self.app(scope, receive_or_disconnect, send_no_error)
    |   File "/usr/local/lib/python3.12/site-packages/starlette/middleware/exceptions.py", line 63, in __call__
    |     await wrap_app_handling_exceptions(self.app, conn)(scope, receive, send)
    |   File "/usr/local/lib/python3.12/site-packages/starlette/_exception_handler.py", line 53, in wrapped_app
    |     raise exc
    |   File "/usr/local/lib/python3.12/site-packages/starlette/_exception_handler.py", line 42, in wrapped_app
    |     await app(scope, receive, sender)
    |   File "/usr/local/lib/python3.12/site-packages/starlette/routing.py", line 716, in __call__
    |     await self.middleware_stack(scope, receive, send)
    |   File "/usr/local/lib/python3.12/site-packages/starlette/routing.py", line 736, in app
    |     await route.handle(scope, receive, send)
    |   File "/usr/local/lib/python3.12/site-packages/starlette/routing.py", line 290, in handle
    |     await self.app(scope, receive, send)
    |   File "/usr/local/lib/python3.12/site-packages/starlette/routing.py", line 78, in app
    |     await wrap_app_handling_exceptions(app, request)(scope, receive, send)
    |   File "/usr/local/lib/python3.12/site-packages/starlette/_exception_handler.py", line 53, in wrapped_app
    |     raise exc
    |   File "/usr/local/lib/python3.12/site-packages/starlette/_exception_handler.py", line 42, in wrapped_app
    |     await app(scope, receive, sender)
    |   File "/usr/local/lib/python3.12/site-packages/starlette/routing.py", line 75, in app
    |     response = await f(request)
    |                ^^^^^^^^^^^^^^^^
    |   File "/usr/local/lib/python3.12/site-packages/fastapi/routing.py", line 302, in app
    |     raw_response = await run_endpoint_function(
    |                    ^^^^^^^^^^^^^^^^^^^^^^^^^^^^
    |   File "/usr/local/lib/python3.12/site-packages/fastapi/routing.py", line 213, in run_endpoint_function
    |     return await dependant.call(**values)
    |            ^^^^^^^^^^^^^^^^^^^^^^^^^^^^^^
    |   File "/app/app/api/routes/orders.py", line 55, in create_order_endpoint
    |     order = await create_order(db, current_user, payload)
    |             ^^^^^^^^^^^^^^^^^^^^^^^^^^^^^^^^^^^^^^^^^^^^^
    |   File "/app/app/services/order_service.py", line 308, in create_order
    |     {'attempt': attempt + 1, 'actor_user_id': str(user.id)},
    |                                                   ^^^^^^^
    |   File "/usr/local/lib/python3.12/site-packages/sqlalchemy/orm/attributes.py", line 569, in __get__
    |     return self.impl.get(state, dict_)  # type: ignore[no-any-return]
    |            ^^^^^^^^^^^^^^^^^^^^^^^^^^^
    |   File "/usr/local/lib/python3.12/site-packages/sqlalchemy/orm/attributes.py", line 1096, in get
    |     value = self._fire_loader_callables(state, key, passive)
    |             ^^^^^^^^^^^^^^^^^^^^^^^^^^^^^^^^^^^^^^^^^^^^^^^^
    |   File "/usr/local/lib/python3.12/site-packages/sqlalchemy/orm/attributes.py", line 1126, in 
_fire_loader_callables
    |     return state._load_expired(state, passive)
    |            ^^^^^^^^^^^^^^^^^^^^^^^^^^^^^^^^^^^
    |   File "/usr/local/lib/python3.12/site-packages/sqlalchemy/orm/state.py", line 803, in _load_expired
    |     self.manager.expired_attribute_loader(self, toload, passive)
    |   File "/usr/local/lib/python3.12/site-packages/sqlalchemy/orm/loading.py", line 1674, in load_scalar_attributes
    |     result = load_on_ident(
    |              ^^^^^^^^^^^^^^
    |   File "/usr/local/lib/python3.12/site-packages/sqlalchemy/orm/loading.py", line 510, in load_on_ident
    |     return load_on_pk_identity(
    |            ^^^^^^^^^^^^^^^^^^^^
    |   File "/usr/local/lib/python3.12/site-packages/sqlalchemy/orm/loading.py", line 695, in load_on_pk_identity
    |     session.execute(
    |   File "/usr/local/lib/python3.12/site-packages/sqlalchemy/orm/session.py", line 2365, in execute
    |     return self._execute_internal(
    |            ^^^^^^^^^^^^^^^^^^^^^^^
    |   File "/usr/local/lib/python3.12/site-packages/sqlalchemy/orm/session.py", line 2241, in _execute_internal
    |     conn = self._connection_for_bind(bind)
    |            ^^^^^^^^^^^^^^^^^^^^^^^^^^^^^^^
    |   File "/usr/local/lib/python3.12/site-packages/sqlalchemy/orm/session.py", line 2110, in _connection_for_bind
    |     return trans._connection_for_bind(engine, execution_options)
    |            ^^^^^^^^^^^^^^^^^^^^^^^^^^^^^^^^^^^^^^^^^^^^^^^^^^^^^
    |   File "<string>", line 2, in _connection_for_bind
    |   File "/usr/local/lib/python3.12/site-packages/sqlalchemy/orm/state_changes.py", line 137, in _go
    |     ret_value = fn(self, *arg, **kw)
    |                 ^^^^^^^^^^^^^^^^^^^^
    |   File "/usr/local/lib/python3.12/site-packages/sqlalchemy/orm/session.py", line 1189, in _connection_for_bind
    |     conn = bind.connect()
    |            ^^^^^^^^^^^^^^
    |   File "/usr/local/lib/python3.12/site-packages/sqlalchemy/engine/base.py", line 3277, in connect
    |     return self._connection_cls(self)
    |            ^^^^^^^^^^^^^^^^^^^^^^^^^^
    |   File "/usr/local/lib/python3.12/site-packages/sqlalchemy/engine/base.py", line 143, in __init__
    |     self._dbapi_connection = engine.raw_connection()
    |                              ^^^^^^^^^^^^^^^^^^^^^^^
    |   File "/usr/local/lib/python3.12/site-packages/sqlalchemy/engine/base.py", line 3301, in raw_connection
    |     return self.pool.connect()
    |            ^^^^^^^^^^^^^^^^^^^
    |   File "/usr/local/lib/python3.12/site-packages/sqlalchemy/pool/base.py", line 447, in connect
    |     return _ConnectionFairy._checkout(self)
    |            ^^^^^^^^^^^^^^^^^^^^^^^^^^^^^^^^
    |   File "/usr/local/lib/python3.12/site-packages/sqlalchemy/pool/base.py", line 1363, in _checkout
    |     with util.safe_reraise():
    |          ^^^^^^^^^^^^^^^^^^^
    |   File "/usr/local/lib/python3.12/site-packages/sqlalchemy/util/langhelpers.py", line 224, in __exit__
    |     raise exc_value.with_traceback(exc_tb)
    |   File "/usr/local/lib/python3.12/site-packages/sqlalchemy/pool/base.py", line 1301, in _checkout
    |     result = pool._dialect._do_ping_w_event(
    |              ^^^^^^^^^^^^^^^^^^^^^^^^^^^^^^^
    |   File "/usr/local/lib/python3.12/site-packages/sqlalchemy/engine/default.py", line 728, in _do_ping_w_event
    |     return self.do_ping(dbapi_connection)
    |            ^^^^^^^^^^^^^^^^^^^^^^^^^^^^^^
    |   File "/usr/local/lib/python3.12/site-packages/sqlalchemy/dialects/postgresql/asyncpg.py", line 1169, in do_ping
    |     dbapi_connection.ping()
    |   File "/usr/local/lib/python3.12/site-packages/sqlalchemy/dialects/postgresql/asyncpg.py", line 813, in ping
    |     self._handle_exception(error)
    |   File "/usr/local/lib/python3.12/site-packages/sqlalchemy/dialects/postgresql/asyncpg.py", line 794, in 
_handle_exception
    |     raise error
    |   File "/usr/local/lib/python3.12/site-packages/sqlalchemy/dialects/postgresql/asyncpg.py", line 811, in ping
    |     _ = self.await_(self._async_ping())
    |         ^^^^^^^^^^^^^^^^^^^^^^^^^^^^^^^
    |   File "/usr/local/lib/python3.12/site-packages/sqlalchemy/util/_concurrency_py3k.py", line 123, in await_only
    |     raise exc.MissingGreenlet(
    | sqlalchemy.exc.MissingGreenlet: greenlet_spawn has not been called; can't call await_only() here. Was IO 
attempted in an unexpected place? (Background on this error at: https://sqlalche.me/e/20/xd2s)
    +------------------------------------

During handling of the above exception, another exception occurred:

Traceback (most recent call last):
  File "/usr/local/lib/python3.12/site-packages/uvicorn/protocols/http/httptools_impl.py", line 409, in run_asgi
    result = await app(  # type: ignore[func-returns-value]
             ^^^^^^^^^^^^^^^^^^^^^^^^^^^^^^^^^^^^^^^^^^^^^^
  File "/usr/local/lib/python3.12/site-packages/uvicorn/middleware/proxy_headers.py", line 60, in __call__
    return await self.app(scope, receive, send)
           ^^^^^^^^^^^^^^^^^^^^^^^^^^^^^^^^^^^^
  File "/usr/local/lib/python3.12/site-packages/fastapi/applications.py", line 1054, in __call__
    await super().__call__(scope, receive, send)
  File "/usr/local/lib/python3.12/site-packages/starlette/applications.py", line 113, in __call__
    await self.middleware_stack(scope, receive, send)
  File "/usr/local/lib/python3.12/site-packages/starlette/middleware/errors.py", line 186, in __call__
    raise exc
  File "/usr/local/lib/python3.12/site-packages/starlette/middleware/errors.py", line 164, in __call__
    await self.app(scope, receive, _send)
  File "/usr/local/lib/python3.12/site-packages/starlette/middleware/base.py", line 182, in __call__
    with recv_stream, send_stream, collapse_excgroups():
                                   ^^^^^^^^^^^^^^^^^^^^
  File "/usr/local/lib/python3.12/contextlib.py", line 158, in __exit__
    self.gen.throw(value)
  File "/usr/local/lib/python3.12/site-packages/starlette/_utils.py", line 85, in collapse_excgroups
    raise exc
  File "/usr/local/lib/python3.12/site-packages/starlette/middleware/base.py", line 184, in __call__
    response = await self.dispatch_func(request, call_next)
               ^^^^^^^^^^^^^^^^^^^^^^^^^^^^^^^^^^^^^^^^^^^^
  File "/app/app/main.py", line 35, in request_context_middleware
    response = await call_next(request)
               ^^^^^^^^^^^^^^^^^^^^^^^^
  File "/usr/local/lib/python3.12/site-packages/starlette/middleware/base.py", line 159, in call_next
    raise app_exc
  File "/usr/local/lib/python3.12/site-packages/starlette/middleware/base.py", line 144, in coro
    await self.app(scope, receive_or_disconnect, send_no_error)
  File "/usr/local/lib/python3.12/site-packages/starlette/middleware/exceptions.py", line 63, in __call__
    await wrap_app_handling_exceptions(self.app, conn)(scope, receive, send)
  File "/usr/local/lib/python3.12/site-packages/starlette/_exception_handler.py", line 53, in wrapped_app
    raise exc
  File "/usr/local/lib/python3.12/site-packages/starlette/_exception_handler.py", line 42, in wrapped_app
    await app(scope, receive, sender)
  File "/usr/local/lib/python3.12/site-packages/starlette/routing.py", line 716, in __call__
    await self.middleware_stack(scope, receive, send)
  File "/usr/local/lib/python3.12/site-packages/starlette/routing.py", line 736, in app
    await route.handle(scope, receive, send)
  File "/usr/local/lib/python3.12/site-packages/starlette/routing.py", line 290, in handle
    await self.app(scope, receive, send)
  File "/usr/local/lib/python3.12/site-packages/starlette/routing.py", line 78, in app
    await wrap_app_handling_exceptions(app, request)(scope, receive, send)
  File "/usr/local/lib/python3.12/site-packages/starlette/_exception_handler.py", line 53, in wrapped_app
    raise exc
  File "/usr/local/lib/python3.12/site-packages/starlette/_exception_handler.py", line 42, in wrapped_app
    await app(scope, receive, sender)
  File "/usr/local/lib/python3.12/site-packages/starlette/routing.py", line 75, in app
    response = await f(request)
               ^^^^^^^^^^^^^^^^
  File "/usr/local/lib/python3.12/site-packages/fastapi/routing.py", line 302, in app
    raw_response = await run_endpoint_function(
                   ^^^^^^^^^^^^^^^^^^^^^^^^^^^^
  File "/usr/local/lib/python3.12/site-packages/fastapi/routing.py", line 213, in run_endpoint_function
    return await dependant.call(**values)
           ^^^^^^^^^^^^^^^^^^^^^^^^^^^^^^
  File "/app/app/api/routes/orders.py", line 55, in create_order_endpoint
    order = await create_order(db, current_user, payload)
            ^^^^^^^^^^^^^^^^^^^^^^^^^^^^^^^^^^^^^^^^^^^^^
  File "/app/app/services/order_service.py", line 308, in create_order
    {'attempt': attempt + 1, 'actor_user_id': str(user.id)},
                                                  ^^^^^^^
  File "/usr/local/lib/python3.12/site-packages/sqlalchemy/orm/attributes.py", line 569, in __get__
    return self.impl.get(state, dict_)  # type: ignore[no-any-return]
           ^^^^^^^^^^^^^^^^^^^^^^^^^^^
  File "/usr/local/lib/python3.12/site-packages/sqlalchemy/orm/attributes.py", line 1096, in get
    value = self._fire_loader_callables(state, key, passive)
            ^^^^^^^^^^^^^^^^^^^^^^^^^^^^^^^^^^^^^^^^^^^^^^^^
  File "/usr/local/lib/python3.12/site-packages/sqlalchemy/orm/attributes.py", line 1126, in _fire_loader_callables
    return state._load_expired(state, passive)
           ^^^^^^^^^^^^^^^^^^^^^^^^^^^^^^^^^^^
  File "/usr/local/lib/python3.12/site-packages/sqlalchemy/orm/state.py", line 803, in _load_expired
    self.manager.expired_attribute_loader(self, toload, passive)
  File "/usr/local/lib/python3.12/site-packages/sqlalchemy/orm/loading.py", line 1674, in load_scalar_attributes
    result = load_on_ident(
             ^^^^^^^^^^^^^^
  File "/usr/local/lib/python3.12/site-packages/sqlalchemy/orm/loading.py", line 510, in load_on_ident
    return load_on_pk_identity(
           ^^^^^^^^^^^^^^^^^^^^
  File "/usr/local/lib/python3.12/site-packages/sqlalchemy/orm/loading.py", line 695, in load_on_pk_identity
    session.execute(
  File "/usr/local/lib/python3.12/site-packages/sqlalchemy/orm/session.py", line 2365, in execute
    return self._execute_internal(
           ^^^^^^^^^^^^^^^^^^^^^^^
  File "/usr/local/lib/python3.12/site-packages/sqlalchemy/orm/session.py", line 2241, in _execute_internal
    conn = self._connection_for_bind(bind)
           ^^^^^^^^^^^^^^^^^^^^^^^^^^^^^^^
  File "/usr/local/lib/python3.12/site-packages/sqlalchemy/orm/session.py", line 2110, in _connection_for_bind
    return trans._connection_for_bind(engine, execution_options)
           ^^^^^^^^^^^^^^^^^^^^^^^^^^^^^^^^^^^^^^^^^^^^^^^^^^^^^
  File "<string>", line 2, in _connection_for_bind
  File "/usr/local/lib/python3.12/site-packages/sqlalchemy/orm/state_changes.py", line 137, in _go
    ret_value = fn(self, *arg, **kw)
                ^^^^^^^^^^^^^^^^^^^^
  File "/usr/local/lib/python3.12/site-packages/sqlalchemy/orm/session.py", line 1189, in _connection_for_bind
    conn = bind.connect()
           ^^^^^^^^^^^^^^
  File "/usr/local/lib/python3.12/site-packages/sqlalchemy/engine/base.py", line 3277, in connect
    return self._connection_cls(self)
           ^^^^^^^^^^^^^^^^^^^^^^^^^^
  File "/usr/local/lib/python3.12/site-packages/sqlalchemy/engine/base.py", line 143, in __init__
    self._dbapi_connection = engine.raw_connection()
                             ^^^^^^^^^^^^^^^^^^^^^^^
  File "/usr/local/lib/python3.12/site-packages/sqlalchemy/engine/base.py", line 3301, in raw_connection
    return self.pool.connect()
           ^^^^^^^^^^^^^^^^^^^
  File "/usr/local/lib/python3.12/site-packages/sqlalchemy/pool/base.py", line 447, in connect
    return _ConnectionFairy._checkout(self)
           ^^^^^^^^^^^^^^^^^^^^^^^^^^^^^^^^
  File "/usr/local/lib/python3.12/site-packages/sqlalchemy/pool/base.py", line 1363, in _checkout
    with util.safe_reraise():
         ^^^^^^^^^^^^^^^^^^^
  File "/usr/local/lib/python3.12/site-packages/sqlalchemy/util/langhelpers.py", line 224, in __exit__
    raise exc_value.with_traceback(exc_tb)
  File "/usr/local/lib/python3.12/site-packages/sqlalchemy/pool/base.py", line 1301, in _checkout
    result = pool._dialect._do_ping_w_event(
             ^^^^^^^^^^^^^^^^^^^^^^^^^^^^^^^
  File "/usr/local/lib/python3.12/site-packages/sqlalchemy/engine/default.py", line 728, in _do_ping_w_event
    return self.do_ping(dbapi_connection)
           ^^^^^^^^^^^^^^^^^^^^^^^^^^^^^^
  File "/usr/local/lib/python3.12/site-packages/sqlalchemy/dialects/postgresql/asyncpg.py", line 1169, in do_ping
    dbapi_connection.ping()
  File "/usr/local/lib/python3.12/site-packages/sqlalchemy/dialects/postgresql/asyncpg.py", line 813, in ping
    self._handle_exception(error)
  File "/usr/local/lib/python3.12/site-packages/sqlalchemy/dialects/postgresql/asyncpg.py", line 794, in 
_handle_exception
    raise error
  File "/usr/local/lib/python3.12/site-packages/sqlalchemy/dialects/postgresql/asyncpg.py", line 811, in ping
    _ = self.await_(self._async_ping())
        ^^^^^^^^^^^^^^^^^^^^^^^^^^^^^^^
  File "/usr/local/lib/python3.12/site-packages/sqlalchemy/util/_concurrency_py3k.py", line 123, in await_only
    raise exc.MissingGreenlet(
sqlalchemy.exc.MissingGreenlet: greenlet_spawn has not been called; can't call await_only() here. Was IO attempted in 
an unexpected place? (Background on this error at: https://sqlalche.me/e/20/xd2s)
{"ts": "2026-03-17T23:47:07.533278+00:00", "level": "INFO", "logger": "app.main", "message": "http.request", "event": 
"http.request", "method": "GET", "path": "/orders/a5390e24-8a65-428e-8174-f685587be8d0", "status_code": 200, 
"elapsed_ms": 370.94, "request_id": "984bba68-f50a-4526-b9a1-a4e2dfb0c35b"}
{"ts": "2026-03-17T23:47:07.535846+00:00", "level": "INFO", "logger": "app.main", "message": "http.request", "event": 
"http.request", "method": "POST", "path": "/orders", "status_code": 201, "elapsed_ms": 376.37, "request_id": 
"957beab9-e5af-47bb-8a4f-c6dda4e2ab08"}
{"ts": "2026-03-17T23:47:07.556654+00:00", "level": "INFO", "logger": "app.services.order_service", "message": 
"order.created", "event": "order.created", "order_id": "3ecd6408-1602-4b97-bd48-4b1036182fa4", "order_number": 13, 
"order_type": "pickup", "status": "NEW", "actor_user_id": "0ce35dca-d398-4600-9607-c80a9c594f93"}
INFO:     172.19.0.1:48564 - "GET /orders/a5390e24-8a65-428e-8174-f685587be8d0 HTTP/1.1" 200 OK
INFO:     172.19.0.1:48556 - "POST /orders HTTP/1.1" 201 Created
INFO:     172.19.0.1:48590 - "POST /orders HTTP/1.1" 500 Internal Server Error
{"ts": "2026-03-17T23:47:07.560879+00:00", "level": "ERROR", "logger": "app.main", "message": "http.request_failed", 
"event": "http.request_failed", "method": "POST", "path": "/orders", "status_code": 500, "elapsed_ms": 221.55, 
"request_id": "c7cdabba-c7c9-43fd-8ae6-e5ec1a78a53c"}
ERROR:    Exception in ASGI application
  + Exception Group Traceback (most recent call last):
  |   File "/usr/local/lib/python3.12/site-packages/starlette/_utils.py", line 79, in collapse_excgroups
  |     yield
  |   File "/usr/local/lib/python3.12/site-packages/starlette/middleware/base.py", line 183, in __call__
  |     async with anyio.create_task_group() as task_group:
  |                ^^^^^^^^^^^^^^^^^^^^^^^^^
  |   File "/usr/local/lib/python3.12/site-packages/anyio/_backends/_asyncio.py", line 783, in __aexit__
  |     raise BaseExceptionGroup(
  | ExceptionGroup: unhandled errors in a TaskGroup (1 sub-exception)
  +-+---------------- 1 ----------------
    | Traceback (most recent call last):
    |   File "/usr/local/lib/python3.12/site-packages/uvicorn/protocols/http/httptools_impl.py", line 409, in run_asgi
    |     result = await app(  # type: ignore[func-returns-value]
    |              ^^^^^^^^^^^^^^^^^^^^^^^^^^^^^^^^^^^^^^^^^^^^^^
    |   File "/usr/local/lib/python3.12/site-packages/uvicorn/middleware/proxy_headers.py", line 60, in __call__
    |     return await self.app(scope, receive, send)
    |            ^^^^^^^^^^^^^^^^^^^^^^^^^^^^^^^^^^^^
    |   File "/usr/local/lib/python3.12/site-packages/fastapi/applications.py", line 1054, in __call__
    |     await super().__call__(scope, receive, send)
    |   File "/usr/local/lib/python3.12/site-packages/starlette/applications.py", line 113, in __call__
    |     await self.middleware_stack(scope, receive, send)
    |   File "/usr/local/lib/python3.12/site-packages/starlette/middleware/errors.py", line 186, in __call__
    |     raise exc
    |   File "/usr/local/lib/python3.12/site-packages/starlette/middleware/errors.py", line 164, in __call__
    |     await self.app(scope, receive, _send)
    |   File "/usr/local/lib/python3.12/site-packages/starlette/middleware/base.py", line 182, in __call__
    |     with recv_stream, send_stream, collapse_excgroups():
    |                                    ^^^^^^^^^^^^^^^^^^^^
    |   File "/usr/local/lib/python3.12/contextlib.py", line 158, in __exit__
    |     self.gen.throw(value)
    |   File "/usr/local/lib/python3.12/site-packages/starlette/_utils.py", line 85, in collapse_excgroups
    |     raise exc
    |   File "/usr/local/lib/python3.12/site-packages/starlette/middleware/base.py", line 184, in __call__
    |     response = await self.dispatch_func(request, call_next)
    |                ^^^^^^^^^^^^^^^^^^^^^^^^^^^^^^^^^^^^^^^^^^^^
    |   File "/app/app/main.py", line 35, in request_context_middleware
    |     response = await call_next(request)
    |                ^^^^^^^^^^^^^^^^^^^^^^^^
    |   File "/usr/local/lib/python3.12/site-packages/starlette/middleware/base.py", line 159, in call_next
    |     raise app_exc
    |   File "/usr/local/lib/python3.12/site-packages/starlette/middleware/base.py", line 144, in coro
    |     await self.app(scope, receive_or_disconnect, send_no_error)
    |   File "/usr/local/lib/python3.12/site-packages/starlette/middleware/exceptions.py", line 63, in __call__
    |     await wrap_app_handling_exceptions(self.app, conn)(scope, receive, send)
    |   File "/usr/local/lib/python3.12/site-packages/starlette/_exception_handler.py", line 53, in wrapped_app
    |     raise exc
    |   File "/usr/local/lib/python3.12/site-packages/starlette/_exception_handler.py", line 42, in wrapped_app
    |     await app(scope, receive, sender)
    |   File "/usr/local/lib/python3.12/site-packages/starlette/routing.py", line 716, in __call__
    |     await self.middleware_stack(scope, receive, send)
    |   File "/usr/local/lib/python3.12/site-packages/starlette/routing.py", line 736, in app
    |     await route.handle(scope, receive, send)
    |   File "/usr/local/lib/python3.12/site-packages/starlette/routing.py", line 290, in handle
    |     await self.app(scope, receive, send)
    |   File "/usr/local/lib/python3.12/site-packages/starlette/routing.py", line 78, in app
    |     await wrap_app_handling_exceptions(app, request)(scope, receive, send)
    |   File "/usr/local/lib/python3.12/site-packages/starlette/_exception_handler.py", line 53, in wrapped_app
    |     raise exc
    |   File "/usr/local/lib/python3.12/site-packages/starlette/_exception_handler.py", line 42, in wrapped_app
    |     await app(scope, receive, sender)
    |   File "/usr/local/lib/python3.12/site-packages/starlette/routing.py", line 75, in app
    |     response = await f(request)
    |                ^^^^^^^^^^^^^^^^
    |   File "/usr/local/lib/python3.12/site-packages/fastapi/routing.py", line 302, in app
    |     raw_response = await run_endpoint_function(
    |                    ^^^^^^^^^^^^^^^^^^^^^^^^^^^^
    |   File "/usr/local/lib/python3.12/site-packages/fastapi/routing.py", line 213, in run_endpoint_function
    |     return await dependant.call(**values)
    |            ^^^^^^^^^^^^^^^^^^^^^^^^^^^^^^
    |   File "/app/app/api/routes/orders.py", line 55, in create_order_endpoint
    |     order = await create_order(db, current_user, payload)
    |             ^^^^^^^^^^^^^^^^^^^^^^^^^^^^^^^^^^^^^^^^^^^^^
    |   File "/app/app/services/order_service.py", line 308, in create_order
    |     {'attempt': attempt + 1, 'actor_user_id': str(user.id)},
    |                                                   ^^^^^^^
    |   File "/usr/local/lib/python3.12/site-packages/sqlalchemy/orm/attributes.py", line 569, in __get__
    |     return self.impl.get(state, dict_)  # type: ignore[no-any-return]
    |            ^^^^^^^^^^^^^^^^^^^^^^^^^^^
    |   File "/usr/local/lib/python3.12/site-packages/sqlalchemy/orm/attributes.py", line 1096, in get
    |     value = self._fire_loader_callables(state, key, passive)
    |             ^^^^^^^^^^^^^^^^^^^^^^^^^^^^^^^^^^^^^^^^^^^^^^^^
    |   File "/usr/local/lib/python3.12/site-packages/sqlalchemy/orm/attributes.py", line 1126, in 
_fire_loader_callables
    |     return state._load_expired(state, passive)
    |            ^^^^^^^^^^^^^^^^^^^^^^^^^^^^^^^^^^^
    |   File "/usr/local/lib/python3.12/site-packages/sqlalchemy/orm/state.py", line 803, in _load_expired
    |     self.manager.expired_attribute_loader(self, toload, passive)
    |   File "/usr/local/lib/python3.12/site-packages/sqlalchemy/orm/loading.py", line 1674, in load_scalar_attributes
    |     result = load_on_ident(
    |              ^^^^^^^^^^^^^^
    |   File "/usr/local/lib/python3.12/site-packages/sqlalchemy/orm/loading.py", line 510, in load_on_ident
    |     return load_on_pk_identity(
    |            ^^^^^^^^^^^^^^^^^^^^
    |   File "/usr/local/lib/python3.12/site-packages/sqlalchemy/orm/loading.py", line 695, in load_on_pk_identity
    |     session.execute(
    |   File "/usr/local/lib/python3.12/site-packages/sqlalchemy/orm/session.py", line 2365, in execute
    |     return self._execute_internal(
    |            ^^^^^^^^^^^^^^^^^^^^^^^
    |   File "/usr/local/lib/python3.12/site-packages/sqlalchemy/orm/session.py", line 2241, in _execute_internal
    |     conn = self._connection_for_bind(bind)
    |            ^^^^^^^^^^^^^^^^^^^^^^^^^^^^^^^
    |   File "/usr/local/lib/python3.12/site-packages/sqlalchemy/orm/session.py", line 2110, in _connection_for_bind
    |     return trans._connection_for_bind(engine, execution_options)
    |            ^^^^^^^^^^^^^^^^^^^^^^^^^^^^^^^^^^^^^^^^^^^^^^^^^^^^^
    |   File "<string>", line 2, in _connection_for_bind
    |   File "/usr/local/lib/python3.12/site-packages/sqlalchemy/orm/state_changes.py", line 137, in _go
    |     ret_value = fn(self, *arg, **kw)
    |                 ^^^^^^^^^^^^^^^^^^^^
    |   File "/usr/local/lib/python3.12/site-packages/sqlalchemy/orm/session.py", line 1189, in _connection_for_bind
    |     conn = bind.connect()
    |            ^^^^^^^^^^^^^^
    |   File "/usr/local/lib/python3.12/site-packages/sqlalchemy/engine/base.py", line 3277, in connect
    |     return self._connection_cls(self)
    |            ^^^^^^^^^^^^^^^^^^^^^^^^^^
    |   File "/usr/local/lib/python3.12/site-packages/sqlalchemy/engine/base.py", line 143, in __init__
    |     self._dbapi_connection = engine.raw_connection()
    |                              ^^^^^^^^^^^^^^^^^^^^^^^
    |   File "/usr/local/lib/python3.12/site-packages/sqlalchemy/engine/base.py", line 3301, in raw_connection
    |     return self.pool.connect()
    |            ^^^^^^^^^^^^^^^^^^^
    |   File "/usr/local/lib/python3.12/site-packages/sqlalchemy/pool/base.py", line 447, in connect
    |     return _ConnectionFairy._checkout(self)
    |            ^^^^^^^^^^^^^^^^^^^^^^^^^^^^^^^^
    |   File "/usr/local/lib/python3.12/site-packages/sqlalchemy/pool/base.py", line 1264, in _checkout
    |     fairy = _ConnectionRecord.checkout(pool)
    |             ^^^^^^^^^^^^^^^^^^^^^^^^^^^^^^^^
    |   File "/usr/local/lib/python3.12/site-packages/sqlalchemy/pool/base.py", line 716, in checkout
    |     with util.safe_reraise():
    |          ^^^^^^^^^^^^^^^^^^^
    |   File "/usr/local/lib/python3.12/site-packages/sqlalchemy/util/langhelpers.py", line 224, in __exit__
    |     raise exc_value.with_traceback(exc_tb)
    |   File "/usr/local/lib/python3.12/site-packages/sqlalchemy/pool/base.py", line 714, in checkout
    |     dbapi_connection = rec.get_connection()
    |                        ^^^^^^^^^^^^^^^^^^^^
    |   File "/usr/local/lib/python3.12/site-packages/sqlalchemy/pool/base.py", line 836, in get_connection
    |     self.__connect()
    |   File "/usr/local/lib/python3.12/site-packages/sqlalchemy/pool/base.py", line 899, in __connect
    |     with util.safe_reraise():
    |          ^^^^^^^^^^^^^^^^^^^
    |   File "/usr/local/lib/python3.12/site-packages/sqlalchemy/util/langhelpers.py", line 224, in __exit__
    |     raise exc_value.with_traceback(exc_tb)
    |   File "/usr/local/lib/python3.12/site-packages/sqlalchemy/pool/base.py", line 895, in __connect
    |     self.dbapi_connection = connection = pool._invoke_creator(self)
    |                                          ^^^^^^^^^^^^^^^^^^^^^^^^^^
    |   File "/usr/local/lib/python3.12/site-packages/sqlalchemy/engine/create.py", line 661, in connect
    |     return dialect.connect(*cargs, **cparams)
    |            ^^^^^^^^^^^^^^^^^^^^^^^^^^^^^^^^^^
    |   File "/usr/local/lib/python3.12/site-packages/sqlalchemy/engine/default.py", line 629, in connect
    |     return self.loaded_dbapi.connect(*cargs, **cparams)  # type: ignore[no-any-return]  # NOQA: E501
    |            ^^^^^^^^^^^^^^^^^^^^^^^^^^^^^^^^^^^^^^^^^^^^
    |   File "/usr/local/lib/python3.12/site-packages/sqlalchemy/dialects/postgresql/asyncpg.py", line 964, in connect
    |     await_only(creator_fn(*arg, **kw)),
    |     ^^^^^^^^^^^^^^^^^^^^^^^^^^^^^^^^^^
    |   File "/usr/local/lib/python3.12/site-packages/sqlalchemy/util/_concurrency_py3k.py", line 123, in await_only
    |     raise exc.MissingGreenlet(
    | sqlalchemy.exc.MissingGreenlet: greenlet_spawn has not been called; can't call await_only() here. Was IO 
attempted in an unexpected place? (Background on this error at: https://sqlalche.me/e/20/xd2s)
    +------------------------------------

During handling of the above exception, another exception occurred:

Traceback (most recent call last):
  File "/usr/local/lib/python3.12/site-packages/uvicorn/protocols/http/httptools_impl.py", line 409, in run_asgi
    result = await app(  # type: ignore[func-returns-value]
             ^^^^^^^^^^^^^^^^^^^^^^^^^^^^^^^^^^^^^^^^^^^^^^
  File "/usr/local/lib/python3.12/site-packages/uvicorn/middleware/proxy_headers.py", line 60, in __call__
    return await self.app(scope, receive, send)
           ^^^^^^^^^^^^^^^^^^^^^^^^^^^^^^^^^^^^
  File "/usr/local/lib/python3.12/site-packages/fastapi/applications.py", line 1054, in __call__
    await super().__call__(scope, receive, send)
  File "/usr/local/lib/python3.12/site-packages/starlette/applications.py", line 113, in __call__
    await self.middleware_stack(scope, receive, send)
  File "/usr/local/lib/python3.12/site-packages/starlette/middleware/errors.py", line 186, in __call__
    raise exc
  File "/usr/local/lib/python3.12/site-packages/starlette/middleware/errors.py", line 164, in __call__
    await self.app(scope, receive, _send)
  File "/usr/local/lib/python3.12/site-packages/starlette/middleware/base.py", line 182, in __call__
    with recv_stream, send_stream, collapse_excgroups():
                                   ^^^^^^^^^^^^^^^^^^^^
  File "/usr/local/lib/python3.12/contextlib.py", line 158, in __exit__
    self.gen.throw(value)
  File "/usr/local/lib/python3.12/site-packages/starlette/_utils.py", line 85, in collapse_excgroups
    raise exc
  File "/usr/local/lib/python3.12/site-packages/starlette/middleware/base.py", line 184, in __call__
    response = await self.dispatch_func(request, call_next)
               ^^^^^^^^^^^^^^^^^^^^^^^^^^^^^^^^^^^^^^^^^^^^
  File "/app/app/main.py", line 35, in request_context_middleware
    response = await call_next(request)
               ^^^^^^^^^^^^^^^^^^^^^^^^
  File "/usr/local/lib/python3.12/site-packages/starlette/middleware/base.py", line 159, in call_next
    raise app_exc
  File "/usr/local/lib/python3.12/site-packages/starlette/middleware/base.py", line 144, in coro
    await self.app(scope, receive_or_disconnect, send_no_error)
  File "/usr/local/lib/python3.12/site-packages/starlette/middleware/exceptions.py", line 63, in __call__
    await wrap_app_handling_exceptions(self.app, conn)(scope, receive, send)
  File "/usr/local/lib/python3.12/site-packages/starlette/_exception_handler.py", line 53, in wrapped_app
    raise exc
  File "/usr/local/lib/python3.12/site-packages/starlette/_exception_handler.py", line 42, in wrapped_app
    await app(scope, receive, sender)
  File "/usr/local/lib/python3.12/site-packages/starlette/routing.py", line 716, in __call__
    await self.middleware_stack(scope, receive, send)
  File "/usr/local/lib/python3.12/site-packages/starlette/routing.py", line 736, in app
    await route.handle(scope, receive, send)
  File "/usr/local/lib/python3.12/site-packages/starlette/routing.py", line 290, in handle
    await self.app(scope, receive, send)
  File "/usr/local/lib/python3.12/site-packages/starlette/routing.py", line 78, in app
    await wrap_app_handling_exceptions(app, request)(scope, receive, send)
  File "/usr/local/lib/python3.12/site-packages/starlette/_exception_handler.py", line 53, in wrapped_app
    raise exc
  File "/usr/local/lib/python3.12/site-packages/starlette/_exception_handler.py", line 42, in wrapped_app
    await app(scope, receive, sender)
  File "/usr/local/lib/python3.12/site-packages/starlette/routing.py", line 75, in app
    response = await f(request)
               ^^^^^^^^^^^^^^^^
  File "/usr/local/lib/python3.12/site-packages/fastapi/routing.py", line 302, in app
    raw_response = await run_endpoint_function(
                   ^^^^^^^^^^^^^^^^^^^^^^^^^^^^
  File "/usr/local/lib/python3.12/site-packages/fastapi/routing.py", line 213, in run_endpoint_function
    return await dependant.call(**values)
           ^^^^^^^^^^^^^^^^^^^^^^^^^^^^^^
  File "/app/app/api/routes/orders.py", line 55, in create_order_endpoint
    order = await create_order(db, current_user, payload)
            ^^^^^^^^^^^^^^^^^^^^^^^^^^^^^^^^^^^^^^^^^^^^^
  File "/app/app/services/order_service.py", line 308, in create_order
    {'attempt': attempt + 1, 'actor_user_id': str(user.id)},
                                                  ^^^^^^^
  File "/usr/local/lib/python3.12/site-packages/sqlalchemy/orm/attributes.py", line 569, in __get__
    return self.impl.get(state, dict_)  # type: ignore[no-any-return]
           ^^^^^^^^^^^^^^^^^^^^^^^^^^^
  File "/usr/local/lib/python3.12/site-packages/sqlalchemy/orm/attributes.py", line 1096, in get
    value = self._fire_loader_callables(state, key, passive)
            ^^^^^^^^^^^^^^^^^^^^^^^^^^^^^^^^^^^^^^^^^^^^^^^^
  File "/usr/local/lib/python3.12/site-packages/sqlalchemy/orm/attributes.py", line 1126, in _fire_loader_callables
    return state._load_expired(state, passive)
           ^^^^^^^^^^^^^^^^^^^^^^^^^^^^^^^^^^^
  File "/usr/local/lib/python3.12/site-packages/sqlalchemy/orm/state.py", line 803, in _load_expired
    self.manager.expired_attribute_loader(self, toload, passive)
  File "/usr/local/lib/python3.12/site-packages/sqlalchemy/orm/loading.py", line 1674, in load_scalar_attributes
    result = load_on_ident(
             ^^^^^^^^^^^^^^
  File "/usr/local/lib/python3.12/site-packages/sqlalchemy/orm/loading.py", line 510, in load_on_ident
    return load_on_pk_identity(
           ^^^^^^^^^^^^^^^^^^^^
  File "/usr/local/lib/python3.12/site-packages/sqlalchemy/orm/loading.py", line 695, in load_on_pk_identity
    session.execute(
  File "/usr/local/lib/python3.12/site-packages/sqlalchemy/orm/session.py", line 2365, in execute
    return self._execute_internal(
           ^^^^^^^^^^^^^^^^^^^^^^^
  File "/usr/local/lib/python3.12/site-packages/sqlalchemy/orm/session.py", line 2241, in _execute_internal
    conn = self._connection_for_bind(bind)
           ^^^^^^^^^^^^^^^^^^^^^^^^^^^^^^^
  File "/usr/local/lib/python3.12/site-packages/sqlalchemy/orm/session.py", line 2110, in _connection_for_bind
    return trans._connection_for_bind(engine, execution_options)
           ^^^^^^^^^^^^^^^^^^^^^^^^^^^^^^^^^^^^^^^^^^^^^^^^^^^^^
  File "<string>", line 2, in _connection_for_bind
  File "/usr/local/lib/python3.12/site-packages/sqlalchemy/orm/state_changes.py", line 137, in _go
    ret_value = fn(self, *arg, **kw)
                ^^^^^^^^^^^^^^^^^^^^
  File "/usr/local/lib/python3.12/site-packages/sqlalchemy/orm/session.py", line 1189, in _connection_for_bind
    conn = bind.connect()
           ^^^^^^^^^^^^^^
  File "/usr/local/lib/python3.12/site-packages/sqlalchemy/engine/base.py", line 3277, in connect
    return self._connection_cls(self)
           ^^^^^^^^^^^^^^^^^^^^^^^^^^
  File "/usr/local/lib/python3.12/site-packages/sqlalchemy/engine/base.py", line 143, in __init__
    self._dbapi_connection = engine.raw_connection()
                             ^^^^^^^^^^^^^^^^^^^^^^^
  File "/usr/local/lib/python3.12/site-packages/sqlalchemy/engine/base.py", line 3301, in raw_connection
    return self.pool.connect()
           ^^^^^^^^^^^^^^^^^^^
  File "/usr/local/lib/python3.12/site-packages/sqlalchemy/pool/base.py", line 447, in connect
    return _ConnectionFairy._checkout(self)
           ^^^^^^^^^^^^^^^^^^^^^^^^^^^^^^^^
  File "/usr/local/lib/python3.12/site-packages/sqlalchemy/pool/base.py", line 1264, in _checkout
    fairy = _ConnectionRecord.checkout(pool)
            ^^^^^^^^^^^^^^^^^^^^^^^^^^^^^^^^
  File "/usr/local/lib/python3.12/site-packages/sqlalchemy/pool/base.py", line 716, in checkout
    with util.safe_reraise():
         ^^^^^^^^^^^^^^^^^^^
  File "/usr/local/lib/python3.12/site-packages/sqlalchemy/util/langhelpers.py", line 224, in __exit__
    raise exc_value.with_traceback(exc_tb)
  File "/usr/local/lib/python3.12/site-packages/sqlalchemy/pool/base.py", line 714, in checkout
    dbapi_connection = rec.get_connection()
                       ^^^^^^^^^^^^^^^^^^^^
  File "/usr/local/lib/python3.12/site-packages/sqlalchemy/pool/base.py", line 836, in get_connection
    self.__connect()
  File "/usr/local/lib/python3.12/site-packages/sqlalchemy/pool/base.py", line 899, in __connect
    with util.safe_reraise():
         ^^^^^^^^^^^^^^^^^^^
  File "/usr/local/lib/python3.12/site-packages/sqlalchemy/util/langhelpers.py", line 224, in __exit__
    raise exc_value.with_traceback(exc_tb)
  File "/usr/local/lib/python3.12/site-packages/sqlalchemy/pool/base.py", line 895, in __connect
    self.dbapi_connection = connection = pool._invoke_creator(self)
                                         ^^^^^^^^^^^^^^^^^^^^^^^^^^
  File "/usr/local/lib/python3.12/site-packages/sqlalchemy/engine/create.py", line 661, in connect
    return dialect.connect(*cargs, **cparams)
           ^^^^^^^^^^^^^^^^^^^^^^^^^^^^^^^^^^
  File "/usr/local/lib/python3.12/site-packages/sqlalchemy/engine/default.py", line 629, in connect
    return self.loaded_dbapi.connect(*cargs, **cparams)  # type: ignore[no-any-return]  # NOQA: E501
           ^^^^^^^^^^^^^^^^^^^^^^^^^^^^^^^^^^^^^^^^^^^^
  File "/usr/local/lib/python3.12/site-packages/sqlalchemy/dialects/postgresql/asyncpg.py", line 964, in connect
    await_only(creator_fn(*arg, **kw)),
    ^^^^^^^^^^^^^^^^^^^^^^^^^^^^^^^^^^
  File "/usr/local/lib/python3.12/site-packages/sqlalchemy/util/_concurrency_py3k.py", line 123, in await_only
    raise exc.MissingGreenlet(
sqlalchemy.exc.MissingGreenlet: greenlet_spawn has not been called; can't call await_only() here. Was IO attempted in 
an unexpected place? (Background on this error at: https://sqlalche.me/e/20/xd2s)
{"ts": "2026-03-17T23:47:07.594829+00:00", "level": "ERROR", "logger": "app.main", "message": "http.request_failed", 
"event": "http.request_failed", "method": "POST", "path": "/orders", "status_code": 500, "elapsed_ms": 225.31, 
"request_id": "5fdbbe98-62e5-4b07-855a-ac39d37a35b1"}
ERROR:    Exception in ASGI application
  + Exception Group Traceback (most recent call last):
  |   File "/usr/local/lib/python3.12/site-packages/starlette/_utils.py", line 79, in collapse_excgroups
  |     yield
  |   File "/usr/local/lib/python3.12/site-packages/starlette/middleware/base.py", line 183, in __call__
  |     async with anyio.create_task_group() as task_group:
  |                ^^^^^^^^^^^^^^^^^^^^^^^^^
  |   File "/usr/local/lib/python3.12/site-packages/anyio/_backends/_asyncio.py", line 783, in __aexit__
  |     raise BaseExceptionGroup(
  | ExceptionGroup: unhandled errors in a TaskGroup (1 sub-exception)
  +-+---------------- 1 ----------------
    | Traceback (most recent call last):
    |   File "/usr/local/lib/python3.12/site-packages/uvicorn/protocols/http/httptools_impl.py", line 409, in run_asgi
    |     result = await app(  # type: ignore[func-returns-value]
    |              ^^^^^^^^^^^^^^^^^^^^^^^^^^^^^^^^^^^^^^^^^^^^^^
    |   File "/usr/local/lib/python3.12/site-packages/uvicorn/middleware/proxy_headers.py", line 60, in __call__
    |     return await self.app(scope, receive, send)
    |            ^^^^^^^^^^^^^^^^^^^^^^^^^^^^^^^^^^^^
    |   File "/usr/local/lib/python3.12/site-packages/fastapi/applications.py", line 1054, in __call__
    |     await super().__call__(scope, receive, send)
    |   File "/usr/local/lib/python3.12/site-packages/starlette/applications.py", line 113, in __call__
    |     await self.middleware_stack(scope, receive, send)
    |   File "/usr/local/lib/python3.12/site-packages/starlette/middleware/errors.py", line 186, in __call__
    |     raise exc
    |   File "/usr/local/lib/python3.12/site-packages/starlette/middleware/errors.py", line 164, in __call__
    |     await self.app(scope, receive, _send)
    |   File "/usr/local/lib/python3.12/site-packages/starlette/middleware/base.py", line 182, in __call__
    |     with recv_stream, send_stream, collapse_excgroups():
    |                                    ^^^^^^^^^^^^^^^^^^^^
    |   File "/usr/local/lib/python3.12/contextlib.py", line 158, in __exit__
    |     self.gen.throw(value)
    |   File "/usr/local/lib/python3.12/site-packages/starlette/_utils.py", line 85, in collapse_excgroups
    |     raise exc
    |   File "/usr/local/lib/python3.12/site-packages/starlette/middleware/base.py", line 184, in __call__
    |     response = await self.dispatch_func(request, call_next)
    |                ^^^^^^^^^^^^^^^^^^^^^^^^^^^^^^^^^^^^^^^^^^^^
    |   File "/app/app/main.py", line 35, in request_context_middleware
    |     response = await call_next(request)
    |                ^^^^^^^^^^^^^^^^^^^^^^^^
    |   File "/usr/local/lib/python3.12/site-packages/starlette/middleware/base.py", line 159, in call_next
    |     raise app_exc
    |   File "/usr/local/lib/python3.12/site-packages/starlette/middleware/base.py", line 144, in coro
    |     await self.app(scope, receive_or_disconnect, send_no_error)
    |   File "/usr/local/lib/python3.12/site-packages/starlette/middleware/exceptions.py", line 63, in __call__
    |     await wrap_app_handling_exceptions(self.app, conn)(scope, receive, send)
    |   File "/usr/local/lib/python3.12/site-packages/starlette/_exception_handler.py", line 53, in wrapped_app
    |     raise exc
    |   File "/usr/local/lib/python3.12/site-packages/starlette/_exception_handler.py", line 42, in wrapped_app
INFO:     172.19.0.1:48602 - "POST /orders HTTP/1.1" 500 Internal Server Error
    |     await app(scope, receive, sender)
    |   File "/usr/local/lib/python3.12/site-packages/starlette/routing.py", line 716, in __call__
    |     await self.middleware_stack(scope, receive, send)
    |   File "/usr/local/lib/python3.12/site-packages/starlette/routing.py", line 736, in app
    |     await route.handle(scope, receive, send)
    |   File "/usr/local/lib/python3.12/site-packages/starlette/routing.py", line 290, in handle
    |     await self.app(scope, receive, send)
    |   File "/usr/local/lib/python3.12/site-packages/starlette/routing.py", line 78, in app
    |     await wrap_app_handling_exceptions(app, request)(scope, receive, send)
    |   File "/usr/local/lib/python3.12/site-packages/starlette/_exception_handler.py", line 53, in wrapped_app
    |     raise exc
    |   File "/usr/local/lib/python3.12/site-packages/starlette/_exception_handler.py", line 42, in wrapped_app
    |     await app(scope, receive, sender)
    |   File "/usr/local/lib/python3.12/site-packages/starlette/routing.py", line 75, in app
    |     response = await f(request)
    |                ^^^^^^^^^^^^^^^^
    |   File "/usr/local/lib/python3.12/site-packages/fastapi/routing.py", line 302, in app
    |     raw_response = await run_endpoint_function(
    |                    ^^^^^^^^^^^^^^^^^^^^^^^^^^^^
    |   File "/usr/local/lib/python3.12/site-packages/fastapi/routing.py", line 213, in run_endpoint_function
    |     return await dependant.call(**values)
    |            ^^^^^^^^^^^^^^^^^^^^^^^^^^^^^^
    |   File "/app/app/api/routes/orders.py", line 55, in create_order_endpoint
    |     order = await create_order(db, current_user, payload)
    |             ^^^^^^^^^^^^^^^^^^^^^^^^^^^^^^^^^^^^^^^^^^^^^
    |   File "/app/app/services/order_service.py", line 308, in create_order
    |     {'attempt': attempt + 1, 'actor_user_id': str(user.id)},
    |                                                   ^^^^^^^
    |   File "/usr/local/lib/python3.12/site-packages/sqlalchemy/orm/attributes.py", line 569, in __get__
    |     return self.impl.get(state, dict_)  # type: ignore[no-any-return]
    |            ^^^^^^^^^^^^^^^^^^^^^^^^^^^
    |   File "/usr/local/lib/python3.12/site-packages/sqlalchemy/orm/attributes.py", line 1096, in get
    |     value = self._fire_loader_callables(state, key, passive)
    |             ^^^^^^^^^^^^^^^^^^^^^^^^^^^^^^^^^^^^^^^^^^^^^^^^
    |   File "/usr/local/lib/python3.12/site-packages/sqlalchemy/orm/attributes.py", line 1126, in 
_fire_loader_callables
    |     return state._load_expired(state, passive)
    |            ^^^^^^^^^^^^^^^^^^^^^^^^^^^^^^^^^^^
    |   File "/usr/local/lib/python3.12/site-packages/sqlalchemy/orm/state.py", line 803, in _load_expired
    |     self.manager.expired_attribute_loader(self, toload, passive)
    |   File "/usr/local/lib/python3.12/site-packages/sqlalchemy/orm/loading.py", line 1674, in load_scalar_attributes
    |     result = load_on_ident(
    |              ^^^^^^^^^^^^^^
    |   File "/usr/local/lib/python3.12/site-packages/sqlalchemy/orm/loading.py", line 510, in load_on_ident
    |     return load_on_pk_identity(
    |            ^^^^^^^^^^^^^^^^^^^^
    |   File "/usr/local/lib/python3.12/site-packages/sqlalchemy/orm/loading.py", line 695, in load_on_pk_identity
    |     session.execute(
    |   File "/usr/local/lib/python3.12/site-packages/sqlalchemy/orm/session.py", line 2365, in execute
    |     return self._execute_internal(
    |            ^^^^^^^^^^^^^^^^^^^^^^^
    |   File "/usr/local/lib/python3.12/site-packages/sqlalchemy/orm/session.py", line 2241, in _execute_internal
    |     conn = self._connection_for_bind(bind)
    |            ^^^^^^^^^^^^^^^^^^^^^^^^^^^^^^^
    |   File "/usr/local/lib/python3.12/site-packages/sqlalchemy/orm/session.py", line 2110, in _connection_for_bind
    |     return trans._connection_for_bind(engine, execution_options)
    |            ^^^^^^^^^^^^^^^^^^^^^^^^^^^^^^^^^^^^^^^^^^^^^^^^^^^^^
    |   File "<string>", line 2, in _connection_for_bind
    |   File "/usr/local/lib/python3.12/site-packages/sqlalchemy/orm/state_changes.py", line 137, in _go
    |     ret_value = fn(self, *arg, **kw)
    |                 ^^^^^^^^^^^^^^^^^^^^
    |   File "/usr/local/lib/python3.12/site-packages/sqlalchemy/orm/session.py", line 1189, in _connection_for_bind
    |     conn = bind.connect()
    |            ^^^^^^^^^^^^^^
    |   File "/usr/local/lib/python3.12/site-packages/sqlalchemy/engine/base.py", line 3277, in connect
    |     return self._connection_cls(self)
    |            ^^^^^^^^^^^^^^^^^^^^^^^^^^
    |   File "/usr/local/lib/python3.12/site-packages/sqlalchemy/engine/base.py", line 143, in __init__
    |     self._dbapi_connection = engine.raw_connection()
    |                              ^^^^^^^^^^^^^^^^^^^^^^^
    |   File "/usr/local/lib/python3.12/site-packages/sqlalchemy/engine/base.py", line 3301, in raw_connection
    |     return self.pool.connect()
    |            ^^^^^^^^^^^^^^^^^^^
    |   File "/usr/local/lib/python3.12/site-packages/sqlalchemy/pool/base.py", line 447, in connect
    |     return _ConnectionFairy._checkout(self)
    |            ^^^^^^^^^^^^^^^^^^^^^^^^^^^^^^^^
    |   File "/usr/local/lib/python3.12/site-packages/sqlalchemy/pool/base.py", line 1363, in _checkout
    |     with util.safe_reraise():
    |          ^^^^^^^^^^^^^^^^^^^
    |   File "/usr/local/lib/python3.12/site-packages/sqlalchemy/util/langhelpers.py", line 224, in __exit__
    |     raise exc_value.with_traceback(exc_tb)
    |   File "/usr/local/lib/python3.12/site-packages/sqlalchemy/pool/base.py", line 1301, in _checkout
    |     result = pool._dialect._do_ping_w_event(
    |              ^^^^^^^^^^^^^^^^^^^^^^^^^^^^^^^
    |   File "/usr/local/lib/python3.12/site-packages/sqlalchemy/engine/default.py", line 728, in _do_ping_w_event
    |     return self.do_ping(dbapi_connection)
    |            ^^^^^^^^^^^^^^^^^^^^^^^^^^^^^^
    |   File "/usr/local/lib/python3.12/site-packages/sqlalchemy/dialects/postgresql/asyncpg.py", line 1169, in do_ping
    |     dbapi_connection.ping()
    |   File "/usr/local/lib/python3.12/site-packages/sqlalchemy/dialects/postgresql/asyncpg.py", line 813, in ping
    |     self._handle_exception(error)
    |   File "/usr/local/lib/python3.12/site-packages/sqlalchemy/dialects/postgresql/asyncpg.py", line 794, in 
_handle_exception
    |     raise error
    |   File "/usr/local/lib/python3.12/site-packages/sqlalchemy/dialects/postgresql/asyncpg.py", line 811, in ping
    |     _ = self.await_(self._async_ping())
    |         ^^^^^^^^^^^^^^^^^^^^^^^^^^^^^^^
    |   File "/usr/local/lib/python3.12/site-packages/sqlalchemy/util/_concurrency_py3k.py", line 123, in await_only
    |     raise exc.MissingGreenlet(
    | sqlalchemy.exc.MissingGreenlet: greenlet_spawn has not been called; can't call await_only() here. Was IO 
attempted in an unexpected place? (Background on this error at: https://sqlalche.me/e/20/xd2s)
    +------------------------------------

During handling of the above exception, another exception occurred:

Traceback (most recent call last):
  File "/usr/local/lib/python3.12/site-packages/uvicorn/protocols/http/httptools_impl.py", line 409, in run_asgi
    result = await app(  # type: ignore[func-returns-value]
             ^^^^^^^^^^^^^^^^^^^^^^^^^^^^^^^^^^^^^^^^^^^^^^
  File "/usr/local/lib/python3.12/site-packages/uvicorn/middleware/proxy_headers.py", line 60, in __call__
    return await self.app(scope, receive, send)
           ^^^^^^^^^^^^^^^^^^^^^^^^^^^^^^^^^^^^
  File "/usr/local/lib/python3.12/site-packages/fastapi/applications.py", line 1054, in __call__
    await super().__call__(scope, receive, send)
  File "/usr/local/lib/python3.12/site-packages/starlette/applications.py", line 113, in __call__
    await self.middleware_stack(scope, receive, send)
  File "/usr/local/lib/python3.12/site-packages/starlette/middleware/errors.py", line 186, in __call__
    raise exc
  File "/usr/local/lib/python3.12/site-packages/starlette/middleware/errors.py", line 164, in __call__
    await self.app(scope, receive, _send)
  File "/usr/local/lib/python3.12/site-packages/starlette/middleware/base.py", line 182, in __call__
    with recv_stream, send_stream, collapse_excgroups():
                                   ^^^^^^^^^^^^^^^^^^^^
  File "/usr/local/lib/python3.12/contextlib.py", line 158, in __exit__
    self.gen.throw(value)
  File "/usr/local/lib/python3.12/site-packages/starlette/_utils.py", line 85, in collapse_excgroups
    raise exc
  File "/usr/local/lib/python3.12/site-packages/starlette/middleware/base.py", line 184, in __call__
    response = await self.dispatch_func(request, call_next)
               ^^^^^^^^^^^^^^^^^^^^^^^^^^^^^^^^^^^^^^^^^^^^
  File "/app/app/main.py", line 35, in request_context_middleware
    response = await call_next(request)
               ^^^^^^^^^^^^^^^^^^^^^^^^
  File "/usr/local/lib/python3.12/site-packages/starlette/middleware/base.py", line 159, in call_next
    raise app_exc
  File "/usr/local/lib/python3.12/site-packages/starlette/middleware/base.py", line 144, in coro
    await self.app(scope, receive_or_disconnect, send_no_error)
  File "/usr/local/lib/python3.12/site-packages/starlette/middleware/exceptions.py", line 63, in __call__
    await wrap_app_handling_exceptions(self.app, conn)(scope, receive, send)
  File "/usr/local/lib/python3.12/site-packages/starlette/_exception_handler.py", line 53, in wrapped_app
    raise exc
  File "/usr/local/lib/python3.12/site-packages/starlette/_exception_handler.py", line 42, in wrapped_app
    await app(scope, receive, sender)
  File "/usr/local/lib/python3.12/site-packages/starlette/routing.py", line 716, in __call__
    await self.middleware_stack(scope, receive, send)
  File "/usr/local/lib/python3.12/site-packages/starlette/routing.py", line 736, in app
    await route.handle(scope, receive, send)
  File "/usr/local/lib/python3.12/site-packages/starlette/routing.py", line 290, in handle
    await self.app(scope, receive, send)
  File "/usr/local/lib/python3.12/site-packages/starlette/routing.py", line 78, in app
    await wrap_app_handling_exceptions(app, request)(scope, receive, send)
  File "/usr/local/lib/python3.12/site-packages/starlette/_exception_handler.py", line 53, in wrapped_app
    raise exc
  File "/usr/local/lib/python3.12/site-packages/starlette/_exception_handler.py", line 42, in wrapped_app
    await app(scope, receive, sender)
  File "/usr/local/lib/python3.12/site-packages/starlette/routing.py", line 75, in app
    response = await f(request)
               ^^^^^^^^^^^^^^^^
  File "/usr/local/lib/python3.12/site-packages/fastapi/routing.py", line 302, in app
    raw_response = await run_endpoint_function(
                   ^^^^^^^^^^^^^^^^^^^^^^^^^^^^
  File "/usr/local/lib/python3.12/site-packages/fastapi/routing.py", line 213, in run_endpoint_function
    return await dependant.call(**values)
           ^^^^^^^^^^^^^^^^^^^^^^^^^^^^^^
  File "/app/app/api/routes/orders.py", line 55, in create_order_endpoint
    order = await create_order(db, current_user, payload)
            ^^^^^^^^^^^^^^^^^^^^^^^^^^^^^^^^^^^^^^^^^^^^^
  File "/app/app/services/order_service.py", line 308, in create_order
    {'attempt': attempt + 1, 'actor_user_id': str(user.id)},
                                                  ^^^^^^^
  File "/usr/local/lib/python3.12/site-packages/sqlalchemy/orm/attributes.py", line 569, in __get__
    return self.impl.get(state, dict_)  # type: ignore[no-any-return]
           ^^^^^^^^^^^^^^^^^^^^^^^^^^^
  File "/usr/local/lib/python3.12/site-packages/sqlalchemy/orm/attributes.py", line 1096, in get
    value = self._fire_loader_callables(state, key, passive)
            ^^^^^^^^^^^^^^^^^^^^^^^^^^^^^^^^^^^^^^^^^^^^^^^^
  File "/usr/local/lib/python3.12/site-packages/sqlalchemy/orm/attributes.py", line 1126, in _fire_loader_callables
    return state._load_expired(state, passive)
           ^^^^^^^^^^^^^^^^^^^^^^^^^^^^^^^^^^^
  File "/usr/local/lib/python3.12/site-packages/sqlalchemy/orm/state.py", line 803, in _load_expired
    self.manager.expired_attribute_loader(self, toload, passive)
  File "/usr/local/lib/python3.12/site-packages/sqlalchemy/orm/loading.py", line 1674, in load_scalar_attributes
    result = load_on_ident(
             ^^^^^^^^^^^^^^
  File "/usr/local/lib/python3.12/site-packages/sqlalchemy/orm/loading.py", line 510, in load_on_ident
    return load_on_pk_identity(
           ^^^^^^^^^^^^^^^^^^^^
  File "/usr/local/lib/python3.12/site-packages/sqlalchemy/orm/loading.py", line 695, in load_on_pk_identity
    session.execute(
  File "/usr/local/lib/python3.12/site-packages/sqlalchemy/orm/session.py", line 2365, in execute
    return self._execute_internal(
           ^^^^^^^^^^^^^^^^^^^^^^^
  File "/usr/local/lib/python3.12/site-packages/sqlalchemy/orm/session.py", line 2241, in _execute_internal
    conn = self._connection_for_bind(bind)
           ^^^^^^^^^^^^^^^^^^^^^^^^^^^^^^^
  File "/usr/local/lib/python3.12/site-packages/sqlalchemy/orm/session.py", line 2110, in _connection_for_bind
    return trans._connection_for_bind(engine, execution_options)
           ^^^^^^^^^^^^^^^^^^^^^^^^^^^^^^^^^^^^^^^^^^^^^^^^^^^^^
  File "<string>", line 2, in _connection_for_bind
  File "/usr/local/lib/python3.12/site-packages/sqlalchemy/orm/state_changes.py", line 137, in _go
    ret_value = fn(self, *arg, **kw)
                ^^^^^^^^^^^^^^^^^^^^
  File "/usr/local/lib/python3.12/site-packages/sqlalchemy/orm/session.py", line 1189, in _connection_for_bind
    conn = bind.connect()
           ^^^^^^^^^^^^^^
  File "/usr/local/lib/python3.12/site-packages/sqlalchemy/engine/base.py", line 3277, in connect
    return self._connection_cls(self)
           ^^^^^^^^^^^^^^^^^^^^^^^^^^
  File "/usr/local/lib/python3.12/site-packages/sqlalchemy/engine/base.py", line 143, in __init__
    self._dbapi_connection = engine.raw_connection()
                             ^^^^^^^^^^^^^^^^^^^^^^^
  File "/usr/local/lib/python3.12/site-packages/sqlalchemy/engine/base.py", line 3301, in raw_connection
    return self.pool.connect()
           ^^^^^^^^^^^^^^^^^^^
  File "/usr/local/lib/python3.12/site-packages/sqlalchemy/pool/base.py", line 447, in connect
    return _ConnectionFairy._checkout(self)
           ^^^^^^^^^^^^^^^^^^^^^^^^^^^^^^^^
  File "/usr/local/lib/python3.12/site-packages/sqlalchemy/pool/base.py", line 1363, in _checkout
    with util.safe_reraise():
         ^^^^^^^^^^^^^^^^^^^
  File "/usr/local/lib/python3.12/site-packages/sqlalchemy/util/langhelpers.py", line 224, in __exit__
    raise exc_value.with_traceback(exc_tb)
  File "/usr/local/lib/python3.12/site-packages/sqlalchemy/pool/base.py", line 1301, in _checkout
    result = pool._dialect._do_ping_w_event(
             ^^^^^^^^^^^^^^^^^^^^^^^^^^^^^^^
  File "/usr/local/lib/python3.12/site-packages/sqlalchemy/engine/default.py", line 728, in _do_ping_w_event
    return self.do_ping(dbapi_connection)
           ^^^^^^^^^^^^^^^^^^^^^^^^^^^^^^
  File "/usr/local/lib/python3.12/site-packages/sqlalchemy/dialects/postgresql/asyncpg.py", line 1169, in do_ping
    dbapi_connection.ping()
  File "/usr/local/lib/python3.12/site-packages/sqlalchemy/dialects/postgresql/asyncpg.py", line 813, in ping
    self._handle_exception(error)
  File "/usr/local/lib/python3.12/site-packages/sqlalchemy/dialects/postgresql/asyncpg.py", line 794, in 
_handle_exception
    raise error
  File "/usr/local/lib/python3.12/site-packages/sqlalchemy/dialects/postgresql/asyncpg.py", line 811, in ping
    _ = self.await_(self._async_ping())
        ^^^^^^^^^^^^^^^^^^^^^^^^^^^^^^^
  File "/usr/local/lib/python3.12/site-packages/sqlalchemy/util/_concurrency_py3k.py", line 123, in await_only
    raise exc.MissingGreenlet(
sqlalchemy.exc.MissingGreenlet: greenlet_spawn has not been called; can't call await_only() here. Was IO attempted in 
an unexpected place? (Background on this error at: https://sqlalche.me/e/20/xd2s)
{"ts": "2026-03-17T23:47:07.631959+00:00", "level": "INFO", "logger": "app.services.order_service", "message": 
"order.created", "event": "order.created", "order_id": "1886dc48-f1b1-4861-af68-f713997dab0e", "order_number": 14, 
"order_type": "pickup", "status": "NEW", "actor_user_id": "0ce35dca-d398-4600-9607-c80a9c594f93"}
{"ts": "2026-03-17T23:47:07.638136+00:00", "level": "INFO", "logger": "app.main", "message": "http.request", "event": 
"http.request", "method": "POST", "path": "/orders", "status_code": 201, "elapsed_ms": 303.32, "request_id": 
"4df09a6a-465d-47a4-a1dc-88ad739af3d5"}
{"ts": "2026-03-17T23:47:07.647660+00:00", "level": "INFO", "logger": "app.main", "message": "http.request", "event": 
"http.request", "method": "POST", "path": "/orders", "status_code": 201, "elapsed_ms": 280.04, "request_id": 
"c5da5b5d-9971-4c89-ae4f-7f89b72daa30"}
{"ts": "2026-03-17T23:47:07.851886+00:00", "level": "INFO", "logger": "app.main", "message": "http.request", "event": 
"http.request", "method": "GET", "path": "/orders/d0c020dd-b4c2-427d-a31b-d73fb6048859", "status_code": 200, 
"elapsed_ms": 16.26, "request_id": "3887c61d-0f8e-4f23-8869-5776c362134d"}
{"ts": "2026-03-17T23:47:07.865192+00:00", "level": "INFO", "logger": "app.main", "message": "http.request", "event": 
"http.request", "method": "GET", "path": "/orders/3ecd6408-1602-4b97-bd48-4b1036182fa4", "status_code": 200, 
"elapsed_ms": 16.76, "request_id": "9093315d-d290-4953-9a41-e7cd4ad0d3f1"}
{"ts": "2026-03-17T23:47:07.916491+00:00", "level": "INFO", "logger": "app.main", "message": "http.request", "event": 
"http.request", "method": "GET", "path": "/orders/1886dc48-f1b1-4861-af68-f713997dab0e", "status_code": 200, 
"elapsed_ms": 56.31, "request_id": "994b6e10-ec31-4cc9-b47c-568559bb33b3"}
{"ts": "2026-03-17T23:47:15.192193+00:00", "level": "INFO", "logger": "app.services.order_service", "message": 
"order.accepted", "event": "order.accepted", "order_id": "0a3cee76-8c8a-4b2e-96a7-6139e67642e0", "order_number": 11, 
"status": "ACCEPTED", "actor_user_id": "6bb39ac8-3492-463e-a973-bc8855a75309", "actor_role": "FRONTDESK"}
{"ts": "2026-03-17T23:47:15.198665+00:00", "level": "INFO", "logger": "app.main", "message": "http.request", "event": 
"http.request", "method": "POST", "path": "/orders/0a3cee76-8c8a-4b2e-96a7-6139e67642e0/accept", "status_code": 200, 
"elapsed_ms": 53.46, "request_id": "750881ff-b523-4441-af63-f0f24a0a55e5"}
{"ts": "2026-03-17T23:47:15.250488+00:00", "level": "INFO", "logger": "app.main", "message": "http.request", "event": 
"http.request", "method": "GET", "path": "/orders/0a3cee76-8c8a-4b2e-96a7-6139e67642e0", "status_code": 200, 
"elapsed_ms": 8.48, "request_id": "313b37aa-b6a1-4438-848d-ddc4f5c6bce5"}
{"ts": "2026-03-17T23:47:19.973716+00:00", "level": "INFO", "logger": "app.services.order_service", "message": 
"order.accepted", "event": "order.accepted", "order_id": "1886dc48-f1b1-4861-af68-f713997dab0e", "order_number": 14, 
"status": "ACCEPTED", "actor_user_id": "6bb39ac8-3492-463e-a973-bc8855a75309", "actor_role": "FRONTDESK"}
{"ts": "2026-03-17T23:47:19.980465+00:00", "level": "INFO", "logger": "app.main", "message": "http.request", "event": 
"http.request", "method": "POST", "path": "/orders/1886dc48-f1b1-4861-af68-f713997dab0e/accept", "status_code": 200, 
"elapsed_ms": 27.14, "request_id": "2d7a5951-826a-48de-905a-1baf00b5797e"}
{"ts": "2026-03-17T23:47:20.013789+00:00", "level": "INFO", "logger": "app.main", "message": "http.request", "event": 
"http.request", "method": "GET", "path": "/orders/1886dc48-f1b1-4861-af68-f713997dab0e", "status_code": 200, 
"elapsed_ms": 7.87, "request_id": "81745c02-2780-417d-b5b4-4911c57668bc"}
INFO:     172.19.0.1:48570 - "POST /orders HTTP/1.1" 201 Created
INFO:     172.19.0.1:48582 - "POST /orders HTTP/1.1" 201 Created
INFO:     172.19.0.1:48564 - "GET /orders/d0c020dd-b4c2-427d-a31b-d73fb6048859 HTTP/1.1" 200 OK
INFO:     172.19.0.1:48606 - "GET /orders/3ecd6408-1602-4b97-bd48-4b1036182fa4 HTTP/1.1" 200 OK
INFO:     172.19.0.1:48622 - "GET /orders/1886dc48-f1b1-4861-af68-f713997dab0e HTTP/1.1" 200 OK
INFO:     172.19.0.1:53278 - "POST /orders/0a3cee76-8c8a-4b2e-96a7-6139e67642e0/accept HTTP/1.1" 200 OK
INFO:     172.19.0.1:53278 - "GET /orders/0a3cee76-8c8a-4b2e-96a7-6139e67642e0 HTTP/1.1" 200 OK
INFO:     172.19.0.1:53278 - "POST /orders/1886dc48-f1b1-4861-af68-f713997dab0e/accept HTTP/1.1" 200 OK
INFO:     172.19.0.1:53278 - "GET /orders/1886dc48-f1b1-4861-af68-f713997dab0e HTTP/1.1" 200 OK
