INFO:     172.19.0.1:40152 - "GET /orders/latest?limit=50 HTTP/1.1" 200 OK
INFO:     172.19.0.1:40152 - "GET /admin/drivers/available HTTP/1.1" 200 OK
INFO:     172.19.0.1:39522 - "GET /orders/latest?limit=50 HTTP/1.1" 200 OK
INFO:     172.19.0.1:39522 - "GET /admin/drivers/available HTTP/1.1" 200 OK
INFO:     172.19.0.1:41642 - "POST /auth/send-otp HTTP/1.1" 200 OK
INFO:     172.19.0.1:41646 - "POST /auth/verify-otp HTTP/1.1" 200 OK
INFO:     172.19.0.1:41662 - "GET /menu HTTP/1.1" 200 OK
docker : WARNING:  WatchFiles detected changes in 'app/services/order_service.py'. Reloading...
At line:2 char:68
+ ... recent4.log'; docker logs --since 40s take_a_sip_backend 2>&1 | Out-F ...
+                   ~~~~~~~~~~~~~~~~~~~~~~~~~~~~~~~~~~~~~~~~~~~~~~~
    + CategoryInfo          : NotSpecified: (WARNING:  Watch...'. Reloading...:String) [], RemoteException
    + FullyQualifiedErrorId : NativeCommandError
 
INFO:     Shutting down
INFO:     connection closed
INFO:     Waiting for application shutdown.
INFO:     Application shutdown complete.
INFO:     Finished server process [12]
INFO:     Started server process [18]
INFO:     Waiting for application startup.
INFO:     Application startup complete.
INFO:     172.19.0.1:40146 - "WebSocket /ws/frontdesk?token=eyJhbGciOiJIUzI1NiIsInR5cCI6IkpXVCJ9.eyJzdWIiOiI2YmIzOWFjOC
0zNDkyLTQ2M2UtYTk3My1iYzg4NTVhNzUzMDkiLCJyb2xlIjoiRlJPTlRERVNLIiwiZXhwIjoxNzc0Mzk1NjExfQ.ymstRqIVKs-51N_z-6YldMy4Rg-DU_
c-3aNMlvsQPkQ" [accepted]
INFO:     connection open
{"ts": "2026-03-17T23:48:54.065318+00:00", "level": "INFO", "logger": "app.main", "message": "http.request", "event": 
"http.request", "method": "GET", "path": "/orders/latest", "status_code": 200, "elapsed_ms": 28.9, "request_id": 
"252e351a-cafc-491b-85bf-f2d5f80b156d"}
{"ts": "2026-03-17T23:48:54.524224+00:00", "level": "INFO", "logger": "app.main", "message": "http.request", "event": 
"http.request", "method": "GET", "path": "/admin/drivers/available", "status_code": 200, "elapsed_ms": 6.15, 
"request_id": "511bacb1-29a3-49de-a0e4-d8142e7f832d"}
INFO  [alembic.runtime.migration] Context impl PostgresqlImpl.
INFO  [alembic.runtime.migration] Will assume transactional DDL.
INFO:     Will watch for changes in these directories: ['/app']
INFO:     Uvicorn running on http://0.0.0.0:8000 (Press CTRL+C to quit)
INFO:     Started reloader process [10] using WatchFiles
INFO:     Started server process [12]
INFO:     Waiting for application startup.
INFO:     Application startup complete.
INFO:     172.19.0.1:39510 - "WebSocket /ws/frontdesk?token=eyJhbGciOiJIUzI1NiIsInR5cCI6IkpXVCJ9.eyJzdWIiOiI2YmIzOWFjOC
0zNDkyLTQ2M2UtYTk3My1iYzg4NTVhNzUzMDkiLCJyb2xlIjoiRlJPTlRERVNLIiwiZXhwIjoxNzc0Mzk1NjExfQ.ymstRqIVKs-51N_z-6YldMy4Rg-DU_
c-3aNMlvsQPkQ" [accepted]
INFO:     connection open
{"ts": "2026-03-17T23:49:03.132589+00:00", "level": "INFO", "logger": "app.main", "message": "http.request", "event": 
"http.request", "method": "GET", "path": "/orders/latest", "status_code": 200, "elapsed_ms": 23.6, "request_id": 
"66c9856c-c1b8-4be1-a161-0b2839e20e1f"}
{"ts": "2026-03-17T23:49:03.427656+00:00", "level": "INFO", "logger": "app.main", "message": "http.request", "event": 
"http.request", "method": "GET", "path": "/admin/drivers/available", "status_code": 200, "elapsed_ms": 7.28, 
"request_id": "7303e272-768d-425d-bd44-ed73074d3675"}
{"ts": "2026-03-17T23:49:10.768697+00:00", "level": "INFO", "logger": "app.services.auth_service", "message": 
"auth.otp_sent", "event": "auth.otp_sent", "phone_number_last4": "0101"}
INFO:     172.19.0.1:41672 - "POST /orders HTTP/1.1" 201 Created
{"ts": "2026-03-17T23:49:10.768936+00:00", "level": "INFO", "logger": "app.main", "message": "http.request", "event": 
"http.request", "method": "POST", "path": "/auth/send-otp", "status_code": 200, "elapsed_ms": 1.67, "request_id": 
"30f05334-c95f-481e-b6fa-0ae0077069bd"}
{"ts": "2026-03-17T23:49:10.788404+00:00", "level": "INFO", "logger": "app.services.auth_service", "message": 
"auth.login_success", "event": "auth.login_success", "user_id": "0ce35dca-d398-4600-9607-c80a9c594f93", "role": 
"CLIENT"}
INFO:     172.19.0.1:41684 - "POST /orders HTTP/1.1" 201 Created
INFO:     172.19.0.1:41712 - "POST /orders HTTP/1.1" 500 Internal Server Error
{"ts": "2026-03-17T23:49:10.789145+00:00", "level": "INFO", "logger": "app.main", "message": "http.request", "event": 
"http.request", "method": "POST", "path": "/auth/verify-otp", "status_code": 200, "elapsed_ms": 6.28, "request_id": 
"c9c1f9e9-1134-45f3-be2c-7ba6d91cb98b"}
{"ts": "2026-03-17T23:49:10.835849+00:00", "level": "INFO", "logger": "app.main", "message": "http.request", "event": 
"http.request", "method": "GET", "path": "/menu", "status_code": 200, "elapsed_ms": 42.04, "request_id": 
"80199da7-369f-4f6a-9650-c9e3f53297d4"}
{"ts": "2026-03-17T23:49:11.113235+00:00", "level": "INFO", "logger": "app.services.order_service", "message": 
"order.created", "event": "order.created", "order_id": "c6d39672-a0ae-438a-9c7e-e5b698efd64d", "order_number": 24, 
"order_type": "pickup", "status": "NEW", "actor_user_id": "0ce35dca-d398-4600-9607-c80a9c594f93"}
{"ts": "2026-03-17T23:49:11.148495+00:00", "level": "INFO", "logger": "app.main", "message": "http.request", "event": 
"http.request", "method": "POST", "path": "/orders", "status_code": 201, "elapsed_ms": 301.73, "request_id": 
"3e057e9e-daa9-4d86-9df0-80b05817b81b"}
{"ts": "2026-03-17T23:49:11.150547+00:00", "level": "INFO", "logger": "app.services.order_service", "message": 
"order.created", "event": "order.created", "order_id": "f8024333-d7ef-48e9-9cf1-ad1a2090d9de", "order_number": 25, 
"order_type": "pickup", "status": "NEW", "actor_user_id": "0ce35dca-d398-4600-9607-c80a9c594f93"}
{"ts": "2026-03-17T23:49:11.153294+00:00", "level": "WARNING", "logger": "app.services.order_service", "message": 
"order.number_conflict_retry", "event": "order.number_conflict_retry", "attempt": 1, "actor_user_id": 
"0ce35dca-d398-4600-9607-c80a9c594f93"}
{"ts": "2026-03-17T23:49:11.156574+00:00", "level": "WARNING", "logger": "app.services.order_service", "message": 
"order.number_conflict_retry", "event": "order.number_conflict_retry", "attempt": 1, "actor_user_id": 
"0ce35dca-d398-4600-9607-c80a9c594f93"}
{"ts": "2026-03-17T23:49:11.171575+00:00", "level": "INFO", "logger": "app.services.order_service", "message": 
"order.created", "event": "order.created", "order_id": "1c651215-0ea3-4428-867c-c89950f02f1a", "order_number": 26, 
"order_type": "pickup", "status": "NEW", "actor_user_id": "0ce35dca-d398-4600-9607-c80a9c594f93"}
{"ts": "2026-03-17T23:49:11.173815+00:00", "level": "WARNING", "logger": "app.services.order_service", "message": 
"order.number_conflict_retry", "event": "order.number_conflict_retry", "attempt": 2, "actor_user_id": 
"0ce35dca-d398-4600-9607-c80a9c594f93"}
{"ts": "2026-03-17T23:49:11.175146+00:00", "level": "WARNING", "logger": "app.services.order_service", "message": 
"order.number_conflict_retry", "event": "order.number_conflict_retry", "attempt": 2, "actor_user_id": 
"0ce35dca-d398-4600-9607-c80a9c594f93"}
{"ts": "2026-03-17T23:49:11.175909+00:00", "level": "WARNING", "logger": "app.services.order_service", "message": 
"order.number_conflict_retry", "event": "order.number_conflict_retry", "attempt": 1, "actor_user_id": 
"0ce35dca-d398-4600-9607-c80a9c594f93"}
{"ts": "2026-03-17T23:49:11.183574+00:00", "level": "INFO", "logger": "app.main", "message": "http.request", "event": 
"http.request", "method": "POST", "path": "/orders", "status_code": 201, "elapsed_ms": 336.61, "request_id": 
"0083160b-4449-4e06-8ce9-6b4142737ae0"}
{"ts": "2026-03-17T23:49:11.224554+00:00", "level": "ERROR", "logger": "app.main", "message": "http.request_failed", 
"event": "http.request_failed", "method": "POST", "path": "/orders", "status_code": 500, "elapsed_ms": 371.39, 
"request_id": "e947ce49-2708-4134-974a-167eb8d4667d"}
ERROR:    Exception in ASGI application
  + Exception Group Traceback (most recent call last):
  |   File "/usr/local/lib/python3.12/site-packages/starlette/_utils.py", line 79, in collapse_excgroups
  |     yield
  |   File "/usr/local/lib/python3.12/site-packages/starlette/middleware/base.py", line 183, in __call__
  |     async with anyio.create_task_group() as task_group:
  |                ^^^^^^^^^^^^^^^^^^^^^^^^^
  |   File "/usr/local/lib/python3.12/site-packages/anyio/_backends/_asyncio.py", line 783, in __aexit__
  |     raise BaseExceptionGroup(
  | ExceptionGroup: unhandled errors in a TaskGroup (1 sub-exception)
  +-+---------------- 1 ----------------
    | Traceback (most recent call last):
    |   File "/usr/local/lib/python3.12/site-packages/uvicorn/protocols/http/httptools_impl.py", line 409, in run_asgi
    |     result = await app(  # type: ignore[func-returns-value]
    |              ^^^^^^^^^^^^^^^^^^^^^^^^^^^^^^^^^^^^^^^^^^^^^^
    |   File "/usr/local/lib/python3.12/site-packages/uvicorn/middleware/proxy_headers.py", line 60, in __call__
    |     return await self.app(scope, receive, send)
    |            ^^^^^^^^^^^^^^^^^^^^^^^^^^^^^^^^^^^^
    |   File "/usr/local/lib/python3.12/site-packages/fastapi/applications.py", line 1054, in __call__
    |     await super().__call__(scope, receive, send)
    |   File "/usr/local/lib/python3.12/site-packages/starlette/applications.py", line 113, in __call__
    |     await self.middleware_stack(scope, receive, send)
    |   File "/usr/local/lib/python3.12/site-packages/starlette/middleware/errors.py", line 186, in __call__
    |     raise exc
    |   File "/usr/local/lib/python3.12/site-packages/starlette/middleware/errors.py", line 164, in __call__
    |     await self.app(scope, receive, _send)
    |   File "/usr/local/lib/python3.12/site-packages/starlette/middleware/base.py", line 182, in __call__
    |     with recv_stream, send_stream, collapse_excgroups():
    |                                    ^^^^^^^^^^^^^^^^^^^^
    |   File "/usr/local/lib/python3.12/contextlib.py", line 158, in __exit__
    |     self.gen.throw(value)
    |   File "/usr/local/lib/python3.12/site-packages/starlette/_utils.py", line 85, in collapse_excgroups
    |     raise exc
    |   File "/usr/local/lib/python3.12/site-packages/starlette/middleware/base.py", line 184, in __call__
    |     response = await self.dispatch_func(request, call_next)
    |                ^^^^^^^^^^^^^^^^^^^^^^^^^^^^^^^^^^^^^^^^^^^^
    |   File "/app/app/main.py", line 35, in request_context_middleware
    |     response = await call_next(request)
    |                ^^^^^^^^^^^^^^^^^^^^^^^^
    |   File "/usr/local/lib/python3.12/site-packages/starlette/middleware/base.py", line 159, in call_next
    |     raise app_exc
    |   File "/usr/local/lib/python3.12/site-packages/starlette/middleware/base.py", line 144, in coro
    |     await self.app(scope, receive_or_disconnect, send_no_error)
    |   File "/usr/local/lib/python3.12/site-packages/starlette/middleware/exceptions.py", line 63, in __call__
    |     await wrap_app_handling_exceptions(self.app, conn)(scope, receive, send)
    |   File "/usr/local/lib/python3.12/site-packages/starlette/_exception_handler.py", line 53, in wrapped_app
    |     raise exc
    |   File "/usr/local/lib/python3.12/site-packages/starlette/_exception_handler.py", line 42, in wrapped_app
    |     await app(scope, receive, sender)
    |   File "/usr/local/lib/python3.12/site-packages/starlette/routing.py", line 716, in __call__
    |     await self.middleware_stack(scope, receive, send)
    |   File "/usr/local/lib/python3.12/site-packages/starlette/routing.py", line 736, in app
    |     await route.handle(scope, receive, send)
    |   File "/usr/local/lib/python3.12/site-packages/starlette/routing.py", line 290, in handle
    |     await self.app(scope, receive, send)
    |   File "/usr/local/lib/python3.12/site-packages/starlette/routing.py", line 78, in app
    |     await wrap_app_handling_exceptions(app, request)(scope, receive, send)
    |   File "/usr/local/lib/python3.12/site-packages/starlette/_exception_handler.py", line 53, in wrapped_app
    |     raise exc
    |   File "/usr/local/lib/python3.12/site-packages/starlette/_exception_handler.py", line 42, in wrapped_app
    |     await app(scope, receive, sender)
    |   File "/usr/local/lib/python3.12/site-packages/starlette/routing.py", line 75, in app
    |     response = await f(request)
    |                ^^^^^^^^^^^^^^^^
    |   File "/usr/local/lib/python3.12/site-packages/fastapi/routing.py", line 302, in app
    |     raw_response = await run_endpoint_function(
    |                    ^^^^^^^^^^^^^^^^^^^^^^^^^^^^
    |   File "/usr/local/lib/python3.12/site-packages/fastapi/routing.py", line 213, in run_endpoint_function
    |     return await dependant.call(**values)
    |            ^^^^^^^^^^^^^^^^^^^^^^^^^^^^^^
    |   File "/app/app/api/routes/orders.py", line 55, in create_order_endpoint
    |     order = await create_order(db, current_user, payload)
    |             ^^^^^^^^^^^^^^^^^^^^^^^^^^^^^^^^^^^^^^^^^^^^^
    |   File "/app/app/services/order_service.py", line 251, in create_order
    |     item_type = size.item_type
    |                 ^^^^^^^^^^^^^^
    |   File "/usr/local/lib/python3.12/site-packages/sqlalchemy/orm/attributes.py", line 569, in __get__
    |     return self.impl.get(state, dict_)  # type: ignore[no-any-return]
    |            ^^^^^^^^^^^^^^^^^^^^^^^^^^^
    |   File "/usr/local/lib/python3.12/site-packages/sqlalchemy/orm/attributes.py", line 1096, in get
    |     value = self._fire_loader_callables(state, key, passive)
    |             ^^^^^^^^^^^^^^^^^^^^^^^^^^^^^^^^^^^^^^^^^^^^^^^^
    |   File "/usr/local/lib/python3.12/site-packages/sqlalchemy/orm/attributes.py", line 1131, in 
_fire_loader_callables
    |     return self.callable_(state, passive)
    |            ^^^^^^^^^^^^^^^^^^^^^^^^^^^^^^
    |   File "/usr/local/lib/python3.12/site-packages/sqlalchemy/orm/strategies.py", line 931, in _load_for_state
    |     primary_key_identity = self._get_ident_for_use_get(
    |                            ^^^^^^^^^^^^^^^^^^^^^^^^^^^^
    |   File "/usr/local/lib/python3.12/site-packages/sqlalchemy/orm/strategies.py", line 1001, in 
_get_ident_for_use_get
    |     get_attr(state, dict_, self._equated_columns[pk], passive=passive)
    |   File "/usr/local/lib/python3.12/site-packages/sqlalchemy/orm/mapper.py", line 3594, in 
_get_state_attr_by_column
    |     return state.manager[prop.key].impl.get(state, dict_, passive=passive)
    |            ^^^^^^^^^^^^^^^^^^^^^^^^^^^^^^^^^^^^^^^^^^^^^^^^^^^^^^^^^^^^^^^
    |   File "/usr/local/lib/python3.12/site-packages/sqlalchemy/orm/attributes.py", line 1096, in get
    |     value = self._fire_loader_callables(state, key, passive)
    |             ^^^^^^^^^^^^^^^^^^^^^^^^^^^^^^^^^^^^^^^^^^^^^^^^
    |   File "/usr/local/lib/python3.12/site-packages/sqlalchemy/orm/attributes.py", line 1126, in 
_fire_loader_callables
    |     return state._load_expired(state, passive)
    |            ^^^^^^^^^^^^^^^^^^^^^^^^^^^^^^^^^^^
    |   File "/usr/local/lib/python3.12/site-packages/sqlalchemy/orm/state.py", line 803, in _load_expired
    |     self.manager.expired_attribute_loader(self, toload, passive)
    |   File "/usr/local/lib/python3.12/site-packages/sqlalchemy/orm/loading.py", line 1674, in load_scalar_attributes
    |     result = load_on_ident(
    |              ^^^^^^^^^^^^^^
    |   File "/usr/local/lib/python3.12/site-packages/sqlalchemy/orm/loading.py", line 510, in load_on_ident
    |     return load_on_pk_identity(
    |            ^^^^^^^^^^^^^^^^^^^^
    |   File "/usr/local/lib/python3.12/site-packages/sqlalchemy/orm/loading.py", line 695, in load_on_pk_identity
    |     session.execute(
    |   File "/usr/local/lib/python3.12/site-packages/sqlalchemy/orm/session.py", line 2365, in execute
    |     return self._execute_internal(
    |            ^^^^^^^^^^^^^^^^^^^^^^^
    |   File "/usr/local/lib/python3.12/site-packages/sqlalchemy/orm/session.py", line 2251, in _execute_internal
    |     result: Result[Any] = compile_state_cls.orm_execute_statement(
    |                           ^^^^^^^^^^^^^^^^^^^^^^^^^^^^^^^^^^^^^^^^
    |   File "/usr/local/lib/python3.12/site-packages/sqlalchemy/orm/context.py", line 306, in orm_execute_statement
    |     result = conn.execute(
    |              ^^^^^^^^^^^^^
    |   File "/usr/local/lib/python3.12/site-packages/sqlalchemy/engine/base.py", line 1419, in execute
    |     return meth(
    |            ^^^^^
    |   File "/usr/local/lib/python3.12/site-packages/sqlalchemy/sql/elements.py", line 526, in _execute_on_connection
    |     return connection._execute_clauseelement(
    |            ^^^^^^^^^^^^^^^^^^^^^^^^^^^^^^^^^^
    |   File "/usr/local/lib/python3.12/site-packages/sqlalchemy/engine/base.py", line 1641, in _execute_clauseelement
    |     ret = self._execute_context(
    |           ^^^^^^^^^^^^^^^^^^^^^^
    |   File "/usr/local/lib/python3.12/site-packages/sqlalchemy/engine/base.py", line 1846, in _execute_context
    |     return self._exec_single_context(
    |            ^^^^^^^^^^^^^^^^^^^^^^^^^^
    |   File "/usr/local/lib/python3.12/site-packages/sqlalchemy/engine/base.py", line 1986, in _exec_single_context
    |     self._handle_dbapi_exception(
    |   File "/usr/local/lib/python3.12/site-packages/sqlalchemy/engine/base.py", line 2358, in _handle_dbapi_exception
    |     raise exc_info[1].with_traceback(exc_info[2])
    |   File "/usr/local/lib/python3.12/site-packages/sqlalchemy/engine/base.py", line 1967, in _exec_single_context
    |     self.dialect.do_execute(
    |   File "/usr/local/lib/python3.12/site-packages/sqlalchemy/engine/default.py", line 951, in do_execute
    |     cursor.execute(statement, parameters)
    |   File "/usr/local/lib/python3.12/site-packages/sqlalchemy/dialects/postgresql/asyncpg.py", line 580, in execute
    |     self._adapt_connection.await_(
    |   File "/usr/local/lib/python3.12/site-packages/sqlalchemy/util/_concurrency_py3k.py", line 123, in await_only
    |     raise exc.MissingGreenlet(
    | sqlalchemy.exc.MissingGreenlet: greenlet_spawn has not been called; can't call await_only() here. Was IO 
attempted in an unexpected place? (Background on this error at: https://sqlalche.me/e/20/xd2s)
    +------------------------------------

During handling of the above exception, another exception occurred:

Traceback (most recent call last):
  File "/usr/local/lib/python3.12/site-packages/uvicorn/protocols/http/httptools_impl.py", line 409, in run_asgi
    result = await app(  # type: ignore[func-returns-value]
             ^^^^^^^^^^^^^^^^^^^^^^^^^^^^^^^^^^^^^^^^^^^^^^
  File "/usr/local/lib/python3.12/site-packages/uvicorn/middleware/proxy_headers.py", line 60, in __call__
    return await self.app(scope, receive, send)
           ^^^^^^^^^^^^^^^^^^^^^^^^^^^^^^^^^^^^
  File "/usr/local/lib/python3.12/site-packages/fastapi/applications.py", line 1054, in __call__
    await super().__call__(scope, receive, send)
  File "/usr/local/lib/python3.12/site-packages/starlette/applications.py", line 113, in __call__
    await self.middleware_stack(scope, receive, send)
  File "/usr/local/lib/python3.12/site-packages/starlette/middleware/errors.py", line 186, in __call__
    raise exc
  File "/usr/local/lib/python3.12/site-packages/starlette/middleware/errors.py", line 164, in __call__
    await self.app(scope, receive, _send)
  File "/usr/local/lib/python3.12/site-packages/starlette/middleware/base.py", line 182, in __call__
    with recv_stream, send_stream, collapse_excgroups():
                                   ^^^^^^^^^^^^^^^^^^^^
  File "/usr/local/lib/python3.12/contextlib.py", line 158, in __exit__
    self.gen.throw(value)
  File "/usr/local/lib/python3.12/site-packages/starlette/_utils.py", line 85, in collapse_excgroups
    raise exc
  File "/usr/local/lib/python3.12/site-packages/starlette/middleware/base.py", line 184, in __call__
    response = await self.dispatch_func(request, call_next)
               ^^^^^^^^^^^^^^^^^^^^^^^^^^^^^^^^^^^^^^^^^^^^
  File "/app/app/main.py", line 35, in request_context_middleware
    response = await call_next(request)
               ^^^^^^^^^^^^^^^^^^^^^^^^
  File "/usr/local/lib/python3.12/site-packages/starlette/middleware/base.py", line 159, in call_next
    raise app_exc
  File "/usr/local/lib/python3.12/site-packages/starlette/middleware/base.py", line 144, in coro
    await self.app(scope, receive_or_disconnect, send_no_error)
  File "/usr/local/lib/python3.12/site-packages/starlette/middleware/exceptions.py", line 63, in __call__
    await wrap_app_handling_exceptions(self.app, conn)(scope, receive, send)
  File "/usr/local/lib/python3.12/site-packages/starlette/_exception_handler.py", line 53, in wrapped_app
    raise exc
  File "/usr/local/lib/python3.12/site-packages/starlette/_exception_handler.py", line 42, in wrapped_app
    await app(scope, receive, sender)
  File "/usr/local/lib/python3.12/site-packages/starlette/routing.py", line 716, in __call__
    await self.middleware_stack(scope, receive, send)
  File "/usr/local/lib/python3.12/site-packages/starlette/routing.py", line 736, in app
    await route.handle(scope, receive, send)
  File "/usr/local/lib/python3.12/site-packages/starlette/routing.py", line 290, in handle
    await self.app(scope, receive, send)
  File "/usr/local/lib/python3.12/site-packages/starlette/routing.py", line 78, in app
    await wrap_app_handling_exceptions(app, request)(scope, receive, send)
  File "/usr/local/lib/python3.12/site-packages/starlette/_exception_handler.py", line 53, in wrapped_app
    raise exc
  File "/usr/local/lib/python3.12/site-packages/starlette/_exception_handler.py", line 42, in wrapped_app
    await app(scope, receive, sender)
  File "/usr/local/lib/python3.12/site-packages/starlette/routing.py", line 75, in app
    response = await f(request)
               ^^^^^^^^^^^^^^^^
  File "/usr/local/lib/python3.12/site-packages/fastapi/routing.py", line 302, in app
    raw_response = await run_endpoint_function(
                   ^^^^^^^^^^^^^^^^^^^^^^^^^^^^
  File "/usr/local/lib/python3.12/site-packages/fastapi/routing.py", line 213, in run_endpoint_function
    return await dependant.call(**values)
           ^^^^^^^^^^^^^^^^^^^^^^^^^^^^^^
  File "/app/app/api/routes/orders.py", line 55, in create_order_endpoint
    order = await create_order(db, current_user, payload)
            ^^^^^^^^^^^^^^^^^^^^^^^^^^^^^^^^^^^^^^^^^^^^^
  File "/app/app/services/order_service.py", line 251, in create_order
    item_type = size.item_type
                ^^^^^^^^^^^^^^
  File "/usr/local/lib/python3.12/site-packages/sqlalchemy/orm/attributes.py", line 569, in __get__
    return self.impl.get(state, dict_)  # type: ignore[no-any-return]
           ^^^^^^^^^^^^^^^^^^^^^^^^^^^
  File "/usr/local/lib/python3.12/site-packages/sqlalchemy/orm/attributes.py", line 1096, in get
    value = self._fire_loader_callables(state, key, passive)
            ^^^^^^^^^^^^^^^^^^^^^^^^^^^^^^^^^^^^^^^^^^^^^^^^
  File "/usr/local/lib/python3.12/site-packages/sqlalchemy/orm/attributes.py", line 1131, in _fire_loader_callables
    return self.callable_(state, passive)
           ^^^^^^^^^^^^^^^^^^^^^^^^^^^^^^
  File "/usr/local/lib/python3.12/site-packages/sqlalchemy/orm/strategies.py", line 931, in _load_for_state
    primary_key_identity = self._get_ident_for_use_get(
                           ^^^^^^^^^^^^^^^^^^^^^^^^^^^^
INFO:     172.19.0.1:41726 - "POST /orders HTTP/1.1" 500 Internal Server Error
  File "/usr/local/lib/python3.12/site-packages/sqlalchemy/orm/strategies.py", line 1001, in _get_ident_for_use_get
    get_attr(state, dict_, self._equated_columns[pk], passive=passive)
  File "/usr/local/lib/python3.12/site-packages/sqlalchemy/orm/mapper.py", line 3594, in _get_state_attr_by_column
    return state.manager[prop.key].impl.get(state, dict_, passive=passive)
           ^^^^^^^^^^^^^^^^^^^^^^^^^^^^^^^^^^^^^^^^^^^^^^^^^^^^^^^^^^^^^^^
  File "/usr/local/lib/python3.12/site-packages/sqlalchemy/orm/attributes.py", line 1096, in get
    value = self._fire_loader_callables(state, key, passive)
            ^^^^^^^^^^^^^^^^^^^^^^^^^^^^^^^^^^^^^^^^^^^^^^^^
  File "/usr/local/lib/python3.12/site-packages/sqlalchemy/orm/attributes.py", line 1126, in _fire_loader_callables
    return state._load_expired(state, passive)
           ^^^^^^^^^^^^^^^^^^^^^^^^^^^^^^^^^^^
  File "/usr/local/lib/python3.12/site-packages/sqlalchemy/orm/state.py", line 803, in _load_expired
    self.manager.expired_attribute_loader(self, toload, passive)
  File "/usr/local/lib/python3.12/site-packages/sqlalchemy/orm/loading.py", line 1674, in load_scalar_attributes
    result = load_on_ident(
             ^^^^^^^^^^^^^^
  File "/usr/local/lib/python3.12/site-packages/sqlalchemy/orm/loading.py", line 510, in load_on_ident
    return load_on_pk_identity(
           ^^^^^^^^^^^^^^^^^^^^
  File "/usr/local/lib/python3.12/site-packages/sqlalchemy/orm/loading.py", line 695, in load_on_pk_identity
    session.execute(
  File "/usr/local/lib/python3.12/site-packages/sqlalchemy/orm/session.py", line 2365, in execute
    return self._execute_internal(
           ^^^^^^^^^^^^^^^^^^^^^^^
  File "/usr/local/lib/python3.12/site-packages/sqlalchemy/orm/session.py", line 2251, in _execute_internal
    result: Result[Any] = compile_state_cls.orm_execute_statement(
                          ^^^^^^^^^^^^^^^^^^^^^^^^^^^^^^^^^^^^^^^^
  File "/usr/local/lib/python3.12/site-packages/sqlalchemy/orm/context.py", line 306, in orm_execute_statement
    result = conn.execute(
             ^^^^^^^^^^^^^
  File "/usr/local/lib/python3.12/site-packages/sqlalchemy/engine/base.py", line 1419, in execute
    return meth(
           ^^^^^
  File "/usr/local/lib/python3.12/site-packages/sqlalchemy/sql/elements.py", line 526, in _execute_on_connection
    return connection._execute_clauseelement(
           ^^^^^^^^^^^^^^^^^^^^^^^^^^^^^^^^^^
  File "/usr/local/lib/python3.12/site-packages/sqlalchemy/engine/base.py", line 1641, in _execute_clauseelement
    ret = self._execute_context(
          ^^^^^^^^^^^^^^^^^^^^^^
  File "/usr/local/lib/python3.12/site-packages/sqlalchemy/engine/base.py", line 1846, in _execute_context
    return self._exec_single_context(
           ^^^^^^^^^^^^^^^^^^^^^^^^^^
  File "/usr/local/lib/python3.12/site-packages/sqlalchemy/engine/base.py", line 1986, in _exec_single_context
    self._handle_dbapi_exception(
  File "/usr/local/lib/python3.12/site-packages/sqlalchemy/engine/base.py", line 2358, in _handle_dbapi_exception
    raise exc_info[1].with_traceback(exc_info[2])
  File "/usr/local/lib/python3.12/site-packages/sqlalchemy/engine/base.py", line 1967, in _exec_single_context
    self.dialect.do_execute(
  File "/usr/local/lib/python3.12/site-packages/sqlalchemy/engine/default.py", line 951, in do_execute
    cursor.execute(statement, parameters)
  File "/usr/local/lib/python3.12/site-packages/sqlalchemy/dialects/postgresql/asyncpg.py", line 580, in execute
    self._adapt_connection.await_(
  File "/usr/local/lib/python3.12/site-packages/sqlalchemy/util/_concurrency_py3k.py", line 123, in await_only
    raise exc.MissingGreenlet(
sqlalchemy.exc.MissingGreenlet: greenlet_spawn has not been called; can't call await_only() here. Was IO attempted in 
an unexpected place? (Background on this error at: https://sqlalche.me/e/20/xd2s)
{"ts": "2026-03-17T23:49:11.304452+00:00", "level": "ERROR", "logger": "app.main", "message": "http.request_failed", 
"event": "http.request_failed", "method": "POST", "path": "/orders", "status_code": 500, "elapsed_ms": 449.87, 
"request_id": "c0c85001-bf01-491c-96cf-e7ecc7cc4e4a"}
ERROR:    Exception in ASGI application
  + Exception Group Traceback (most recent call last):
  |   File "/usr/local/lib/python3.12/site-packages/starlette/_utils.py", line 79, in collapse_excgroups
  |     yield
  |   File "/usr/local/lib/python3.12/site-packages/starlette/middleware/base.py", line 183, in __call__
  |     async with anyio.create_task_group() as task_group:
  |                ^^^^^^^^^^^^^^^^^^^^^^^^^
  |   File "/usr/local/lib/python3.12/site-packages/anyio/_backends/_asyncio.py", line 783, in __aexit__
  |     raise BaseExceptionGroup(
  | ExceptionGroup: unhandled errors in a TaskGroup (1 sub-exception)
  +-+---------------- 1 ----------------
    | Traceback (most recent call last):
    |   File "/usr/local/lib/python3.12/site-packages/uvicorn/protocols/http/httptools_impl.py", line 409, in run_asgi
    |     result = await app(  # type: ignore[func-returns-value]
    |              ^^^^^^^^^^^^^^^^^^^^^^^^^^^^^^^^^^^^^^^^^^^^^^
    |   File "/usr/local/lib/python3.12/site-packages/uvicorn/middleware/proxy_headers.py", line 60, in __call__
    |     return await self.app(scope, receive, send)
    |            ^^^^^^^^^^^^^^^^^^^^^^^^^^^^^^^^^^^^
    |   File "/usr/local/lib/python3.12/site-packages/fastapi/applications.py", line 1054, in __call__
    |     await super().__call__(scope, receive, send)
    |   File "/usr/local/lib/python3.12/site-packages/starlette/applications.py", line 113, in __call__
    |     await self.middleware_stack(scope, receive, send)
    |   File "/usr/local/lib/python3.12/site-packages/starlette/middleware/errors.py", line 186, in __call__
    |     raise exc
    |   File "/usr/local/lib/python3.12/site-packages/starlette/middleware/errors.py", line 164, in __call__
    |     await self.app(scope, receive, _send)
    |   File "/usr/local/lib/python3.12/site-packages/starlette/middleware/base.py", line 182, in __call__
    |     with recv_stream, send_stream, collapse_excgroups():
    |                                    ^^^^^^^^^^^^^^^^^^^^
    |   File "/usr/local/lib/python3.12/contextlib.py", line 158, in __exit__
    |     self.gen.throw(value)
    |   File "/usr/local/lib/python3.12/site-packages/starlette/_utils.py", line 85, in collapse_excgroups
    |     raise exc
    |   File "/usr/local/lib/python3.12/site-packages/starlette/middleware/base.py", line 184, in __call__
    |     response = await self.dispatch_func(request, call_next)
    |                ^^^^^^^^^^^^^^^^^^^^^^^^^^^^^^^^^^^^^^^^^^^^
    |   File "/app/app/main.py", line 35, in request_context_middleware
    |     response = await call_next(request)
    |                ^^^^^^^^^^^^^^^^^^^^^^^^
    |   File "/usr/local/lib/python3.12/site-packages/starlette/middleware/base.py", line 159, in call_next
    |     raise app_exc
    |   File "/usr/local/lib/python3.12/site-packages/starlette/middleware/base.py", line 144, in coro
    |     await self.app(scope, receive_or_disconnect, send_no_error)
    |   File "/usr/local/lib/python3.12/site-packages/starlette/middleware/exceptions.py", line 63, in __call__
    |     await wrap_app_handling_exceptions(self.app, conn)(scope, receive, send)
    |   File "/usr/local/lib/python3.12/site-packages/starlette/_exception_handler.py", line 53, in wrapped_app
    |     raise exc
    |   File "/usr/local/lib/python3.12/site-packages/starlette/_exception_handler.py", line 42, in wrapped_app
    |     await app(scope, receive, sender)
    |   File "/usr/local/lib/python3.12/site-packages/starlette/routing.py", line 716, in __call__
    |     await self.middleware_stack(scope, receive, send)
    |   File "/usr/local/lib/python3.12/site-packages/starlette/routing.py", line 736, in app
    |     await route.handle(scope, receive, send)
    |   File "/usr/local/lib/python3.12/site-packages/starlette/routing.py", line 290, in handle
    |     await self.app(scope, receive, send)
    |   File "/usr/local/lib/python3.12/site-packages/starlette/routing.py", line 78, in app
    |     await wrap_app_handling_exceptions(app, request)(scope, receive, send)
    |   File "/usr/local/lib/python3.12/site-packages/starlette/_exception_handler.py", line 53, in wrapped_app
    |     raise exc
    |   File "/usr/local/lib/python3.12/site-packages/starlette/_exception_handler.py", line 42, in wrapped_app
    |     await app(scope, receive, sender)
    |   File "/usr/local/lib/python3.12/site-packages/starlette/routing.py", line 75, in app
    |     response = await f(request)
    |                ^^^^^^^^^^^^^^^^
    |   File "/usr/local/lib/python3.12/site-packages/fastapi/routing.py", line 302, in app
    |     raw_response = await run_endpoint_function(
    |                    ^^^^^^^^^^^^^^^^^^^^^^^^^^^^
    |   File "/usr/local/lib/python3.12/site-packages/fastapi/routing.py", line 213, in run_endpoint_function
    |     return await dependant.call(**values)
    |            ^^^^^^^^^^^^^^^^^^^^^^^^^^^^^^
    |   File "/app/app/api/routes/orders.py", line 55, in create_order_endpoint
    |     order = await create_order(db, current_user, payload)
    |             ^^^^^^^^^^^^^^^^^^^^^^^^^^^^^^^^^^^^^^^^^^^^^
    |   File "/app/app/services/order_service.py", line 251, in create_order
    |     item_type = size.item_type
    |                 ^^^^^^^^^^^^^^
    |   File "/usr/local/lib/python3.12/site-packages/sqlalchemy/orm/attributes.py", line 569, in __get__
    |     return self.impl.get(state, dict_)  # type: ignore[no-any-return]
    |            ^^^^^^^^^^^^^^^^^^^^^^^^^^^
    |   File "/usr/local/lib/python3.12/site-packages/sqlalchemy/orm/attributes.py", line 1096, in get
    |     value = self._fire_loader_callables(state, key, passive)
    |             ^^^^^^^^^^^^^^^^^^^^^^^^^^^^^^^^^^^^^^^^^^^^^^^^
    |   File "/usr/local/lib/python3.12/site-packages/sqlalchemy/orm/attributes.py", line 1131, in 
_fire_loader_callables
    |     return self.callable_(state, passive)
    |            ^^^^^^^^^^^^^^^^^^^^^^^^^^^^^^
    |   File "/usr/local/lib/python3.12/site-packages/sqlalchemy/orm/strategies.py", line 931, in _load_for_state
    |     primary_key_identity = self._get_ident_for_use_get(
    |                            ^^^^^^^^^^^^^^^^^^^^^^^^^^^^
    |   File "/usr/local/lib/python3.12/site-packages/sqlalchemy/orm/strategies.py", line 1001, in 
_get_ident_for_use_get
    |     get_attr(state, dict_, self._equated_columns[pk], passive=passive)
    |   File "/usr/local/lib/python3.12/site-packages/sqlalchemy/orm/mapper.py", line 3594, in 
_get_state_attr_by_column
    |     return state.manager[prop.key].impl.get(state, dict_, passive=passive)
    |            ^^^^^^^^^^^^^^^^^^^^^^^^^^^^^^^^^^^^^^^^^^^^^^^^^^^^^^^^^^^^^^^
    |   File "/usr/local/lib/python3.12/site-packages/sqlalchemy/orm/attributes.py", line 1096, in get
    |     value = self._fire_loader_callables(state, key, passive)
    |             ^^^^^^^^^^^^^^^^^^^^^^^^^^^^^^^^^^^^^^^^^^^^^^^^
    |   File "/usr/local/lib/python3.12/site-packages/sqlalchemy/orm/attributes.py", line 1126, in 
_fire_loader_callables
    |     return state._load_expired(state, passive)
    |            ^^^^^^^^^^^^^^^^^^^^^^^^^^^^^^^^^^^
    |   File "/usr/local/lib/python3.12/site-packages/sqlalchemy/orm/state.py", line 803, in _load_expired
    |     self.manager.expired_attribute_loader(self, toload, passive)
    |   File "/usr/local/lib/python3.12/site-packages/sqlalchemy/orm/loading.py", line 1674, in load_scalar_attributes
    |     result = load_on_ident(
    |              ^^^^^^^^^^^^^^
    |   File "/usr/local/lib/python3.12/site-packages/sqlalchemy/orm/loading.py", line 510, in load_on_ident
    |     return load_on_pk_identity(
    |            ^^^^^^^^^^^^^^^^^^^^
    |   File "/usr/local/lib/python3.12/site-packages/sqlalchemy/orm/loading.py", line 695, in load_on_pk_identity
    |     session.execute(
    |   File "/usr/local/lib/python3.12/site-packages/sqlalchemy/orm/session.py", line 2365, in execute
    |     return self._execute_internal(
    |            ^^^^^^^^^^^^^^^^^^^^^^^
    |   File "/usr/local/lib/python3.12/site-packages/sqlalchemy/orm/session.py", line 2251, in _execute_internal
    |     result: Result[Any] = compile_state_cls.orm_execute_statement(
    |                           ^^^^^^^^^^^^^^^^^^^^^^^^^^^^^^^^^^^^^^^^
    |   File "/usr/local/lib/python3.12/site-packages/sqlalchemy/orm/context.py", line 306, in orm_execute_statement
    |     result = conn.execute(
    |              ^^^^^^^^^^^^^
    |   File "/usr/local/lib/python3.12/site-packages/sqlalchemy/engine/base.py", line 1419, in execute
    |     return meth(
    |            ^^^^^
    |   File "/usr/local/lib/python3.12/site-packages/sqlalchemy/sql/elements.py", line 526, in _execute_on_connection
    |     return connection._execute_clauseelement(
    |            ^^^^^^^^^^^^^^^^^^^^^^^^^^^^^^^^^^
    |   File "/usr/local/lib/python3.12/site-packages/sqlalchemy/engine/base.py", line 1641, in _execute_clauseelement
    |     ret = self._execute_context(
    |           ^^^^^^^^^^^^^^^^^^^^^^
    |   File "/usr/local/lib/python3.12/site-packages/sqlalchemy/engine/base.py", line 1846, in _execute_context
    |     return self._exec_single_context(
    |            ^^^^^^^^^^^^^^^^^^^^^^^^^^
    |   File "/usr/local/lib/python3.12/site-packages/sqlalchemy/engine/base.py", line 1986, in _exec_single_context
    |     self._handle_dbapi_exception(
    |   File "/usr/local/lib/python3.12/site-packages/sqlalchemy/engine/base.py", line 2358, in _handle_dbapi_exception
    |     raise exc_info[1].with_traceback(exc_info[2])
    |   File "/usr/local/lib/python3.12/site-packages/sqlalchemy/engine/base.py", line 1967, in _exec_single_context
    |     self.dialect.do_execute(
    |   File "/usr/local/lib/python3.12/site-packages/sqlalchemy/engine/default.py", line 951, in do_execute
    |     cursor.execute(statement, parameters)
    |   File "/usr/local/lib/python3.12/site-packages/sqlalchemy/dialects/postgresql/asyncpg.py", line 580, in execute
    |     self._adapt_connection.await_(
    |   File "/usr/local/lib/python3.12/site-packages/sqlalchemy/util/_concurrency_py3k.py", line 123, in await_only
    |     raise exc.MissingGreenlet(
    | sqlalchemy.exc.MissingGreenlet: greenlet_spawn has not been called; can't call await_only() here. Was IO 
attempted in an unexpected place? (Background on this error at: https://sqlalche.me/e/20/xd2s)
    +------------------------------------

During handling of the above exception, another exception occurred:

Traceback (most recent call last):
  File "/usr/local/lib/python3.12/site-packages/uvicorn/protocols/http/httptools_impl.py", line 409, in run_asgi
    result = await app(  # type: ignore[func-returns-value]
             ^^^^^^^^^^^^^^^^^^^^^^^^^^^^^^^^^^^^^^^^^^^^^^
  File "/usr/local/lib/python3.12/site-packages/uvicorn/middleware/proxy_headers.py", line 60, in __call__
    return await self.app(scope, receive, send)
           ^^^^^^^^^^^^^^^^^^^^^^^^^^^^^^^^^^^^
  File "/usr/local/lib/python3.12/site-packages/fastapi/applications.py", line 1054, in __call__
    await super().__call__(scope, receive, send)
  File "/usr/local/lib/python3.12/site-packages/starlette/applications.py", line 113, in __call__
    await self.middleware_stack(scope, receive, send)
  File "/usr/local/lib/python3.12/site-packages/starlette/middleware/errors.py", line 186, in __call__
    raise exc
  File "/usr/local/lib/python3.12/site-packages/starlette/middleware/errors.py", line 164, in __call__
    await self.app(scope, receive, _send)
  File "/usr/local/lib/python3.12/site-packages/starlette/middleware/base.py", line 182, in __call__
    with recv_stream, send_stream, collapse_excgroups():
                                   ^^^^^^^^^^^^^^^^^^^^
  File "/usr/local/lib/python3.12/contextlib.py", line 158, in __exit__
    self.gen.throw(value)
  File "/usr/local/lib/python3.12/site-packages/starlette/_utils.py", line 85, in collapse_excgroups
    raise exc
  File "/usr/local/lib/python3.12/site-packages/starlette/middleware/base.py", line 184, in __call__
    response = await self.dispatch_func(request, call_next)
               ^^^^^^^^^^^^^^^^^^^^^^^^^^^^^^^^^^^^^^^^^^^^
  File "/app/app/main.py", line 35, in request_context_middleware
    response = await call_next(request)
               ^^^^^^^^^^^^^^^^^^^^^^^^
  File "/usr/local/lib/python3.12/site-packages/starlette/middleware/base.py", line 159, in call_next
    raise app_exc
  File "/usr/local/lib/python3.12/site-packages/starlette/middleware/base.py", line 144, in coro
    await self.app(scope, receive_or_disconnect, send_no_error)
  File "/usr/local/lib/python3.12/site-packages/starlette/middleware/exceptions.py", line 63, in __call__
    await wrap_app_handling_exceptions(self.app, conn)(scope, receive, send)
  File "/usr/local/lib/python3.12/site-packages/starlette/_exception_handler.py", line 53, in wrapped_app
    raise exc
  File "/usr/local/lib/python3.12/site-packages/starlette/_exception_handler.py", line 42, in wrapped_app
    await app(scope, receive, sender)
  File "/usr/local/lib/python3.12/site-packages/starlette/routing.py", line 716, in __call__
    await self.middleware_stack(scope, receive, send)
  File "/usr/local/lib/python3.12/site-packages/starlette/routing.py", line 736, in app
    await route.handle(scope, receive, send)
  File "/usr/local/lib/python3.12/site-packages/starlette/routing.py", line 290, in handle
    await self.app(scope, receive, send)
  File "/usr/local/lib/python3.12/site-packages/starlette/routing.py", line 78, in app
    await wrap_app_handling_exceptions(app, request)(scope, receive, send)
  File "/usr/local/lib/python3.12/site-packages/starlette/_exception_handler.py", line 53, in wrapped_app
    raise exc
  File "/usr/local/lib/python3.12/site-packages/starlette/_exception_handler.py", line 42, in wrapped_app
    await app(scope, receive, sender)
  File "/usr/local/lib/python3.12/site-packages/starlette/routing.py", line 75, in app
    response = await f(request)
               ^^^^^^^^^^^^^^^^
  File "/usr/local/lib/python3.12/site-packages/fastapi/routing.py", line 302, in app
    raw_response = await run_endpoint_function(
                   ^^^^^^^^^^^^^^^^^^^^^^^^^^^^
  File "/usr/local/lib/python3.12/site-packages/fastapi/routing.py", line 213, in run_endpoint_function
    return await dependant.call(**values)
           ^^^^^^^^^^^^^^^^^^^^^^^^^^^^^^
  File "/app/app/api/routes/orders.py", line 55, in create_order_endpoint
    order = await create_order(db, current_user, payload)
            ^^^^^^^^^^^^^^^^^^^^^^^^^^^^^^^^^^^^^^^^^^^^^
  File "/app/app/services/order_service.py", line 251, in create_order
    item_type = size.item_type
                ^^^^^^^^^^^^^^
  File "/usr/local/lib/python3.12/site-packages/sqlalchemy/orm/attributes.py", line 569, in __get__
    return self.impl.get(state, dict_)  # type: ignore[no-any-return]
           ^^^^^^^^^^^^^^^^^^^^^^^^^^^
  File "/usr/local/lib/python3.12/site-packages/sqlalchemy/orm/attributes.py", line 1096, in get
    value = self._fire_loader_callables(state, key, passive)
            ^^^^^^^^^^^^^^^^^^^^^^^^^^^^^^^^^^^^^^^^^^^^^^^^
  File "/usr/local/lib/python3.12/site-packages/sqlalchemy/orm/attributes.py", line 1131, in _fire_loader_callables
    return self.callable_(state, passive)
           ^^^^^^^^^^^^^^^^^^^^^^^^^^^^^^
  File "/usr/local/lib/python3.12/site-packages/sqlalchemy/orm/strategies.py", line 931, in _load_for_state
    primary_key_identity = self._get_ident_for_use_get(
                           ^^^^^^^^^^^^^^^^^^^^^^^^^^^^
  File "/usr/local/lib/python3.12/site-packages/sqlalchemy/orm/strategies.py", line 1001, in _get_ident_for_use_get
    get_attr(state, dict_, self._equated_columns[pk], passive=passive)
  File "/usr/local/lib/python3.12/site-packages/sqlalchemy/orm/mapper.py", line 3594, in _get_state_attr_by_column
    return state.manager[prop.key].impl.get(state, dict_, passive=passive)
           ^^^^^^^^^^^^^^^^^^^^^^^^^^^^^^^^^^^^^^^^^^^^^^^^^^^^^^^^^^^^^^^
  File "/usr/local/lib/python3.12/site-packages/sqlalchemy/orm/attributes.py", line 1096, in get
    value = self._fire_loader_callables(state, key, passive)
            ^^^^^^^^^^^^^^^^^^^^^^^^^^^^^^^^^^^^^^^^^^^^^^^^
  File "/usr/local/lib/python3.12/site-packages/sqlalchemy/orm/attributes.py", line 1126, in _fire_loader_callables
    return state._load_expired(state, passive)
           ^^^^^^^^^^^^^^^^^^^^^^^^^^^^^^^^^^^
  File "/usr/local/lib/python3.12/site-packages/sqlalchemy/orm/state.py", line 803, in _load_expired
    self.manager.expired_attribute_loader(self, toload, passive)
  File "/usr/local/lib/python3.12/site-packages/sqlalchemy/orm/loading.py", line 1674, in load_scalar_attributes
    result = load_on_ident(
             ^^^^^^^^^^^^^^
  File "/usr/local/lib/python3.12/site-packages/sqlalchemy/orm/loading.py", line 510, in load_on_ident
    return load_on_pk_identity(
           ^^^^^^^^^^^^^^^^^^^^
  File "/usr/local/lib/python3.12/site-packages/sqlalchemy/orm/loading.py", line 695, in load_on_pk_identity
    session.execute(
  File "/usr/local/lib/python3.12/site-packages/sqlalchemy/orm/session.py", line 2365, in execute
    return self._execute_internal(
           ^^^^^^^^^^^^^^^^^^^^^^^
  File "/usr/local/lib/python3.12/site-packages/sqlalchemy/orm/session.py", line 2251, in _execute_internal
INFO:     172.19.0.1:41696 - "POST /orders HTTP/1.1" 500 Internal Server Error
    result: Result[Any] = compile_state_cls.orm_execute_statement(
                          ^^^^^^^^^^^^^^^^^^^^^^^^^^^^^^^^^^^^^^^^
  File "/usr/local/lib/python3.12/site-packages/sqlalchemy/orm/context.py", line 306, in orm_execute_statement
    result = conn.execute(
             ^^^^^^^^^^^^^
  File "/usr/local/lib/python3.12/site-packages/sqlalchemy/engine/base.py", line 1419, in execute
    return meth(
           ^^^^^
  File "/usr/local/lib/python3.12/site-packages/sqlalchemy/sql/elements.py", line 526, in _execute_on_connection
    return connection._execute_clauseelement(
           ^^^^^^^^^^^^^^^^^^^^^^^^^^^^^^^^^^
  File "/usr/local/lib/python3.12/site-packages/sqlalchemy/engine/base.py", line 1641, in _execute_clauseelement
    ret = self._execute_context(
          ^^^^^^^^^^^^^^^^^^^^^^
  File "/usr/local/lib/python3.12/site-packages/sqlalchemy/engine/base.py", line 1846, in _execute_context
    return self._exec_single_context(
           ^^^^^^^^^^^^^^^^^^^^^^^^^^
  File "/usr/local/lib/python3.12/site-packages/sqlalchemy/engine/base.py", line 1986, in _exec_single_context
    self._handle_dbapi_exception(
  File "/usr/local/lib/python3.12/site-packages/sqlalchemy/engine/base.py", line 2358, in _handle_dbapi_exception
    raise exc_info[1].with_traceback(exc_info[2])
  File "/usr/local/lib/python3.12/site-packages/sqlalchemy/engine/base.py", line 1967, in _exec_single_context
    self.dialect.do_execute(
  File "/usr/local/lib/python3.12/site-packages/sqlalchemy/engine/default.py", line 951, in do_execute
    cursor.execute(statement, parameters)
  File "/usr/local/lib/python3.12/site-packages/sqlalchemy/dialects/postgresql/asyncpg.py", line 580, in execute
    self._adapt_connection.await_(
  File "/usr/local/lib/python3.12/site-packages/sqlalchemy/util/_concurrency_py3k.py", line 123, in await_only
    raise exc.MissingGreenlet(
sqlalchemy.exc.MissingGreenlet: greenlet_spawn has not been called; can't call await_only() here. Was IO attempted in 
an unexpected place? (Background on this error at: https://sqlalche.me/e/20/xd2s)
{"ts": "2026-03-17T23:49:11.349385+00:00", "level": "ERROR", "logger": "app.main", "message": "http.request_failed", 
"event": "http.request_failed", "method": "POST", "path": "/orders", "status_code": 500, "elapsed_ms": 496.88, 
"request_id": "96351b9b-b5fe-499c-8211-bd4fb354df22"}
ERROR:    Exception in ASGI application
  + Exception Group Traceback (most recent call last):
  |   File "/usr/local/lib/python3.12/site-packages/starlette/_utils.py", line 79, in collapse_excgroups
  |     yield
  |   File "/usr/local/lib/python3.12/site-packages/starlette/middleware/base.py", line 183, in __call__
  |     async with anyio.create_task_group() as task_group:
  |                ^^^^^^^^^^^^^^^^^^^^^^^^^
  |   File "/usr/local/lib/python3.12/site-packages/anyio/_backends/_asyncio.py", line 783, in __aexit__
  |     raise BaseExceptionGroup(
  | ExceptionGroup: unhandled errors in a TaskGroup (1 sub-exception)
  +-+---------------- 1 ----------------
    | Traceback (most recent call last):
    |   File "/usr/local/lib/python3.12/site-packages/uvicorn/protocols/http/httptools_impl.py", line 409, in run_asgi
    |     result = await app(  # type: ignore[func-returns-value]
    |              ^^^^^^^^^^^^^^^^^^^^^^^^^^^^^^^^^^^^^^^^^^^^^^
    |   File "/usr/local/lib/python3.12/site-packages/uvicorn/middleware/proxy_headers.py", line 60, in __call__
    |     return await self.app(scope, receive, send)
    |            ^^^^^^^^^^^^^^^^^^^^^^^^^^^^^^^^^^^^
    |   File "/usr/local/lib/python3.12/site-packages/fastapi/applications.py", line 1054, in __call__
    |     await super().__call__(scope, receive, send)
    |   File "/usr/local/lib/python3.12/site-packages/starlette/applications.py", line 113, in __call__
    |     await self.middleware_stack(scope, receive, send)
    |   File "/usr/local/lib/python3.12/site-packages/starlette/middleware/errors.py", line 186, in __call__
    |     raise exc
    |   File "/usr/local/lib/python3.12/site-packages/starlette/middleware/errors.py", line 164, in __call__
    |     await self.app(scope, receive, _send)
    |   File "/usr/local/lib/python3.12/site-packages/starlette/middleware/base.py", line 182, in __call__
    |     with recv_stream, send_stream, collapse_excgroups():
    |                                    ^^^^^^^^^^^^^^^^^^^^
    |   File "/usr/local/lib/python3.12/contextlib.py", line 158, in __exit__
    |     self.gen.throw(value)
    |   File "/usr/local/lib/python3.12/site-packages/starlette/_utils.py", line 85, in collapse_excgroups
    |     raise exc
    |   File "/usr/local/lib/python3.12/site-packages/starlette/middleware/base.py", line 184, in __call__
    |     response = await self.dispatch_func(request, call_next)
    |                ^^^^^^^^^^^^^^^^^^^^^^^^^^^^^^^^^^^^^^^^^^^^
    |   File "/app/app/main.py", line 35, in request_context_middleware
    |     response = await call_next(request)
    |                ^^^^^^^^^^^^^^^^^^^^^^^^
    |   File "/usr/local/lib/python3.12/site-packages/starlette/middleware/base.py", line 159, in call_next
    |     raise app_exc
    |   File "/usr/local/lib/python3.12/site-packages/starlette/middleware/base.py", line 144, in coro
    |     await self.app(scope, receive_or_disconnect, send_no_error)
    |   File "/usr/local/lib/python3.12/site-packages/starlette/middleware/exceptions.py", line 63, in __call__
    |     await wrap_app_handling_exceptions(self.app, conn)(scope, receive, send)
    |   File "/usr/local/lib/python3.12/site-packages/starlette/_exception_handler.py", line 53, in wrapped_app
    |     raise exc
    |   File "/usr/local/lib/python3.12/site-packages/starlette/_exception_handler.py", line 42, in wrapped_app
    |     await app(scope, receive, sender)
    |   File "/usr/local/lib/python3.12/site-packages/starlette/routing.py", line 716, in __call__
    |     await self.middleware_stack(scope, receive, send)
    |   File "/usr/local/lib/python3.12/site-packages/starlette/routing.py", line 736, in app
    |     await route.handle(scope, receive, send)
    |   File "/usr/local/lib/python3.12/site-packages/starlette/routing.py", line 290, in handle
    |     await self.app(scope, receive, send)
    |   File "/usr/local/lib/python3.12/site-packages/starlette/routing.py", line 78, in app
    |     await wrap_app_handling_exceptions(app, request)(scope, receive, send)
    |   File "/usr/local/lib/python3.12/site-packages/starlette/_exception_handler.py", line 53, in wrapped_app
    |     raise exc
    |   File "/usr/local/lib/python3.12/site-packages/starlette/_exception_handler.py", line 42, in wrapped_app
    |     await app(scope, receive, sender)
    |   File "/usr/local/lib/python3.12/site-packages/starlette/routing.py", line 75, in app
    |     response = await f(request)
    |                ^^^^^^^^^^^^^^^^
    |   File "/usr/local/lib/python3.12/site-packages/fastapi/routing.py", line 302, in app
    |     raw_response = await run_endpoint_function(
    |                    ^^^^^^^^^^^^^^^^^^^^^^^^^^^^
    |   File "/usr/local/lib/python3.12/site-packages/fastapi/routing.py", line 213, in run_endpoint_function
    |     return await dependant.call(**values)
    |            ^^^^^^^^^^^^^^^^^^^^^^^^^^^^^^
    |   File "/app/app/api/routes/orders.py", line 55, in create_order_endpoint
    |     order = await create_order(db, current_user, payload)
    |             ^^^^^^^^^^^^^^^^^^^^^^^^^^^^^^^^^^^^^^^^^^^^^
    |   File "/app/app/services/order_service.py", line 251, in create_order
    |     item_type = size.item_type
    |                 ^^^^^^^^^^^^^^
    |   File "/usr/local/lib/python3.12/site-packages/sqlalchemy/orm/attributes.py", line 569, in __get__
    |     return self.impl.get(state, dict_)  # type: ignore[no-any-return]
    |            ^^^^^^^^^^^^^^^^^^^^^^^^^^^
    |   File "/usr/local/lib/python3.12/site-packages/sqlalchemy/orm/attributes.py", line 1096, in get
    |     value = self._fire_loader_callables(state, key, passive)
    |             ^^^^^^^^^^^^^^^^^^^^^^^^^^^^^^^^^^^^^^^^^^^^^^^^
    |   File "/usr/local/lib/python3.12/site-packages/sqlalchemy/orm/attributes.py", line 1131, in 
_fire_loader_callables
    |     return self.callable_(state, passive)
    |            ^^^^^^^^^^^^^^^^^^^^^^^^^^^^^^
    |   File "/usr/local/lib/python3.12/site-packages/sqlalchemy/orm/strategies.py", line 931, in _load_for_state
    |     primary_key_identity = self._get_ident_for_use_get(
    |                            ^^^^^^^^^^^^^^^^^^^^^^^^^^^^
    |   File "/usr/local/lib/python3.12/site-packages/sqlalchemy/orm/strategies.py", line 1001, in 
_get_ident_for_use_get
    |     get_attr(state, dict_, self._equated_columns[pk], passive=passive)
    |   File "/usr/local/lib/python3.12/site-packages/sqlalchemy/orm/mapper.py", line 3594, in 
_get_state_attr_by_column
    |     return state.manager[prop.key].impl.get(state, dict_, passive=passive)
    |            ^^^^^^^^^^^^^^^^^^^^^^^^^^^^^^^^^^^^^^^^^^^^^^^^^^^^^^^^^^^^^^^
    |   File "/usr/local/lib/python3.12/site-packages/sqlalchemy/orm/attributes.py", line 1096, in get
    |     value = self._fire_loader_callables(state, key, passive)
    |             ^^^^^^^^^^^^^^^^^^^^^^^^^^^^^^^^^^^^^^^^^^^^^^^^
    |   File "/usr/local/lib/python3.12/site-packages/sqlalchemy/orm/attributes.py", line 1126, in 
_fire_loader_callables
    |     return state._load_expired(state, passive)
    |            ^^^^^^^^^^^^^^^^^^^^^^^^^^^^^^^^^^^
    |   File "/usr/local/lib/python3.12/site-packages/sqlalchemy/orm/state.py", line 803, in _load_expired
    |     self.manager.expired_attribute_loader(self, toload, passive)
    |   File "/usr/local/lib/python3.12/site-packages/sqlalchemy/orm/loading.py", line 1674, in load_scalar_attributes
    |     result = load_on_ident(
    |              ^^^^^^^^^^^^^^
    |   File "/usr/local/lib/python3.12/site-packages/sqlalchemy/orm/loading.py", line 510, in load_on_ident
    |     return load_on_pk_identity(
    |            ^^^^^^^^^^^^^^^^^^^^
    |   File "/usr/local/lib/python3.12/site-packages/sqlalchemy/orm/loading.py", line 695, in load_on_pk_identity
    |     session.execute(
    |   File "/usr/local/lib/python3.12/site-packages/sqlalchemy/orm/session.py", line 2365, in execute
    |     return self._execute_internal(
    |            ^^^^^^^^^^^^^^^^^^^^^^^
    |   File "/usr/local/lib/python3.12/site-packages/sqlalchemy/orm/session.py", line 2251, in _execute_internal
    |     result: Result[Any] = compile_state_cls.orm_execute_statement(
    |                           ^^^^^^^^^^^^^^^^^^^^^^^^^^^^^^^^^^^^^^^^
    |   File "/usr/local/lib/python3.12/site-packages/sqlalchemy/orm/context.py", line 306, in orm_execute_statement
    |     result = conn.execute(
    |              ^^^^^^^^^^^^^
    |   File "/usr/local/lib/python3.12/site-packages/sqlalchemy/engine/base.py", line 1419, in execute
    |     return meth(
    |            ^^^^^
    |   File "/usr/local/lib/python3.12/site-packages/sqlalchemy/sql/elements.py", line 526, in _execute_on_connection
    |     return connection._execute_clauseelement(
    |            ^^^^^^^^^^^^^^^^^^^^^^^^^^^^^^^^^^
    |   File "/usr/local/lib/python3.12/site-packages/sqlalchemy/engine/base.py", line 1641, in _execute_clauseelement
    |     ret = self._execute_context(
    |           ^^^^^^^^^^^^^^^^^^^^^^
    |   File "/usr/local/lib/python3.12/site-packages/sqlalchemy/engine/base.py", line 1846, in _execute_context
    |     return self._exec_single_context(
    |            ^^^^^^^^^^^^^^^^^^^^^^^^^^
    |   File "/usr/local/lib/python3.12/site-packages/sqlalchemy/engine/base.py", line 1986, in _exec_single_context
    |     self._handle_dbapi_exception(
    |   File "/usr/local/lib/python3.12/site-packages/sqlalchemy/engine/base.py", line 2358, in _handle_dbapi_exception
    |     raise exc_info[1].with_traceback(exc_info[2])
    |   File "/usr/local/lib/python3.12/site-packages/sqlalchemy/engine/base.py", line 1967, in _exec_single_context
    |     self.dialect.do_execute(
    |   File "/usr/local/lib/python3.12/site-packages/sqlalchemy/engine/default.py", line 951, in do_execute
    |     cursor.execute(statement, parameters)
    |   File "/usr/local/lib/python3.12/site-packages/sqlalchemy/dialects/postgresql/asyncpg.py", line 580, in execute
    |     self._adapt_connection.await_(
    |   File "/usr/local/lib/python3.12/site-packages/sqlalchemy/util/_concurrency_py3k.py", line 123, in await_only
    |     raise exc.MissingGreenlet(
    | sqlalchemy.exc.MissingGreenlet: greenlet_spawn has not been called; can't call await_only() here. Was IO 
attempted in an unexpected place? (Background on this error at: https://sqlalche.me/e/20/xd2s)
    +------------------------------------

During handling of the above exception, another exception occurred:

Traceback (most recent call last):
  File "/usr/local/lib/python3.12/site-packages/uvicorn/protocols/http/httptools_impl.py", line 409, in run_asgi
    result = await app(  # type: ignore[func-returns-value]
             ^^^^^^^^^^^^^^^^^^^^^^^^^^^^^^^^^^^^^^^^^^^^^^
  File "/usr/local/lib/python3.12/site-packages/uvicorn/middleware/proxy_headers.py", line 60, in __call__
    return await self.app(scope, receive, send)
           ^^^^^^^^^^^^^^^^^^^^^^^^^^^^^^^^^^^^
  File "/usr/local/lib/python3.12/site-packages/fastapi/applications.py", line 1054, in __call__
    await super().__call__(scope, receive, send)
  File "/usr/local/lib/python3.12/site-packages/starlette/applications.py", line 113, in __call__
    await self.middleware_stack(scope, receive, send)
  File "/usr/local/lib/python3.12/site-packages/starlette/middleware/errors.py", line 186, in __call__
    raise exc
  File "/usr/local/lib/python3.12/site-packages/starlette/middleware/errors.py", line 164, in __call__
    await self.app(scope, receive, _send)
  File "/usr/local/lib/python3.12/site-packages/starlette/middleware/base.py", line 182, in __call__
    with recv_stream, send_stream, collapse_excgroups():
                                   ^^^^^^^^^^^^^^^^^^^^
  File "/usr/local/lib/python3.12/contextlib.py", line 158, in __exit__
    self.gen.throw(value)
  File "/usr/local/lib/python3.12/site-packages/starlette/_utils.py", line 85, in collapse_excgroups
    raise exc
  File "/usr/local/lib/python3.12/site-packages/starlette/middleware/base.py", line 184, in __call__
    response = await self.dispatch_func(request, call_next)
               ^^^^^^^^^^^^^^^^^^^^^^^^^^^^^^^^^^^^^^^^^^^^
  File "/app/app/main.py", line 35, in request_context_middleware
    response = await call_next(request)
               ^^^^^^^^^^^^^^^^^^^^^^^^
  File "/usr/local/lib/python3.12/site-packages/starlette/middleware/base.py", line 159, in call_next
    raise app_exc
  File "/usr/local/lib/python3.12/site-packages/starlette/middleware/base.py", line 144, in coro
    await self.app(scope, receive_or_disconnect, send_no_error)
  File "/usr/local/lib/python3.12/site-packages/starlette/middleware/exceptions.py", line 63, in __call__
    await wrap_app_handling_exceptions(self.app, conn)(scope, receive, send)
  File "/usr/local/lib/python3.12/site-packages/starlette/_exception_handler.py", line 53, in wrapped_app
    raise exc
  File "/usr/local/lib/python3.12/site-packages/starlette/_exception_handler.py", line 42, in wrapped_app
    await app(scope, receive, sender)
  File "/usr/local/lib/python3.12/site-packages/starlette/routing.py", line 716, in __call__
    await self.middleware_stack(scope, receive, send)
  File "/usr/local/lib/python3.12/site-packages/starlette/routing.py", line 736, in app
    await route.handle(scope, receive, send)
  File "/usr/local/lib/python3.12/site-packages/starlette/routing.py", line 290, in handle
    await self.app(scope, receive, send)
  File "/usr/local/lib/python3.12/site-packages/starlette/routing.py", line 78, in app
    await wrap_app_handling_exceptions(app, request)(scope, receive, send)
  File "/usr/local/lib/python3.12/site-packages/starlette/_exception_handler.py", line 53, in wrapped_app
    raise exc
  File "/usr/local/lib/python3.12/site-packages/starlette/_exception_handler.py", line 42, in wrapped_app
    await app(scope, receive, sender)
  File "/usr/local/lib/python3.12/site-packages/starlette/routing.py", line 75, in app
    response = await f(request)
               ^^^^^^^^^^^^^^^^
  File "/usr/local/lib/python3.12/site-packages/fastapi/routing.py", line 302, in app
    raw_response = await run_endpoint_function(
                   ^^^^^^^^^^^^^^^^^^^^^^^^^^^^
  File "/usr/local/lib/python3.12/site-packages/fastapi/routing.py", line 213, in run_endpoint_function
    return await dependant.call(**values)
           ^^^^^^^^^^^^^^^^^^^^^^^^^^^^^^
  File "/app/app/api/routes/orders.py", line 55, in create_order_endpoint
    order = await create_order(db, current_user, payload)
            ^^^^^^^^^^^^^^^^^^^^^^^^^^^^^^^^^^^^^^^^^^^^^
  File "/app/app/services/order_service.py", line 251, in create_order
    item_type = size.item_type
                ^^^^^^^^^^^^^^
  File "/usr/local/lib/python3.12/site-packages/sqlalchemy/orm/attributes.py", line 569, in __get__
    return self.impl.get(state, dict_)  # type: ignore[no-any-return]
           ^^^^^^^^^^^^^^^^^^^^^^^^^^^
  File "/usr/local/lib/python3.12/site-packages/sqlalchemy/orm/attributes.py", line 1096, in get
    value = self._fire_loader_callables(state, key, passive)
            ^^^^^^^^^^^^^^^^^^^^^^^^^^^^^^^^^^^^^^^^^^^^^^^^
  File "/usr/local/lib/python3.12/site-packages/sqlalchemy/orm/attributes.py", line 1131, in _fire_loader_callables
    return self.callable_(state, passive)
           ^^^^^^^^^^^^^^^^^^^^^^^^^^^^^^
  File "/usr/local/lib/python3.12/site-packages/sqlalchemy/orm/strategies.py", line 931, in _load_for_state
    primary_key_identity = self._get_ident_for_use_get(
                           ^^^^^^^^^^^^^^^^^^^^^^^^^^^^
  File "/usr/local/lib/python3.12/site-packages/sqlalchemy/orm/strategies.py", line 1001, in _get_ident_for_use_get
    get_attr(state, dict_, self._equated_columns[pk], passive=passive)
  File "/usr/local/lib/python3.12/site-packages/sqlalchemy/orm/mapper.py", line 3594, in _get_state_attr_by_column
    return state.manager[prop.key].impl.get(state, dict_, passive=passive)
           ^^^^^^^^^^^^^^^^^^^^^^^^^^^^^^^^^^^^^^^^^^^^^^^^^^^^^^^^^^^^^^^
  File "/usr/local/lib/python3.12/site-packages/sqlalchemy/orm/attributes.py", line 1096, in get
    value = self._fire_loader_callables(state, key, passive)
            ^^^^^^^^^^^^^^^^^^^^^^^^^^^^^^^^^^^^^^^^^^^^^^^^
  File "/usr/local/lib/python3.12/site-packages/sqlalchemy/orm/attributes.py", line 1126, in _fire_loader_callables
    return state._load_expired(state, passive)
           ^^^^^^^^^^^^^^^^^^^^^^^^^^^^^^^^^^^
  File "/usr/local/lib/python3.12/site-packages/sqlalchemy/orm/state.py", line 803, in _load_expired
    self.manager.expired_attribute_loader(self, toload, passive)
  File "/usr/local/lib/python3.12/site-packages/sqlalchemy/orm/loading.py", line 1674, in load_scalar_attributes
    result = load_on_ident(
             ^^^^^^^^^^^^^^
  File "/usr/local/lib/python3.12/site-packages/sqlalchemy/orm/loading.py", line 510, in load_on_ident
    return load_on_pk_identity(
           ^^^^^^^^^^^^^^^^^^^^
  File "/usr/local/lib/python3.12/site-packages/sqlalchemy/orm/loading.py", line 695, in load_on_pk_identity
    session.execute(
  File "/usr/local/lib/python3.12/site-packages/sqlalchemy/orm/session.py", line 2365, in execute
    return self._execute_internal(
           ^^^^^^^^^^^^^^^^^^^^^^^
  File "/usr/local/lib/python3.12/site-packages/sqlalchemy/orm/session.py", line 2251, in _execute_internal
    result: Result[Any] = compile_state_cls.orm_execute_statement(
                          ^^^^^^^^^^^^^^^^^^^^^^^^^^^^^^^^^^^^^^^^
  File "/usr/local/lib/python3.12/site-packages/sqlalchemy/orm/context.py", line 306, in orm_execute_statement
    result = conn.execute(
             ^^^^^^^^^^^^^
  File "/usr/local/lib/python3.12/site-packages/sqlalchemy/engine/base.py", line 1419, in execute
    return meth(
           ^^^^^
  File "/usr/local/lib/python3.12/site-packages/sqlalchemy/sql/elements.py", line 526, in _execute_on_connection
    return connection._execute_clauseelement(
           ^^^^^^^^^^^^^^^^^^^^^^^^^^^^^^^^^^
  File "/usr/local/lib/python3.12/site-packages/sqlalchemy/engine/base.py", line 1641, in _execute_clauseelement
    ret = self._execute_context(
          ^^^^^^^^^^^^^^^^^^^^^^
  File "/usr/local/lib/python3.12/site-packages/sqlalchemy/engine/base.py", line 1846, in _execute_context
    return self._exec_single_context(
INFO:     172.19.0.1:41738 - "POST /orders HTTP/1.1" 201 Created
INFO:     172.19.0.1:41766 - "GET /orders/f8024333-d7ef-48e9-9cf1-ad1a2090d9de HTTP/1.1" 200 OK
INFO:     172.19.0.1:41758 - "GET /orders/c6d39672-a0ae-438a-9c7e-e5b698efd64d HTTP/1.1" 200 OK
INFO:     172.19.0.1:41754 - "POST /orders HTTP/1.1" 201 Created
INFO:     172.19.0.1:41816 - "GET /orders/1c651215-0ea3-4428-867c-c89950f02f1a HTTP/1.1" 200 OK
INFO:     172.19.0.1:41774 - "POST /orders HTTP/1.1" 201 Created
INFO:     172.19.0.1:41776 - "POST /orders HTTP/1.1" 500 Internal Server Error
           ^^^^^^^^^^^^^^^^^^^^^^^^^^
  File "/usr/local/lib/python3.12/site-packages/sqlalchemy/engine/base.py", line 1986, in _exec_single_context
    self._handle_dbapi_exception(
  File "/usr/local/lib/python3.12/site-packages/sqlalchemy/engine/base.py", line 2358, in _handle_dbapi_exception
    raise exc_info[1].with_traceback(exc_info[2])
  File "/usr/local/lib/python3.12/site-packages/sqlalchemy/engine/base.py", line 1967, in _exec_single_context
    self.dialect.do_execute(
  File "/usr/local/lib/python3.12/site-packages/sqlalchemy/engine/default.py", line 951, in do_execute
    cursor.execute(statement, parameters)
  File "/usr/local/lib/python3.12/site-packages/sqlalchemy/dialects/postgresql/asyncpg.py", line 580, in execute
    self._adapt_connection.await_(
  File "/usr/local/lib/python3.12/site-packages/sqlalchemy/util/_concurrency_py3k.py", line 123, in await_only
    raise exc.MissingGreenlet(
sqlalchemy.exc.MissingGreenlet: greenlet_spawn has not been called; can't call await_only() here. Was IO attempted in 
an unexpected place? (Background on this error at: https://sqlalche.me/e/20/xd2s)
{"ts": "2026-03-17T23:49:11.407289+00:00", "level": "INFO", "logger": "app.services.order_service", "message": 
"order.created", "event": "order.created", "order_id": "adb39e24-9a55-426e-82dd-5993d4a5f773", "order_number": 27, 
"order_type": "pickup", "status": "NEW", "actor_user_id": "0ce35dca-d398-4600-9607-c80a9c594f93"}
{"ts": "2026-03-17T23:49:11.409409+00:00", "level": "INFO", "logger": "app.main", "message": "http.request", "event": 
"http.request", "method": "POST", "path": "/orders", "status_code": 201, "elapsed_ms": 554.26, "request_id": 
"2cc02bcc-2032-4d63-819f-40425845d0be"}
{"ts": "2026-03-17T23:49:11.418587+00:00", "level": "INFO", "logger": "app.main", "message": "http.request", "event": 
"http.request", "method": "GET", "path": "/orders/f8024333-d7ef-48e9-9cf1-ad1a2090d9de", "status_code": 200, 
"elapsed_ms": 198.99, "request_id": "0a536e07-7ff0-4559-aec5-e845dd041261"}
{"ts": "2026-03-17T23:49:11.440636+00:00", "level": "INFO", "logger": "app.services.order_service", "message": 
"order.created", "event": "order.created", "order_id": "e12b76f6-bde9-41bf-af60-1bd1308f7676", "order_number": 28, 
"order_type": "pickup", "status": "NEW", "actor_user_id": "0ce35dca-d398-4600-9607-c80a9c594f93"}
{"ts": "2026-03-17T23:49:11.447276+00:00", "level": "WARNING", "logger": "app.services.order_service", "message": 
"order.number_conflict_retry", "event": "order.number_conflict_retry", "attempt": 1, "actor_user_id": 
"0ce35dca-d398-4600-9607-c80a9c594f93"}
{"ts": "2026-03-17T23:49:11.478829+00:00", "level": "INFO", "logger": "app.main", "message": "http.request", "event": 
"http.request", "method": "GET", "path": "/orders/c6d39672-a0ae-438a-9c7e-e5b698efd64d", "status_code": 200, 
"elapsed_ms": 302.2, "request_id": "9309951d-dc60-4a4c-9fd2-733229e47a48"}
{"ts": "2026-03-17T23:49:11.487640+00:00", "level": "INFO", "logger": "app.services.order_service", "message": 
"order.created", "event": "order.created", "order_id": "7cd99036-572d-43d0-ac2f-828b8d4661bd", "order_number": 29, 
"order_type": "pickup", "status": "NEW", "actor_user_id": "0ce35dca-d398-4600-9607-c80a9c594f93"}
{"ts": "2026-03-17T23:49:11.488947+00:00", "level": "WARNING", "logger": "app.services.order_service", "message": 
"order.number_conflict_retry", "event": "order.number_conflict_retry", "attempt": 2, "actor_user_id": 
"0ce35dca-d398-4600-9607-c80a9c594f93"}
{"ts": "2026-03-17T23:49:11.490240+00:00", "level": "INFO", "logger": "app.main", "message": "http.request", "event": 
"http.request", "method": "POST", "path": "/orders", "status_code": 201, "elapsed_ms": 321.74, "request_id": 
"e8c44ca1-86ba-4da7-bcc2-4ba22a02d109"}
{"ts": "2026-03-17T23:49:11.490801+00:00", "level": "WARNING", "logger": "app.services.order_service", "message": 
"order.number_conflict_retry", "event": "order.number_conflict_retry", "attempt": 1, "actor_user_id": 
"0ce35dca-d398-4600-9607-c80a9c594f93"}
{"ts": "2026-03-17T23:49:11.500090+00:00", "level": "INFO", "logger": "app.main", "message": "http.request", "event": 
"http.request", "method": "GET", "path": "/orders/1c651215-0ea3-4428-867c-c89950f02f1a", "status_code": 200, 
"elapsed_ms": 69.65, "request_id": "347708e9-dfa0-4eda-9f2b-e329cd9d1e87"}
{"ts": "2026-03-17T23:49:11.504500+00:00", "level": "INFO", "logger": "app.main", "message": "http.request", "event": 
"http.request", "method": "POST", "path": "/orders", "status_code": 201, "elapsed_ms": 282.14, "request_id": 
"08c98cf1-8133-44c7-acb4-74e117ab6208"}
{"ts": "2026-03-17T23:49:11.509954+00:00", "level": "ERROR", "logger": "app.main", "message": "http.request_failed", 
"event": "http.request_failed", "method": "POST", "path": "/orders", "status_code": 500, "elapsed_ms": 161.18, 
"request_id": "f5c8894e-1f75-4186-9f68-cefc28da722f"}
ERROR:    Exception in ASGI application
  + Exception Group Traceback (most recent call last):
  |   File "/usr/local/lib/python3.12/site-packages/starlette/_utils.py", line 79, in collapse_excgroups
  |     yield
  |   File "/usr/local/lib/python3.12/site-packages/starlette/middleware/base.py", line 183, in __call__
  |     async with anyio.create_task_group() as task_group:
  |                ^^^^^^^^^^^^^^^^^^^^^^^^^
  |   File "/usr/local/lib/python3.12/site-packages/anyio/_backends/_asyncio.py", line 783, in __aexit__
  |     raise BaseExceptionGroup(
  | ExceptionGroup: unhandled errors in a TaskGroup (1 sub-exception)
  +-+---------------- 1 ----------------
    | Traceback (most recent call last):
    |   File "/usr/local/lib/python3.12/site-packages/uvicorn/protocols/http/httptools_impl.py", line 409, in run_asgi
    |     result = await app(  # type: ignore[func-returns-value]
    |              ^^^^^^^^^^^^^^^^^^^^^^^^^^^^^^^^^^^^^^^^^^^^^^
    |   File "/usr/local/lib/python3.12/site-packages/uvicorn/middleware/proxy_headers.py", line 60, in __call__
    |     return await self.app(scope, receive, send)
    |            ^^^^^^^^^^^^^^^^^^^^^^^^^^^^^^^^^^^^
    |   File "/usr/local/lib/python3.12/site-packages/fastapi/applications.py", line 1054, in __call__
    |     await super().__call__(scope, receive, send)
    |   File "/usr/local/lib/python3.12/site-packages/starlette/applications.py", line 113, in __call__
    |     await self.middleware_stack(scope, receive, send)
    |   File "/usr/local/lib/python3.12/site-packages/starlette/middleware/errors.py", line 186, in __call__
    |     raise exc
    |   File "/usr/local/lib/python3.12/site-packages/starlette/middleware/errors.py", line 164, in __call__
    |     await self.app(scope, receive, _send)
    |   File "/usr/local/lib/python3.12/site-packages/starlette/middleware/base.py", line 182, in __call__
    |     with recv_stream, send_stream, collapse_excgroups():
    |                                    ^^^^^^^^^^^^^^^^^^^^
    |   File "/usr/local/lib/python3.12/contextlib.py", line 158, in __exit__
    |     self.gen.throw(value)
    |   File "/usr/local/lib/python3.12/site-packages/starlette/_utils.py", line 85, in collapse_excgroups
    |     raise exc
    |   File "/usr/local/lib/python3.12/site-packages/starlette/middleware/base.py", line 184, in __call__
    |     response = await self.dispatch_func(request, call_next)
    |                ^^^^^^^^^^^^^^^^^^^^^^^^^^^^^^^^^^^^^^^^^^^^
    |   File "/app/app/main.py", line 35, in request_context_middleware
    |     response = await call_next(request)
    |                ^^^^^^^^^^^^^^^^^^^^^^^^
    |   File "/usr/local/lib/python3.12/site-packages/starlette/middleware/base.py", line 159, in call_next
    |     raise app_exc
    |   File "/usr/local/lib/python3.12/site-packages/starlette/middleware/base.py", line 144, in coro
    |     await self.app(scope, receive_or_disconnect, send_no_error)
    |   File "/usr/local/lib/python3.12/site-packages/starlette/middleware/exceptions.py", line 63, in __call__
    |     await wrap_app_handling_exceptions(self.app, conn)(scope, receive, send)
    |   File "/usr/local/lib/python3.12/site-packages/starlette/_exception_handler.py", line 53, in wrapped_app
    |     raise exc
    |   File "/usr/local/lib/python3.12/site-packages/starlette/_exception_handler.py", line 42, in wrapped_app
    |     await app(scope, receive, sender)
    |   File "/usr/local/lib/python3.12/site-packages/starlette/routing.py", line 716, in __call__
    |     await self.middleware_stack(scope, receive, send)
    |   File "/usr/local/lib/python3.12/site-packages/starlette/routing.py", line 736, in app
    |     await route.handle(scope, receive, send)
    |   File "/usr/local/lib/python3.12/site-packages/starlette/routing.py", line 290, in handle
    |     await self.app(scope, receive, send)
    |   File "/usr/local/lib/python3.12/site-packages/starlette/routing.py", line 78, in app
    |     await wrap_app_handling_exceptions(app, request)(scope, receive, send)
    |   File "/usr/local/lib/python3.12/site-packages/starlette/_exception_handler.py", line 53, in wrapped_app
    |     raise exc
    |   File "/usr/local/lib/python3.12/site-packages/starlette/_exception_handler.py", line 42, in wrapped_app
    |     await app(scope, receive, sender)
    |   File "/usr/local/lib/python3.12/site-packages/starlette/routing.py", line 75, in app
    |     response = await f(request)
    |                ^^^^^^^^^^^^^^^^
    |   File "/usr/local/lib/python3.12/site-packages/fastapi/routing.py", line 302, in app
    |     raw_response = await run_endpoint_function(
    |                    ^^^^^^^^^^^^^^^^^^^^^^^^^^^^
    |   File "/usr/local/lib/python3.12/site-packages/fastapi/routing.py", line 213, in run_endpoint_function
    |     return await dependant.call(**values)
    |            ^^^^^^^^^^^^^^^^^^^^^^^^^^^^^^
    |   File "/app/app/api/routes/orders.py", line 55, in create_order_endpoint
    |     order = await create_order(db, current_user, payload)
    |             ^^^^^^^^^^^^^^^^^^^^^^^^^^^^^^^^^^^^^^^^^^^^^
    |   File "/app/app/services/order_service.py", line 251, in create_order
    |     item_type = size.item_type
    |                 ^^^^^^^^^^^^^^
    |   File "/usr/local/lib/python3.12/site-packages/sqlalchemy/orm/attributes.py", line 569, in __get__
    |     return self.impl.get(state, dict_)  # type: ignore[no-any-return]
    |            ^^^^^^^^^^^^^^^^^^^^^^^^^^^
    |   File "/usr/local/lib/python3.12/site-packages/sqlalchemy/orm/attributes.py", line 1096, in get
    |     value = self._fire_loader_callables(state, key, passive)
    |             ^^^^^^^^^^^^^^^^^^^^^^^^^^^^^^^^^^^^^^^^^^^^^^^^
    |   File "/usr/local/lib/python3.12/site-packages/sqlalchemy/orm/attributes.py", line 1131, in 
_fire_loader_callables
    |     return self.callable_(state, passive)
    |            ^^^^^^^^^^^^^^^^^^^^^^^^^^^^^^
    |   File "/usr/local/lib/python3.12/site-packages/sqlalchemy/orm/strategies.py", line 931, in _load_for_state
    |     primary_key_identity = self._get_ident_for_use_get(
    |                            ^^^^^^^^^^^^^^^^^^^^^^^^^^^^
    |   File "/usr/local/lib/python3.12/site-packages/sqlalchemy/orm/strategies.py", line 1001, in 
_get_ident_for_use_get
    |     get_attr(state, dict_, self._equated_columns[pk], passive=passive)
    |   File "/usr/local/lib/python3.12/site-packages/sqlalchemy/orm/mapper.py", line 3594, in 
_get_state_attr_by_column
    |     return state.manager[prop.key].impl.get(state, dict_, passive=passive)
    |            ^^^^^^^^^^^^^^^^^^^^^^^^^^^^^^^^^^^^^^^^^^^^^^^^^^^^^^^^^^^^^^^
    |   File "/usr/local/lib/python3.12/site-packages/sqlalchemy/orm/attributes.py", line 1096, in get
    |     value = self._fire_loader_callables(state, key, passive)
    |             ^^^^^^^^^^^^^^^^^^^^^^^^^^^^^^^^^^^^^^^^^^^^^^^^
    |   File "/usr/local/lib/python3.12/site-packages/sqlalchemy/orm/attributes.py", line 1126, in 
_fire_loader_callables
    |     return state._load_expired(state, passive)
    |            ^^^^^^^^^^^^^^^^^^^^^^^^^^^^^^^^^^^
    |   File "/usr/local/lib/python3.12/site-packages/sqlalchemy/orm/state.py", line 803, in _load_expired
    |     self.manager.expired_attribute_loader(self, toload, passive)
    |   File "/usr/local/lib/python3.12/site-packages/sqlalchemy/orm/loading.py", line 1674, in load_scalar_attributes
    |     result = load_on_ident(
    |              ^^^^^^^^^^^^^^
    |   File "/usr/local/lib/python3.12/site-packages/sqlalchemy/orm/loading.py", line 510, in load_on_ident
    |     return load_on_pk_identity(
    |            ^^^^^^^^^^^^^^^^^^^^
    |   File "/usr/local/lib/python3.12/site-packages/sqlalchemy/orm/loading.py", line 695, in load_on_pk_identity
    |     session.execute(
    |   File "/usr/local/lib/python3.12/site-packages/sqlalchemy/orm/session.py", line 2365, in execute
    |     return self._execute_internal(
    |            ^^^^^^^^^^^^^^^^^^^^^^^
    |   File "/usr/local/lib/python3.12/site-packages/sqlalchemy/orm/session.py", line 2251, in _execute_internal
    |     result: Result[Any] = compile_state_cls.orm_execute_statement(
    |                           ^^^^^^^^^^^^^^^^^^^^^^^^^^^^^^^^^^^^^^^^
    |   File "/usr/local/lib/python3.12/site-packages/sqlalchemy/orm/context.py", line 306, in orm_execute_statement
    |     result = conn.execute(
    |              ^^^^^^^^^^^^^
    |   File "/usr/local/lib/python3.12/site-packages/sqlalchemy/engine/base.py", line 1419, in execute
    |     return meth(
    |            ^^^^^
    |   File "/usr/local/lib/python3.12/site-packages/sqlalchemy/sql/elements.py", line 526, in _execute_on_connection
    |     return connection._execute_clauseelement(
    |            ^^^^^^^^^^^^^^^^^^^^^^^^^^^^^^^^^^
    |   File "/usr/local/lib/python3.12/site-packages/sqlalchemy/engine/base.py", line 1641, in _execute_clauseelement
    |     ret = self._execute_context(
    |           ^^^^^^^^^^^^^^^^^^^^^^
    |   File "/usr/local/lib/python3.12/site-packages/sqlalchemy/engine/base.py", line 1846, in _execute_context
    |     return self._exec_single_context(
    |            ^^^^^^^^^^^^^^^^^^^^^^^^^^
    |   File "/usr/local/lib/python3.12/site-packages/sqlalchemy/engine/base.py", line 1986, in _exec_single_context
    |     self._handle_dbapi_exception(
    |   File "/usr/local/lib/python3.12/site-packages/sqlalchemy/engine/base.py", line 2358, in _handle_dbapi_exception
    |     raise exc_info[1].with_traceback(exc_info[2])
    |   File "/usr/local/lib/python3.12/site-packages/sqlalchemy/engine/base.py", line 1967, in _exec_single_context
    |     self.dialect.do_execute(
    |   File "/usr/local/lib/python3.12/site-packages/sqlalchemy/engine/default.py", line 951, in do_execute
    |     cursor.execute(statement, parameters)
    |   File "/usr/local/lib/python3.12/site-packages/sqlalchemy/dialects/postgresql/asyncpg.py", line 580, in execute
    |     self._adapt_connection.await_(
    |   File "/usr/local/lib/python3.12/site-packages/sqlalchemy/util/_concurrency_py3k.py", line 123, in await_only
    |     raise exc.MissingGreenlet(
    | sqlalchemy.exc.MissingGreenlet: greenlet_spawn has not been called; can't call await_only() here. Was IO 
attempted in an unexpected place? (Background on this error at: https://sqlalche.me/e/20/xd2s)
    +------------------------------------

During handling of the above exception, another exception occurred:

Traceback (most recent call last):
  File "/usr/local/lib/python3.12/site-packages/uvicorn/protocols/http/httptools_impl.py", line 409, in run_asgi
    result = await app(  # type: ignore[func-returns-value]
             ^^^^^^^^^^^^^^^^^^^^^^^^^^^^^^^^^^^^^^^^^^^^^^
  File "/usr/local/lib/python3.12/site-packages/uvicorn/middleware/proxy_headers.py", line 60, in __call__
    return await self.app(scope, receive, send)
           ^^^^^^^^^^^^^^^^^^^^^^^^^^^^^^^^^^^^
  File "/usr/local/lib/python3.12/site-packages/fastapi/applications.py", line 1054, in __call__
    await super().__call__(scope, receive, send)
  File "/usr/local/lib/python3.12/site-packages/starlette/applications.py", line 113, in __call__
    await self.middleware_stack(scope, receive, send)
  File "/usr/local/lib/python3.12/site-packages/starlette/middleware/errors.py", line 186, in __call__
    raise exc
  File "/usr/local/lib/python3.12/site-packages/starlette/middleware/errors.py", line 164, in __call__
    await self.app(scope, receive, _send)
  File "/usr/local/lib/python3.12/site-packages/starlette/middleware/base.py", line 182, in __call__
    with recv_stream, send_stream, collapse_excgroups():
                                   ^^^^^^^^^^^^^^^^^^^^
  File "/usr/local/lib/python3.12/contextlib.py", line 158, in __exit__
    self.gen.throw(value)
  File "/usr/local/lib/python3.12/site-packages/starlette/_utils.py", line 85, in collapse_excgroups
    raise exc
  File "/usr/local/lib/python3.12/site-packages/starlette/middleware/base.py", line 184, in __call__
    response = await self.dispatch_func(request, call_next)
               ^^^^^^^^^^^^^^^^^^^^^^^^^^^^^^^^^^^^^^^^^^^^
  File "/app/app/main.py", line 35, in request_context_middleware
    response = await call_next(request)
               ^^^^^^^^^^^^^^^^^^^^^^^^
  File "/usr/local/lib/python3.12/site-packages/starlette/middleware/base.py", line 159, in call_next
    raise app_exc
  File "/usr/local/lib/python3.12/site-packages/starlette/middleware/base.py", line 144, in coro
    await self.app(scope, receive_or_disconnect, send_no_error)
  File "/usr/local/lib/python3.12/site-packages/starlette/middleware/exceptions.py", line 63, in __call__
    await wrap_app_handling_exceptions(self.app, conn)(scope, receive, send)
  File "/usr/local/lib/python3.12/site-packages/starlette/_exception_handler.py", line 53, in wrapped_app
    raise exc
  File "/usr/local/lib/python3.12/site-packages/starlette/_exception_handler.py", line 42, in wrapped_app
    await app(scope, receive, sender)
  File "/usr/local/lib/python3.12/site-packages/starlette/routing.py", line 716, in __call__
    await self.middleware_stack(scope, receive, send)
  File "/usr/local/lib/python3.12/site-packages/starlette/routing.py", line 736, in app
    await route.handle(scope, receive, send)
  File "/usr/local/lib/python3.12/site-packages/starlette/routing.py", line 290, in handle
    await self.app(scope, receive, send)
  File "/usr/local/lib/python3.12/site-packages/starlette/routing.py", line 78, in app
    await wrap_app_handling_exceptions(app, request)(scope, receive, send)
  File "/usr/local/lib/python3.12/site-packages/starlette/_exception_handler.py", line 53, in wrapped_app
    raise exc
  File "/usr/local/lib/python3.12/site-packages/starlette/_exception_handler.py", line 42, in wrapped_app
    await app(scope, receive, sender)
  File "/usr/local/lib/python3.12/site-packages/starlette/routing.py", line 75, in app
    response = await f(request)
               ^^^^^^^^^^^^^^^^
  File "/usr/local/lib/python3.12/site-packages/fastapi/routing.py", line 302, in app
    raw_response = await run_endpoint_function(
                   ^^^^^^^^^^^^^^^^^^^^^^^^^^^^
  File "/usr/local/lib/python3.12/site-packages/fastapi/routing.py", line 213, in run_endpoint_function
    return await dependant.call(**values)
           ^^^^^^^^^^^^^^^^^^^^^^^^^^^^^^
  File "/app/app/api/routes/orders.py", line 55, in create_order_endpoint
    order = await create_order(db, current_user, payload)
            ^^^^^^^^^^^^^^^^^^^^^^^^^^^^^^^^^^^^^^^^^^^^^
  File "/app/app/services/order_service.py", line 251, in create_order
    item_type = size.item_type
                ^^^^^^^^^^^^^^
  File "/usr/local/lib/python3.12/site-packages/sqlalchemy/orm/attributes.py", line 569, in __get__
    return self.impl.get(state, dict_)  # type: ignore[no-any-return]
           ^^^^^^^^^^^^^^^^^^^^^^^^^^^
  File "/usr/local/lib/python3.12/site-packages/sqlalchemy/orm/attributes.py", line 1096, in get
    value = self._fire_loader_callables(state, key, passive)
            ^^^^^^^^^^^^^^^^^^^^^^^^^^^^^^^^^^^^^^^^^^^^^^^^
  File "/usr/local/lib/python3.12/site-packages/sqlalchemy/orm/attributes.py", line 1131, in _fire_loader_callables
    return self.callable_(state, passive)
           ^^^^^^^^^^^^^^^^^^^^^^^^^^^^^^
  File "/usr/local/lib/python3.12/site-packages/sqlalchemy/orm/strategies.py", line 931, in _load_for_state
    primary_key_identity = self._get_ident_for_use_get(
                           ^^^^^^^^^^^^^^^^^^^^^^^^^^^^
  File "/usr/local/lib/python3.12/site-packages/sqlalchemy/orm/strategies.py", line 1001, in _get_ident_for_use_get
    get_attr(state, dict_, self._equated_columns[pk], passive=passive)
  File "/usr/local/lib/python3.12/site-packages/sqlalchemy/orm/mapper.py", line 3594, in _get_state_attr_by_column
    return state.manager[prop.key].impl.get(state, dict_, passive=passive)
           ^^^^^^^^^^^^^^^^^^^^^^^^^^^^^^^^^^^^^^^^^^^^^^^^^^^^^^^^^^^^^^^
  File "/usr/local/lib/python3.12/site-packages/sqlalchemy/orm/attributes.py", line 1096, in get
    value = self._fire_loader_callables(state, key, passive)
            ^^^^^^^^^^^^^^^^^^^^^^^^^^^^^^^^^^^^^^^^^^^^^^^^
  File "/usr/local/lib/python3.12/site-packages/sqlalchemy/orm/attributes.py", line 1126, in _fire_loader_callables
    return state._load_expired(state, passive)
           ^^^^^^^^^^^^^^^^^^^^^^^^^^^^^^^^^^^
  File "/usr/local/lib/python3.12/site-packages/sqlalchemy/orm/state.py", line 803, in _load_expired
    self.manager.expired_attribute_loader(self, toload, passive)
  File "/usr/local/lib/python3.12/site-packages/sqlalchemy/orm/loading.py", line 1674, in load_scalar_attributes
    result = load_on_ident(
             ^^^^^^^^^^^^^^
  File "/usr/local/lib/python3.12/site-packages/sqlalchemy/orm/loading.py", line 510, in load_on_ident
    return load_on_pk_identity(
           ^^^^^^^^^^^^^^^^^^^^
  File "/usr/local/lib/python3.12/site-packages/sqlalchemy/orm/loading.py", line 695, in load_on_pk_identity
    session.execute(
  File "/usr/local/lib/python3.12/site-packages/sqlalchemy/orm/session.py", line 2365, in execute
    return self._execute_internal(
           ^^^^^^^^^^^^^^^^^^^^^^^
  File "/usr/local/lib/python3.12/site-packages/sqlalchemy/orm/session.py", line 2251, in _execute_internal
    result: Result[Any] = compile_state_cls.orm_execute_statement(
                          ^^^^^^^^^^^^^^^^^^^^^^^^^^^^^^^^^^^^^^^^
  File "/usr/local/lib/python3.12/site-packages/sqlalchemy/orm/context.py", line 306, in orm_execute_statement
    result = conn.execute(
             ^^^^^^^^^^^^^
INFO:     172.19.0.1:41792 - "POST /orders HTTP/1.1" 201 Created
INFO:     172.19.0.1:41782 - "POST /orders HTTP/1.1" 500 Internal Server Error
  File "/usr/local/lib/python3.12/site-packages/sqlalchemy/engine/base.py", line 1419, in execute
    return meth(
           ^^^^^
  File "/usr/local/lib/python3.12/site-packages/sqlalchemy/sql/elements.py", line 526, in _execute_on_connection
    return connection._execute_clauseelement(
           ^^^^^^^^^^^^^^^^^^^^^^^^^^^^^^^^^^
  File "/usr/local/lib/python3.12/site-packages/sqlalchemy/engine/base.py", line 1641, in _execute_clauseelement
    ret = self._execute_context(
          ^^^^^^^^^^^^^^^^^^^^^^
  File "/usr/local/lib/python3.12/site-packages/sqlalchemy/engine/base.py", line 1846, in _execute_context
    return self._exec_single_context(
           ^^^^^^^^^^^^^^^^^^^^^^^^^^
  File "/usr/local/lib/python3.12/site-packages/sqlalchemy/engine/base.py", line 1986, in _exec_single_context
    self._handle_dbapi_exception(
  File "/usr/local/lib/python3.12/site-packages/sqlalchemy/engine/base.py", line 2358, in _handle_dbapi_exception
    raise exc_info[1].with_traceback(exc_info[2])
  File "/usr/local/lib/python3.12/site-packages/sqlalchemy/engine/base.py", line 1967, in _exec_single_context
    self.dialect.do_execute(
  File "/usr/local/lib/python3.12/site-packages/sqlalchemy/engine/default.py", line 951, in do_execute
    cursor.execute(statement, parameters)
  File "/usr/local/lib/python3.12/site-packages/sqlalchemy/dialects/postgresql/asyncpg.py", line 580, in execute
    self._adapt_connection.await_(
  File "/usr/local/lib/python3.12/site-packages/sqlalchemy/util/_concurrency_py3k.py", line 123, in await_only
    raise exc.MissingGreenlet(
sqlalchemy.exc.MissingGreenlet: greenlet_spawn has not been called; can't call await_only() here. Was IO attempted in 
an unexpected place? (Background on this error at: https://sqlalche.me/e/20/xd2s)
{"ts": "2026-03-17T23:49:11.553124+00:00", "level": "ERROR", "logger": "app.main", "message": "http.request_failed", 
"event": "http.request_failed", "method": "POST", "path": "/orders", "status_code": 500, "elapsed_ms": 160.31, 
"request_id": "6fb1dc9f-6904-448a-9409-074993655b5e"}
{"ts": "2026-03-17T23:49:11.553500+00:00", "level": "INFO", "logger": "app.main", "message": "http.request", "event": 
"http.request", "method": "POST", "path": "/orders", "status_code": 201, "elapsed_ms": 154.4, "request_id": 
"c6cd302f-a6ea-443e-9515-7b1b9c034980"}
ERROR:    Exception in ASGI application
  + Exception Group Traceback (most recent call last):
  |   File "/usr/local/lib/python3.12/site-packages/starlette/_utils.py", line 79, in collapse_excgroups
  |     yield
  |   File "/usr/local/lib/python3.12/site-packages/starlette/middleware/base.py", line 183, in __call__
  |     async with anyio.create_task_group() as task_group:
  |                ^^^^^^^^^^^^^^^^^^^^^^^^^
  |   File "/usr/local/lib/python3.12/site-packages/anyio/_backends/_asyncio.py", line 783, in __aexit__
  |     raise BaseExceptionGroup(
  | ExceptionGroup: unhandled errors in a TaskGroup (1 sub-exception)
  +-+---------------- 1 ----------------
    | Traceback (most recent call last):
    |   File "/usr/local/lib/python3.12/site-packages/uvicorn/protocols/http/httptools_impl.py", line 409, in run_asgi
    |     result = await app(  # type: ignore[func-returns-value]
    |              ^^^^^^^^^^^^^^^^^^^^^^^^^^^^^^^^^^^^^^^^^^^^^^
    |   File "/usr/local/lib/python3.12/site-packages/uvicorn/middleware/proxy_headers.py", line 60, in __call__
    |     return await self.app(scope, receive, send)
    |            ^^^^^^^^^^^^^^^^^^^^^^^^^^^^^^^^^^^^
    |   File "/usr/local/lib/python3.12/site-packages/fastapi/applications.py", line 1054, in __call__
    |     await super().__call__(scope, receive, send)
    |   File "/usr/local/lib/python3.12/site-packages/starlette/applications.py", line 113, in __call__
    |     await self.middleware_stack(scope, receive, send)
    |   File "/usr/local/lib/python3.12/site-packages/starlette/middleware/errors.py", line 186, in __call__
    |     raise exc
    |   File "/usr/local/lib/python3.12/site-packages/starlette/middleware/errors.py", line 164, in __call__
    |     await self.app(scope, receive, _send)
    |   File "/usr/local/lib/python3.12/site-packages/starlette/middleware/base.py", line 182, in __call__
    |     with recv_stream, send_stream, collapse_excgroups():
    |                                    ^^^^^^^^^^^^^^^^^^^^
    |   File "/usr/local/lib/python3.12/contextlib.py", line 158, in __exit__
    |     self.gen.throw(value)
    |   File "/usr/local/lib/python3.12/site-packages/starlette/_utils.py", line 85, in collapse_excgroups
    |     raise exc
    |   File "/usr/local/lib/python3.12/site-packages/starlette/middleware/base.py", line 184, in __call__
    |     response = await self.dispatch_func(request, call_next)
    |                ^^^^^^^^^^^^^^^^^^^^^^^^^^^^^^^^^^^^^^^^^^^^
    |   File "/app/app/main.py", line 35, in request_context_middleware
    |     response = await call_next(request)
    |                ^^^^^^^^^^^^^^^^^^^^^^^^
    |   File "/usr/local/lib/python3.12/site-packages/starlette/middleware/base.py", line 159, in call_next
    |     raise app_exc
    |   File "/usr/local/lib/python3.12/site-packages/starlette/middleware/base.py", line 144, in coro
    |     await self.app(scope, receive_or_disconnect, send_no_error)
    |   File "/usr/local/lib/python3.12/site-packages/starlette/middleware/exceptions.py", line 63, in __call__
    |     await wrap_app_handling_exceptions(self.app, conn)(scope, receive, send)
    |   File "/usr/local/lib/python3.12/site-packages/starlette/_exception_handler.py", line 53, in wrapped_app
    |     raise exc
    |   File "/usr/local/lib/python3.12/site-packages/starlette/_exception_handler.py", line 42, in wrapped_app
    |     await app(scope, receive, sender)
    |   File "/usr/local/lib/python3.12/site-packages/starlette/routing.py", line 716, in __call__
    |     await self.middleware_stack(scope, receive, send)
    |   File "/usr/local/lib/python3.12/site-packages/starlette/routing.py", line 736, in app
    |     await route.handle(scope, receive, send)
    |   File "/usr/local/lib/python3.12/site-packages/starlette/routing.py", line 290, in handle
    |     await self.app(scope, receive, send)
    |   File "/usr/local/lib/python3.12/site-packages/starlette/routing.py", line 78, in app
    |     await wrap_app_handling_exceptions(app, request)(scope, receive, send)
    |   File "/usr/local/lib/python3.12/site-packages/starlette/_exception_handler.py", line 53, in wrapped_app
    |     raise exc
    |   File "/usr/local/lib/python3.12/site-packages/starlette/_exception_handler.py", line 42, in wrapped_app
    |     await app(scope, receive, sender)
    |   File "/usr/local/lib/python3.12/site-packages/starlette/routing.py", line 75, in app
    |     response = await f(request)
    |                ^^^^^^^^^^^^^^^^
    |   File "/usr/local/lib/python3.12/site-packages/fastapi/routing.py", line 302, in app
    |     raw_response = await run_endpoint_function(
    |                    ^^^^^^^^^^^^^^^^^^^^^^^^^^^^
    |   File "/usr/local/lib/python3.12/site-packages/fastapi/routing.py", line 213, in run_endpoint_function
    |     return await dependant.call(**values)
    |            ^^^^^^^^^^^^^^^^^^^^^^^^^^^^^^
    |   File "/app/app/api/routes/orders.py", line 55, in create_order_endpoint
    |     order = await create_order(db, current_user, payload)
    |             ^^^^^^^^^^^^^^^^^^^^^^^^^^^^^^^^^^^^^^^^^^^^^
    |   File "/app/app/services/order_service.py", line 251, in create_order
    |     item_type = size.item_type
    |                 ^^^^^^^^^^^^^^
    |   File "/usr/local/lib/python3.12/site-packages/sqlalchemy/orm/attributes.py", line 569, in __get__
    |     return self.impl.get(state, dict_)  # type: ignore[no-any-return]
    |            ^^^^^^^^^^^^^^^^^^^^^^^^^^^
    |   File "/usr/local/lib/python3.12/site-packages/sqlalchemy/orm/attributes.py", line 1096, in get
    |     value = self._fire_loader_callables(state, key, passive)
    |             ^^^^^^^^^^^^^^^^^^^^^^^^^^^^^^^^^^^^^^^^^^^^^^^^
    |   File "/usr/local/lib/python3.12/site-packages/sqlalchemy/orm/attributes.py", line 1131, in 
_fire_loader_callables
    |     return self.callable_(state, passive)
    |            ^^^^^^^^^^^^^^^^^^^^^^^^^^^^^^
    |   File "/usr/local/lib/python3.12/site-packages/sqlalchemy/orm/strategies.py", line 931, in _load_for_state
    |     primary_key_identity = self._get_ident_for_use_get(
    |                            ^^^^^^^^^^^^^^^^^^^^^^^^^^^^
    |   File "/usr/local/lib/python3.12/site-packages/sqlalchemy/orm/strategies.py", line 1001, in 
_get_ident_for_use_get
    |     get_attr(state, dict_, self._equated_columns[pk], passive=passive)
    |   File "/usr/local/lib/python3.12/site-packages/sqlalchemy/orm/mapper.py", line 3594, in 
_get_state_attr_by_column
    |     return state.manager[prop.key].impl.get(state, dict_, passive=passive)
    |            ^^^^^^^^^^^^^^^^^^^^^^^^^^^^^^^^^^^^^^^^^^^^^^^^^^^^^^^^^^^^^^^
    |   File "/usr/local/lib/python3.12/site-packages/sqlalchemy/orm/attributes.py", line 1096, in get
    |     value = self._fire_loader_callables(state, key, passive)
    |             ^^^^^^^^^^^^^^^^^^^^^^^^^^^^^^^^^^^^^^^^^^^^^^^^
    |   File "/usr/local/lib/python3.12/site-packages/sqlalchemy/orm/attributes.py", line 1126, in 
_fire_loader_callables
    |     return state._load_expired(state, passive)
    |            ^^^^^^^^^^^^^^^^^^^^^^^^^^^^^^^^^^^
    |   File "/usr/local/lib/python3.12/site-packages/sqlalchemy/orm/state.py", line 803, in _load_expired
    |     self.manager.expired_attribute_loader(self, toload, passive)
    |   File "/usr/local/lib/python3.12/site-packages/sqlalchemy/orm/loading.py", line 1674, in load_scalar_attributes
    |     result = load_on_ident(
    |              ^^^^^^^^^^^^^^
    |   File "/usr/local/lib/python3.12/site-packages/sqlalchemy/orm/loading.py", line 510, in load_on_ident
    |     return load_on_pk_identity(
    |            ^^^^^^^^^^^^^^^^^^^^
    |   File "/usr/local/lib/python3.12/site-packages/sqlalchemy/orm/loading.py", line 695, in load_on_pk_identity
    |     session.execute(
    |   File "/usr/local/lib/python3.12/site-packages/sqlalchemy/orm/session.py", line 2365, in execute
    |     return self._execute_internal(
    |            ^^^^^^^^^^^^^^^^^^^^^^^
    |   File "/usr/local/lib/python3.12/site-packages/sqlalchemy/orm/session.py", line 2251, in _execute_internal
    |     result: Result[Any] = compile_state_cls.orm_execute_statement(
    |                           ^^^^^^^^^^^^^^^^^^^^^^^^^^^^^^^^^^^^^^^^
    |   File "/usr/local/lib/python3.12/site-packages/sqlalchemy/orm/context.py", line 306, in orm_execute_statement
    |     result = conn.execute(
    |              ^^^^^^^^^^^^^
    |   File "/usr/local/lib/python3.12/site-packages/sqlalchemy/engine/base.py", line 1419, in execute
    |     return meth(
    |            ^^^^^
    |   File "/usr/local/lib/python3.12/site-packages/sqlalchemy/sql/elements.py", line 526, in _execute_on_connection
    |     return connection._execute_clauseelement(
    |            ^^^^^^^^^^^^^^^^^^^^^^^^^^^^^^^^^^
    |   File "/usr/local/lib/python3.12/site-packages/sqlalchemy/engine/base.py", line 1641, in _execute_clauseelement
    |     ret = self._execute_context(
    |           ^^^^^^^^^^^^^^^^^^^^^^
    |   File "/usr/local/lib/python3.12/site-packages/sqlalchemy/engine/base.py", line 1846, in _execute_context
    |     return self._exec_single_context(
    |            ^^^^^^^^^^^^^^^^^^^^^^^^^^
    |   File "/usr/local/lib/python3.12/site-packages/sqlalchemy/engine/base.py", line 1986, in _exec_single_context
    |     self._handle_dbapi_exception(
    |   File "/usr/local/lib/python3.12/site-packages/sqlalchemy/engine/base.py", line 2358, in _handle_dbapi_exception
    |     raise exc_info[1].with_traceback(exc_info[2])
    |   File "/usr/local/lib/python3.12/site-packages/sqlalchemy/engine/base.py", line 1967, in _exec_single_context
    |     self.dialect.do_execute(
    |   File "/usr/local/lib/python3.12/site-packages/sqlalchemy/engine/default.py", line 951, in do_execute
    |     cursor.execute(statement, parameters)
    |   File "/usr/local/lib/python3.12/site-packages/sqlalchemy/dialects/postgresql/asyncpg.py", line 580, in execute
    |     self._adapt_connection.await_(
    |   File "/usr/local/lib/python3.12/site-packages/sqlalchemy/util/_concurrency_py3k.py", line 123, in await_only
    |     raise exc.MissingGreenlet(
    | sqlalchemy.exc.MissingGreenlet: greenlet_spawn has not been called; can't call await_only() here. Was IO 
attempted in an unexpected place? (Background on this error at: https://sqlalche.me/e/20/xd2s)
    +------------------------------------

During handling of the above exception, another exception occurred:

Traceback (most recent call last):
  File "/usr/local/lib/python3.12/site-packages/uvicorn/protocols/http/httptools_impl.py", line 409, in run_asgi
    result = await app(  # type: ignore[func-returns-value]
             ^^^^^^^^^^^^^^^^^^^^^^^^^^^^^^^^^^^^^^^^^^^^^^
  File "/usr/local/lib/python3.12/site-packages/uvicorn/middleware/proxy_headers.py", line 60, in __call__
    return await self.app(scope, receive, send)
           ^^^^^^^^^^^^^^^^^^^^^^^^^^^^^^^^^^^^
  File "/usr/local/lib/python3.12/site-packages/fastapi/applications.py", line 1054, in __call__
    await super().__call__(scope, receive, send)
  File "/usr/local/lib/python3.12/site-packages/starlette/applications.py", line 113, in __call__
    await self.middleware_stack(scope, receive, send)
  File "/usr/local/lib/python3.12/site-packages/starlette/middleware/errors.py", line 186, in __call__
    raise exc
  File "/usr/local/lib/python3.12/site-packages/starlette/middleware/errors.py", line 164, in __call__
    await self.app(scope, receive, _send)
  File "/usr/local/lib/python3.12/site-packages/starlette/middleware/base.py", line 182, in __call__
    with recv_stream, send_stream, collapse_excgroups():
                                   ^^^^^^^^^^^^^^^^^^^^
  File "/usr/local/lib/python3.12/contextlib.py", line 158, in __exit__
    self.gen.throw(value)
  File "/usr/local/lib/python3.12/site-packages/starlette/_utils.py", line 85, in collapse_excgroups
    raise exc
  File "/usr/local/lib/python3.12/site-packages/starlette/middleware/base.py", line 184, in __call__
    response = await self.dispatch_func(request, call_next)
               ^^^^^^^^^^^^^^^^^^^^^^^^^^^^^^^^^^^^^^^^^^^^
  File "/app/app/main.py", line 35, in request_context_middleware
    response = await call_next(request)
               ^^^^^^^^^^^^^^^^^^^^^^^^
  File "/usr/local/lib/python3.12/site-packages/starlette/middleware/base.py", line 159, in call_next
    raise app_exc
  File "/usr/local/lib/python3.12/site-packages/starlette/middleware/base.py", line 144, in coro
    await self.app(scope, receive_or_disconnect, send_no_error)
  File "/usr/local/lib/python3.12/site-packages/starlette/middleware/exceptions.py", line 63, in __call__
    await wrap_app_handling_exceptions(self.app, conn)(scope, receive, send)
  File "/usr/local/lib/python3.12/site-packages/starlette/_exception_handler.py", line 53, in wrapped_app
    raise exc
  File "/usr/local/lib/python3.12/site-packages/starlette/_exception_handler.py", line 42, in wrapped_app
    await app(scope, receive, sender)
  File "/usr/local/lib/python3.12/site-packages/starlette/routing.py", line 716, in __call__
    await self.middleware_stack(scope, receive, send)
  File "/usr/local/lib/python3.12/site-packages/starlette/routing.py", line 736, in app
    await route.handle(scope, receive, send)
  File "/usr/local/lib/python3.12/site-packages/starlette/routing.py", line 290, in handle
    await self.app(scope, receive, send)
  File "/usr/local/lib/python3.12/site-packages/starlette/routing.py", line 78, in app
    await wrap_app_handling_exceptions(app, request)(scope, receive, send)
  File "/usr/local/lib/python3.12/site-packages/starlette/_exception_handler.py", line 53, in wrapped_app
    raise exc
  File "/usr/local/lib/python3.12/site-packages/starlette/_exception_handler.py", line 42, in wrapped_app
    await app(scope, receive, sender)
  File "/usr/local/lib/python3.12/site-packages/starlette/routing.py", line 75, in app
    response = await f(request)
               ^^^^^^^^^^^^^^^^
  File "/usr/local/lib/python3.12/site-packages/fastapi/routing.py", line 302, in app
    raw_response = await run_endpoint_function(
                   ^^^^^^^^^^^^^^^^^^^^^^^^^^^^
  File "/usr/local/lib/python3.12/site-packages/fastapi/routing.py", line 213, in run_endpoint_function
    return await dependant.call(**values)
           ^^^^^^^^^^^^^^^^^^^^^^^^^^^^^^
  File "/app/app/api/routes/orders.py", line 55, in create_order_endpoint
    order = await create_order(db, current_user, payload)
            ^^^^^^^^^^^^^^^^^^^^^^^^^^^^^^^^^^^^^^^^^^^^^
  File "/app/app/services/order_service.py", line 251, in create_order
    item_type = size.item_type
                ^^^^^^^^^^^^^^
  File "/usr/local/lib/python3.12/site-packages/sqlalchemy/orm/attributes.py", line 569, in __get__
    return self.impl.get(state, dict_)  # type: ignore[no-any-return]
           ^^^^^^^^^^^^^^^^^^^^^^^^^^^
  File "/usr/local/lib/python3.12/site-packages/sqlalchemy/orm/attributes.py", line 1096, in get
    value = self._fire_loader_callables(state, key, passive)
            ^^^^^^^^^^^^^^^^^^^^^^^^^^^^^^^^^^^^^^^^^^^^^^^^
  File "/usr/local/lib/python3.12/site-packages/sqlalchemy/orm/attributes.py", line 1131, in _fire_loader_callables
    return self.callable_(state, passive)
           ^^^^^^^^^^^^^^^^^^^^^^^^^^^^^^
  File "/usr/local/lib/python3.12/site-packages/sqlalchemy/orm/strategies.py", line 931, in _load_for_state
    primary_key_identity = self._get_ident_for_use_get(
                           ^^^^^^^^^^^^^^^^^^^^^^^^^^^^
  File "/usr/local/lib/python3.12/site-packages/sqlalchemy/orm/strategies.py", line 1001, in _get_ident_for_use_get
    get_attr(state, dict_, self._equated_columns[pk], passive=passive)
  File "/usr/local/lib/python3.12/site-packages/sqlalchemy/orm/mapper.py", line 3594, in _get_state_attr_by_column
    return state.manager[prop.key].impl.get(state, dict_, passive=passive)
           ^^^^^^^^^^^^^^^^^^^^^^^^^^^^^^^^^^^^^^^^^^^^^^^^^^^^^^^^^^^^^^^
  File "/usr/local/lib/python3.12/site-packages/sqlalchemy/orm/attributes.py", line 1096, in get
    value = self._fire_loader_callables(state, key, passive)
            ^^^^^^^^^^^^^^^^^^^^^^^^^^^^^^^^^^^^^^^^^^^^^^^^
  File "/usr/local/lib/python3.12/site-packages/sqlalchemy/orm/attributes.py", line 1126, in _fire_loader_callables
    return state._load_expired(state, passive)
           ^^^^^^^^^^^^^^^^^^^^^^^^^^^^^^^^^^^
  File "/usr/local/lib/python3.12/site-packages/sqlalchemy/orm/state.py", line 803, in _load_expired
    self.manager.expired_attribute_loader(self, toload, passive)
  File "/usr/local/lib/python3.12/site-packages/sqlalchemy/orm/loading.py", line 1674, in load_scalar_attributes
    result = load_on_ident(
             ^^^^^^^^^^^^^^
  File "/usr/local/lib/python3.12/site-packages/sqlalchemy/orm/loading.py", line 510, in load_on_ident
    return load_on_pk_identity(
           ^^^^^^^^^^^^^^^^^^^^
  File "/usr/local/lib/python3.12/site-packages/sqlalchemy/orm/loading.py", line 695, in load_on_pk_identity
    session.execute(
  File "/usr/local/lib/python3.12/site-packages/sqlalchemy/orm/session.py", line 2365, in execute
    return self._execute_internal(
           ^^^^^^^^^^^^^^^^^^^^^^^
  File "/usr/local/lib/python3.12/site-packages/sqlalchemy/orm/session.py", line 2251, in _execute_internal
    result: Result[Any] = compile_state_cls.orm_execute_statement(
                          ^^^^^^^^^^^^^^^^^^^^^^^^^^^^^^^^^^^^^^^^
  File "/usr/local/lib/python3.12/site-packages/sqlalchemy/orm/context.py", line 306, in orm_execute_statement
    result = conn.execute(
             ^^^^^^^^^^^^^
  File "/usr/local/lib/python3.12/site-packages/sqlalchemy/engine/base.py", line 1419, in execute
    return meth(
           ^^^^^
  File "/usr/local/lib/python3.12/site-packages/sqlalchemy/sql/elements.py", line 526, in _execute_on_connection
    return connection._execute_clauseelement(
           ^^^^^^^^^^^^^^^^^^^^^^^^^^^^^^^^^^
  File "/usr/local/lib/python3.12/site-packages/sqlalchemy/engine/base.py", line 1641, in _execute_clauseelement
    ret = self._execute_context(
          ^^^^^^^^^^^^^^^^^^^^^^
  File "/usr/local/lib/python3.12/site-packages/sqlalchemy/engine/base.py", line 1846, in _execute_context
    return self._exec_single_context(
INFO:     172.19.0.1:41808 - "POST /orders HTTP/1.1" 201 Created
INFO:     172.19.0.1:41758 - "GET /orders/adb39e24-9a55-426e-82dd-5993d4a5f773 HTTP/1.1" 200 OK
INFO:     172.19.0.1:41766 - "GET /orders/e12b76f6-bde9-41bf-af60-1bd1308f7676 HTTP/1.1" 200 OK
INFO:     172.19.0.1:41816 - "GET /orders/7cd99036-572d-43d0-ac2f-828b8d4661bd HTTP/1.1" 200 OK
INFO:     172.19.0.1:41822 - "GET /orders/691087ce-60a2-4007-b278-f9b6d2400e3b HTTP/1.1" 200 OK
           ^^^^^^^^^^^^^^^^^^^^^^^^^^
  File "/usr/local/lib/python3.12/site-packages/sqlalchemy/engine/base.py", line 1986, in _exec_single_context
    self._handle_dbapi_exception(
  File "/usr/local/lib/python3.12/site-packages/sqlalchemy/engine/base.py", line 2358, in _handle_dbapi_exception
    raise exc_info[1].with_traceback(exc_info[2])
  File "/usr/local/lib/python3.12/site-packages/sqlalchemy/engine/base.py", line 1967, in _exec_single_context
    self.dialect.do_execute(
  File "/usr/local/lib/python3.12/site-packages/sqlalchemy/engine/default.py", line 951, in do_execute
    cursor.execute(statement, parameters)
  File "/usr/local/lib/python3.12/site-packages/sqlalchemy/dialects/postgresql/asyncpg.py", line 580, in execute
    self._adapt_connection.await_(
  File "/usr/local/lib/python3.12/site-packages/sqlalchemy/util/_concurrency_py3k.py", line 123, in await_only
    raise exc.MissingGreenlet(
sqlalchemy.exc.MissingGreenlet: greenlet_spawn has not been called; can't call await_only() here. Was IO attempted in 
an unexpected place? (Background on this error at: https://sqlalche.me/e/20/xd2s)
{"ts": "2026-03-17T23:49:11.622423+00:00", "level": "INFO", "logger": "app.services.order_service", "message": 
"order.created", "event": "order.created", "order_id": "691087ce-60a2-4007-b278-f9b6d2400e3b", "order_number": 30, 
"order_type": "pickup", "status": "NEW", "actor_user_id": "0ce35dca-d398-4600-9607-c80a9c594f93"}
{"ts": "2026-03-17T23:49:11.632186+00:00", "level": "INFO", "logger": "app.main", "message": "http.request", "event": 
"http.request", "method": "POST", "path": "/orders", "status_code": 201, "elapsed_ms": 213.75, "request_id": 
"fd311749-5dce-48be-8ef4-59d7033ec3a8"}
{"ts": "2026-03-17T23:49:11.915652+00:00", "level": "INFO", "logger": "app.main", "message": "http.request", "event": 
"http.request", "method": "GET", "path": "/orders/adb39e24-9a55-426e-82dd-5993d4a5f773", "status_code": 200, 
"elapsed_ms": 58.49, "request_id": "1d8b7dd0-813e-488d-a2ec-ff10f490cd59"}
{"ts": "2026-03-17T23:49:11.917906+00:00", "level": "INFO", "logger": "app.main", "message": "http.request", "event": 
"http.request", "method": "GET", "path": "/orders/e12b76f6-bde9-41bf-af60-1bd1308f7676", "status_code": 200, 
"elapsed_ms": 50.34, "request_id": "7729c173-7197-4ce2-82d2-f23c1fca60af"}
{"ts": "2026-03-17T23:49:11.939013+00:00", "level": "INFO", "logger": "app.main", "message": "http.request", "event": 
"http.request", "method": "GET", "path": "/orders/7cd99036-572d-43d0-ac2f-828b8d4661bd", "status_code": 200, 
"elapsed_ms": 49.99, "request_id": "c0b5191e-6f91-4c71-8f06-e9446b1adce5"}
{"ts": "2026-03-17T23:49:11.942318+00:00", "level": "INFO", "logger": "app.main", "message": "http.request", "event": 
"http.request", "method": "GET", "path": "/orders/691087ce-60a2-4007-b278-f9b6d2400e3b", "status_code": 200, 
"elapsed_ms": 31.73, "request_id": "0e6dcb71-10f7-41e9-87b3-0ced5dcecf86"}
