INFO:     172.19.0.1:53840 - "POST /auth/send-otp HTTP/1.1" 200 OK
docker : {"ts": "2026-03-17T23:50:09.912065+00:00", "level": "INFO", "logger": "app.services.auth_service", "message": 
"auth.otp_sent", "event": "auth.otp_sent", "phone_number_last4": "0101"}
At line:2 char:68
+ ... _last500.log'; docker logs --since 5m take_a_sip_backend 2>&1 | Out-F ...
+                    ~~~~~~~~~~~~~~~~~~~~~~~~~~~~~~~~~~~~~~~~~~~~~~
    + CategoryInfo          : NotSpecified: ({"ts": "2026-03...last4": "0101"}:String) [], RemoteException
    + FullyQualifiedErrorId : NativeCommandError
 
INFO:     172.19.0.1:53844 - "POST /auth/verify-otp HTTP/1.1" 200 OK
INFO:     172.19.0.1:53858 - "GET /menu HTTP/1.1" 200 OK
INFO:     172.19.0.1:53874 - "POST /orders HTTP/1.1" 201 Created
INFO:     172.19.0.1:53926 - "POST /orders HTTP/1.1" 201 Created
INFO:     172.19.0.1:53930 - "POST /orders HTTP/1.1" 201 Created
INFO:     172.19.0.1:53898 - "POST /orders HTTP/1.1" 500 Internal Server Error
{"ts": "2026-03-17T23:50:09.912337+00:00", "level": "INFO", "logger": "app.main", "message": "http.request", "event": 
"http.request", "method": "POST", "path": "/auth/send-otp", "status_code": 200, "elapsed_ms": 1.72, "request_id": 
"c08124d4-527e-48a5-a34c-32af5fbee859"}
{"ts": "2026-03-17T23:50:09.934332+00:00", "level": "INFO", "logger": "app.services.auth_service", "message": 
"auth.login_success", "event": "auth.login_success", "user_id": "0ce35dca-d398-4600-9607-c80a9c594f93", "role": 
"CLIENT"}
{"ts": "2026-03-17T23:50:09.935061+00:00", "level": "INFO", "logger": "app.main", "message": "http.request", "event": 
"http.request", "method": "POST", "path": "/auth/verify-otp", "status_code": 200, "elapsed_ms": 6.13, "request_id": 
"055afc51-2bd2-48be-b716-5d2b94c0eb94"}
{"ts": "2026-03-17T23:50:09.967075+00:00", "level": "INFO", "logger": "app.main", "message": "http.request", "event": 
"http.request", "method": "GET", "path": "/menu", "status_code": 200, "elapsed_ms": 27.79, "request_id": 
"1cb0fbdd-6138-422c-86d7-b0951458130f"}
{"ts": "2026-03-17T23:50:10.111204+00:00", "level": "INFO", "logger": "app.services.order_service", "message": 
"order.created", "event": "order.created", "order_id": "993128c4-8874-4423-878a-d92eb0dc514b", "order_number": 31, 
"order_type": "pickup", "status": "NEW", "actor_user_id": "0ce35dca-d398-4600-9607-c80a9c594f93"}
{"ts": "2026-03-17T23:50:10.150066+00:00", "level": "INFO", "logger": "app.main", "message": "http.request", "event": 
"http.request", "method": "POST", "path": "/orders", "status_code": 201, "elapsed_ms": 172.62, "request_id": 
"95742802-fb79-4fd2-a84a-3b1c7f3bbef2"}
{"ts": "2026-03-17T23:50:10.161722+00:00", "level": "INFO", "logger": "app.services.order_service", "message": 
"order.created", "event": "order.created", "order_id": "9ab1f368-50fe-4d87-9bd8-59fbd57c07f4", "order_number": 32, 
"order_type": "pickup", "status": "NEW", "actor_user_id": "0ce35dca-d398-4600-9607-c80a9c594f93"}
{"ts": "2026-03-17T23:50:10.163366+00:00", "level": "WARNING", "logger": "app.services.order_service", "message": 
"order.number_conflict_retry", "event": "order.number_conflict_retry", "attempt": 1, "actor_user_id": 
"0ce35dca-d398-4600-9607-c80a9c594f93"}
{"ts": "2026-03-17T23:50:10.163817+00:00", "level": "WARNING", "logger": "app.services.order_service", "message": 
"order.number_conflict_retry", "event": "order.number_conflict_retry", "attempt": 1, "actor_user_id": 
"0ce35dca-d398-4600-9607-c80a9c594f93"}
{"ts": "2026-03-17T23:50:10.165969+00:00", "level": "WARNING", "logger": "app.services.order_service", "message": 
"order.number_conflict_retry", "event": "order.number_conflict_retry", "attempt": 1, "actor_user_id": 
"0ce35dca-d398-4600-9607-c80a9c594f93"}
{"ts": "2026-03-17T23:50:10.166456+00:00", "level": "WARNING", "logger": "app.services.order_service", "message": 
"order.number_conflict_retry", "event": "order.number_conflict_retry", "attempt": 1, "actor_user_id": 
"0ce35dca-d398-4600-9607-c80a9c594f93"}
{"ts": "2026-03-17T23:50:10.224471+00:00", "level": "INFO", "logger": "app.services.order_service", "message": 
"order.created", "event": "order.created", "order_id": "3d6864e2-17db-4353-bf26-d64dcbd63895", "order_number": 33, 
"order_type": "pickup", "status": "NEW", "actor_user_id": "0ce35dca-d398-4600-9607-c80a9c594f93"}
{"ts": "2026-03-17T23:50:10.226273+00:00", "level": "WARNING", "logger": "app.services.order_service", "message": 
"order.number_conflict_retry", "event": "order.number_conflict_retry", "attempt": 2, "actor_user_id": 
"0ce35dca-d398-4600-9607-c80a9c594f93"}
{"ts": "2026-03-17T23:50:10.227910+00:00", "level": "WARNING", "logger": "app.services.order_service", "message": 
"order.number_conflict_retry", "event": "order.number_conflict_retry", "attempt": 2, "actor_user_id": 
"0ce35dca-d398-4600-9607-c80a9c594f93"}
{"ts": "2026-03-17T23:50:10.239037+00:00", "level": "INFO", "logger": "app.main", "message": "http.request", "event": 
"http.request", "method": "POST", "path": "/orders", "status_code": 201, "elapsed_ms": 258.9, "request_id": 
"9459e439-24c3-4c22-838d-d4068d0a3171"}
{"ts": "2026-03-17T23:50:10.262699+00:00", "level": "WARNING", "logger": "app.services.order_service", "message": 
"order.number_conflict_retry", "event": "order.number_conflict_retry", "attempt": 2, "actor_user_id": 
"0ce35dca-d398-4600-9607-c80a9c594f93"}
{"ts": "2026-03-17T23:50:10.265299+00:00", "level": "INFO", "logger": "app.main", "message": "http.request", "event": 
"http.request", "method": "POST", "path": "/orders", "status_code": 201, "elapsed_ms": 108.75, "request_id": 
"f276ef9c-9b94-44a5-9300-6d8a892be1cd"}
{"ts": "2026-03-17T23:50:10.265574+00:00", "level": "ERROR", "logger": "app.main", "message": "http.request_failed", 
"event": "http.request_failed", "method": "POST", "path": "/orders", "status_code": 500, "elapsed_ms": 286.09, 
"request_id": "7e343326-896b-46bf-a5fe-77778521ef37"}
ERROR:    Exception in ASGI application
  + Exception Group Traceback (most recent call last):
  |   File "/usr/local/lib/python3.12/site-packages/starlette/_utils.py", line 79, in collapse_excgroups
  |     yield
  |   File "/usr/local/lib/python3.12/site-packages/starlette/middleware/base.py", line 183, in __call__
  |     async with anyio.create_task_group() as task_group:
  |                ^^^^^^^^^^^^^^^^^^^^^^^^^
  |   File "/usr/local/lib/python3.12/site-packages/anyio/_backends/_asyncio.py", line 783, in __aexit__
  |     raise BaseExceptionGroup(
  | ExceptionGroup: unhandled errors in a TaskGroup (1 sub-exception)
  +-+---------------- 1 ----------------
    | Traceback (most recent call last):
    |   File "/usr/local/lib/python3.12/site-packages/uvicorn/protocols/http/httptools_impl.py", line 409, in run_asgi
    |     result = await app(  # type: ignore[func-returns-value]
    |              ^^^^^^^^^^^^^^^^^^^^^^^^^^^^^^^^^^^^^^^^^^^^^^
    |   File "/usr/local/lib/python3.12/site-packages/uvicorn/middleware/proxy_headers.py", line 60, in __call__
    |     return await self.app(scope, receive, send)
    |            ^^^^^^^^^^^^^^^^^^^^^^^^^^^^^^^^^^^^
    |   File "/usr/local/lib/python3.12/site-packages/fastapi/applications.py", line 1054, in __call__
    |     await super().__call__(scope, receive, send)
    |   File "/usr/local/lib/python3.12/site-packages/starlette/applications.py", line 113, in __call__
    |     await self.middleware_stack(scope, receive, send)
    |   File "/usr/local/lib/python3.12/site-packages/starlette/middleware/errors.py", line 186, in __call__
    |     raise exc
    |   File "/usr/local/lib/python3.12/site-packages/starlette/middleware/errors.py", line 164, in __call__
    |     await self.app(scope, receive, _send)
    |   File "/usr/local/lib/python3.12/site-packages/starlette/middleware/base.py", line 182, in __call__
    |     with recv_stream, send_stream, collapse_excgroups():
    |                                    ^^^^^^^^^^^^^^^^^^^^
    |   File "/usr/local/lib/python3.12/contextlib.py", line 158, in __exit__
    |     self.gen.throw(value)
    |   File "/usr/local/lib/python3.12/site-packages/starlette/_utils.py", line 85, in collapse_excgroups
    |     raise exc
    |   File "/usr/local/lib/python3.12/site-packages/starlette/middleware/base.py", line 184, in __call__
    |     response = await self.dispatch_func(request, call_next)
    |                ^^^^^^^^^^^^^^^^^^^^^^^^^^^^^^^^^^^^^^^^^^^^
    |   File "/app/app/main.py", line 35, in request_context_middleware
    |     response = await call_next(request)
    |                ^^^^^^^^^^^^^^^^^^^^^^^^
    |   File "/usr/local/lib/python3.12/site-packages/starlette/middleware/base.py", line 159, in call_next
    |     raise app_exc
    |   File "/usr/local/lib/python3.12/site-packages/starlette/middleware/base.py", line 144, in coro
    |     await self.app(scope, receive_or_disconnect, send_no_error)
    |   File "/usr/local/lib/python3.12/site-packages/starlette/middleware/exceptions.py", line 63, in __call__
    |     await wrap_app_handling_exceptions(self.app, conn)(scope, receive, send)
    |   File "/usr/local/lib/python3.12/site-packages/starlette/_exception_handler.py", line 53, in wrapped_app
    |     raise exc
    |   File "/usr/local/lib/python3.12/site-packages/starlette/_exception_handler.py", line 42, in wrapped_app
    |     await app(scope, receive, sender)
    |   File "/usr/local/lib/python3.12/site-packages/starlette/routing.py", line 716, in __call__
    |     await self.middleware_stack(scope, receive, send)
    |   File "/usr/local/lib/python3.12/site-packages/starlette/routing.py", line 736, in app
    |     await route.handle(scope, receive, send)
    |   File "/usr/local/lib/python3.12/site-packages/starlette/routing.py", line 290, in handle
    |     await self.app(scope, receive, send)
    |   File "/usr/local/lib/python3.12/site-packages/starlette/routing.py", line 78, in app
    |     await wrap_app_handling_exceptions(app, request)(scope, receive, send)
    |   File "/usr/local/lib/python3.12/site-packages/starlette/_exception_handler.py", line 53, in wrapped_app
    |     raise exc
    |   File "/usr/local/lib/python3.12/site-packages/starlette/_exception_handler.py", line 42, in wrapped_app
    |     await app(scope, receive, sender)
    |   File "/usr/local/lib/python3.12/site-packages/starlette/routing.py", line 75, in app
    |     response = await f(request)
    |                ^^^^^^^^^^^^^^^^
    |   File "/usr/local/lib/python3.12/site-packages/fastapi/routing.py", line 302, in app
    |     raw_response = await run_endpoint_function(
    |                    ^^^^^^^^^^^^^^^^^^^^^^^^^^^^
    |   File "/usr/local/lib/python3.12/site-packages/fastapi/routing.py", line 213, in run_endpoint_function
    |     return await dependant.call(**values)
    |            ^^^^^^^^^^^^^^^^^^^^^^^^^^^^^^
    |   File "/app/app/api/routes/orders.py", line 55, in create_order_endpoint
    |     order = await create_order(db, current_user, payload)
    |             ^^^^^^^^^^^^^^^^^^^^^^^^^^^^^^^^^^^^^^^^^^^^^
    |   File "/app/app/services/order_service.py", line 327, in create_order
    |     'actor_user_id': str(user.id),
    |                          ^^^^^^^
    |   File "/usr/local/lib/python3.12/site-packages/sqlalchemy/orm/attributes.py", line 569, in __get__
    |     return self.impl.get(state, dict_)  # type: ignore[no-any-return]
    |            ^^^^^^^^^^^^^^^^^^^^^^^^^^^
    |   File "/usr/local/lib/python3.12/site-packages/sqlalchemy/orm/attributes.py", line 1096, in get
    |     value = self._fire_loader_callables(state, key, passive)
    |             ^^^^^^^^^^^^^^^^^^^^^^^^^^^^^^^^^^^^^^^^^^^^^^^^
    |   File "/usr/local/lib/python3.12/site-packages/sqlalchemy/orm/attributes.py", line 1126, in 
_fire_loader_callables
    |     return state._load_expired(state, passive)
    |            ^^^^^^^^^^^^^^^^^^^^^^^^^^^^^^^^^^^
    |   File "/usr/local/lib/python3.12/site-packages/sqlalchemy/orm/state.py", line 803, in _load_expired
    |     self.manager.expired_attribute_loader(self, toload, passive)
    |   File "/usr/local/lib/python3.12/site-packages/sqlalchemy/orm/loading.py", line 1674, in load_scalar_attributes
    |     result = load_on_ident(
    |              ^^^^^^^^^^^^^^
    |   File "/usr/local/lib/python3.12/site-packages/sqlalchemy/orm/loading.py", line 510, in load_on_ident
    |     return load_on_pk_identity(
    |            ^^^^^^^^^^^^^^^^^^^^
    |   File "/usr/local/lib/python3.12/site-packages/sqlalchemy/orm/loading.py", line 695, in load_on_pk_identity
    |     session.execute(
    |   File "/usr/local/lib/python3.12/site-packages/sqlalchemy/orm/session.py", line 2365, in execute
    |     return self._execute_internal(
    |            ^^^^^^^^^^^^^^^^^^^^^^^
    |   File "/usr/local/lib/python3.12/site-packages/sqlalchemy/orm/session.py", line 2241, in _execute_internal
    |     conn = self._connection_for_bind(bind)
    |            ^^^^^^^^^^^^^^^^^^^^^^^^^^^^^^^
    |   File "/usr/local/lib/python3.12/site-packages/sqlalchemy/orm/session.py", line 2110, in _connection_for_bind
    |     return trans._connection_for_bind(engine, execution_options)
    |            ^^^^^^^^^^^^^^^^^^^^^^^^^^^^^^^^^^^^^^^^^^^^^^^^^^^^^
    |   File "<string>", line 2, in _connection_for_bind
    |   File "/usr/local/lib/python3.12/site-packages/sqlalchemy/orm/state_changes.py", line 137, in _go
    |     ret_value = fn(self, *arg, **kw)
    |                 ^^^^^^^^^^^^^^^^^^^^
    |   File "/usr/local/lib/python3.12/site-packages/sqlalchemy/orm/session.py", line 1189, in _connection_for_bind
    |     conn = bind.connect()
    |            ^^^^^^^^^^^^^^
    |   File "/usr/local/lib/python3.12/site-packages/sqlalchemy/engine/base.py", line 3277, in connect
    |     return self._connection_cls(self)
    |            ^^^^^^^^^^^^^^^^^^^^^^^^^^
    |   File "/usr/local/lib/python3.12/site-packages/sqlalchemy/engine/base.py", line 143, in __init__
    |     self._dbapi_connection = engine.raw_connection()
    |                              ^^^^^^^^^^^^^^^^^^^^^^^
    |   File "/usr/local/lib/python3.12/site-packages/sqlalchemy/engine/base.py", line 3301, in raw_connection
    |     return self.pool.connect()
    |            ^^^^^^^^^^^^^^^^^^^
    |   File "/usr/local/lib/python3.12/site-packages/sqlalchemy/pool/base.py", line 447, in connect
    |     return _ConnectionFairy._checkout(self)
    |            ^^^^^^^^^^^^^^^^^^^^^^^^^^^^^^^^
    |   File "/usr/local/lib/python3.12/site-packages/sqlalchemy/pool/base.py", line 1363, in _checkout
    |     with util.safe_reraise():
    |          ^^^^^^^^^^^^^^^^^^^
    |   File "/usr/local/lib/python3.12/site-packages/sqlalchemy/util/langhelpers.py", line 224, in __exit__
    |     raise exc_value.with_traceback(exc_tb)
    |   File "/usr/local/lib/python3.12/site-packages/sqlalchemy/pool/base.py", line 1301, in _checkout
    |     result = pool._dialect._do_ping_w_event(
    |              ^^^^^^^^^^^^^^^^^^^^^^^^^^^^^^^
    |   File "/usr/local/lib/python3.12/site-packages/sqlalchemy/engine/default.py", line 728, in _do_ping_w_event
    |     return self.do_ping(dbapi_connection)
    |            ^^^^^^^^^^^^^^^^^^^^^^^^^^^^^^
    |   File "/usr/local/lib/python3.12/site-packages/sqlalchemy/dialects/postgresql/asyncpg.py", line 1169, in do_ping
    |     dbapi_connection.ping()
    |   File "/usr/local/lib/python3.12/site-packages/sqlalchemy/dialects/postgresql/asyncpg.py", line 813, in ping
    |     self._handle_exception(error)
    |   File "/usr/local/lib/python3.12/site-packages/sqlalchemy/dialects/postgresql/asyncpg.py", line 794, in 
_handle_exception
    |     raise error
    |   File "/usr/local/lib/python3.12/site-packages/sqlalchemy/dialects/postgresql/asyncpg.py", line 811, in ping
    |     _ = self.await_(self._async_ping())
    |         ^^^^^^^^^^^^^^^^^^^^^^^^^^^^^^^
    |   File "/usr/local/lib/python3.12/site-packages/sqlalchemy/util/_concurrency_py3k.py", line 123, in await_only
    |     raise exc.MissingGreenlet(
    | sqlalchemy.exc.MissingGreenlet: greenlet_spawn has not been called; can't call await_only() here. Was IO 
attempted in an unexpected place? (Background on this error at: https://sqlalche.me/e/20/xd2s)
    +------------------------------------

During handling of the above exception, another exception occurred:

Traceback (most recent call last):
  File "/usr/local/lib/python3.12/site-packages/uvicorn/protocols/http/httptools_impl.py", line 409, in run_asgi
    result = await app(  # type: ignore[func-returns-value]
             ^^^^^^^^^^^^^^^^^^^^^^^^^^^^^^^^^^^^^^^^^^^^^^
  File "/usr/local/lib/python3.12/site-packages/uvicorn/middleware/proxy_headers.py", line 60, in __call__
    return await self.app(scope, receive, send)
           ^^^^^^^^^^^^^^^^^^^^^^^^^^^^^^^^^^^^
  File "/usr/local/lib/python3.12/site-packages/fastapi/applications.py", line 1054, in __call__
    await super().__call__(scope, receive, send)
  File "/usr/local/lib/python3.12/site-packages/starlette/applications.py", line 113, in __call__
    await self.middleware_stack(scope, receive, send)
  File "/usr/local/lib/python3.12/site-packages/starlette/middleware/errors.py", line 186, in __call__
    raise exc
  File "/usr/local/lib/python3.12/site-packages/starlette/middleware/errors.py", line 164, in __call__
    await self.app(scope, receive, _send)
  File "/usr/local/lib/python3.12/site-packages/starlette/middleware/base.py", line 182, in __call__
    with recv_stream, send_stream, collapse_excgroups():
                                   ^^^^^^^^^^^^^^^^^^^^
  File "/usr/local/lib/python3.12/contextlib.py", line 158, in __exit__
    self.gen.throw(value)
  File "/usr/local/lib/python3.12/site-packages/starlette/_utils.py", line 85, in collapse_excgroups
    raise exc
  File "/usr/local/lib/python3.12/site-packages/starlette/middleware/base.py", line 184, in __call__
    response = await self.dispatch_func(request, call_next)
               ^^^^^^^^^^^^^^^^^^^^^^^^^^^^^^^^^^^^^^^^^^^^
INFO:     172.19.0.1:53890 - "POST /orders HTTP/1.1" 500 Internal Server Error
  File "/app/app/main.py", line 35, in request_context_middleware
    response = await call_next(request)
               ^^^^^^^^^^^^^^^^^^^^^^^^
  File "/usr/local/lib/python3.12/site-packages/starlette/middleware/base.py", line 159, in call_next
    raise app_exc
  File "/usr/local/lib/python3.12/site-packages/starlette/middleware/base.py", line 144, in coro
    await self.app(scope, receive_or_disconnect, send_no_error)
  File "/usr/local/lib/python3.12/site-packages/starlette/middleware/exceptions.py", line 63, in __call__
    await wrap_app_handling_exceptions(self.app, conn)(scope, receive, send)
  File "/usr/local/lib/python3.12/site-packages/starlette/_exception_handler.py", line 53, in wrapped_app
    raise exc
  File "/usr/local/lib/python3.12/site-packages/starlette/_exception_handler.py", line 42, in wrapped_app
    await app(scope, receive, sender)
  File "/usr/local/lib/python3.12/site-packages/starlette/routing.py", line 716, in __call__
    await self.middleware_stack(scope, receive, send)
  File "/usr/local/lib/python3.12/site-packages/starlette/routing.py", line 736, in app
    await route.handle(scope, receive, send)
  File "/usr/local/lib/python3.12/site-packages/starlette/routing.py", line 290, in handle
    await self.app(scope, receive, send)
  File "/usr/local/lib/python3.12/site-packages/starlette/routing.py", line 78, in app
    await wrap_app_handling_exceptions(app, request)(scope, receive, send)
  File "/usr/local/lib/python3.12/site-packages/starlette/_exception_handler.py", line 53, in wrapped_app
    raise exc
  File "/usr/local/lib/python3.12/site-packages/starlette/_exception_handler.py", line 42, in wrapped_app
    await app(scope, receive, sender)
  File "/usr/local/lib/python3.12/site-packages/starlette/routing.py", line 75, in app
    response = await f(request)
               ^^^^^^^^^^^^^^^^
  File "/usr/local/lib/python3.12/site-packages/fastapi/routing.py", line 302, in app
    raw_response = await run_endpoint_function(
                   ^^^^^^^^^^^^^^^^^^^^^^^^^^^^
  File "/usr/local/lib/python3.12/site-packages/fastapi/routing.py", line 213, in run_endpoint_function
    return await dependant.call(**values)
           ^^^^^^^^^^^^^^^^^^^^^^^^^^^^^^
  File "/app/app/api/routes/orders.py", line 55, in create_order_endpoint
    order = await create_order(db, current_user, payload)
            ^^^^^^^^^^^^^^^^^^^^^^^^^^^^^^^^^^^^^^^^^^^^^
  File "/app/app/services/order_service.py", line 327, in create_order
    'actor_user_id': str(user.id),
                         ^^^^^^^
  File "/usr/local/lib/python3.12/site-packages/sqlalchemy/orm/attributes.py", line 569, in __get__
    return self.impl.get(state, dict_)  # type: ignore[no-any-return]
           ^^^^^^^^^^^^^^^^^^^^^^^^^^^
  File "/usr/local/lib/python3.12/site-packages/sqlalchemy/orm/attributes.py", line 1096, in get
    value = self._fire_loader_callables(state, key, passive)
            ^^^^^^^^^^^^^^^^^^^^^^^^^^^^^^^^^^^^^^^^^^^^^^^^
  File "/usr/local/lib/python3.12/site-packages/sqlalchemy/orm/attributes.py", line 1126, in _fire_loader_callables
    return state._load_expired(state, passive)
           ^^^^^^^^^^^^^^^^^^^^^^^^^^^^^^^^^^^
  File "/usr/local/lib/python3.12/site-packages/sqlalchemy/orm/state.py", line 803, in _load_expired
    self.manager.expired_attribute_loader(self, toload, passive)
  File "/usr/local/lib/python3.12/site-packages/sqlalchemy/orm/loading.py", line 1674, in load_scalar_attributes
    result = load_on_ident(
             ^^^^^^^^^^^^^^
  File "/usr/local/lib/python3.12/site-packages/sqlalchemy/orm/loading.py", line 510, in load_on_ident
    return load_on_pk_identity(
           ^^^^^^^^^^^^^^^^^^^^
  File "/usr/local/lib/python3.12/site-packages/sqlalchemy/orm/loading.py", line 695, in load_on_pk_identity
    session.execute(
  File "/usr/local/lib/python3.12/site-packages/sqlalchemy/orm/session.py", line 2365, in execute
    return self._execute_internal(
           ^^^^^^^^^^^^^^^^^^^^^^^
  File "/usr/local/lib/python3.12/site-packages/sqlalchemy/orm/session.py", line 2241, in _execute_internal
    conn = self._connection_for_bind(bind)
           ^^^^^^^^^^^^^^^^^^^^^^^^^^^^^^^
  File "/usr/local/lib/python3.12/site-packages/sqlalchemy/orm/session.py", line 2110, in _connection_for_bind
    return trans._connection_for_bind(engine, execution_options)
           ^^^^^^^^^^^^^^^^^^^^^^^^^^^^^^^^^^^^^^^^^^^^^^^^^^^^^
  File "<string>", line 2, in _connection_for_bind
  File "/usr/local/lib/python3.12/site-packages/sqlalchemy/orm/state_changes.py", line 137, in _go
    ret_value = fn(self, *arg, **kw)
                ^^^^^^^^^^^^^^^^^^^^
  File "/usr/local/lib/python3.12/site-packages/sqlalchemy/orm/session.py", line 1189, in _connection_for_bind
    conn = bind.connect()
           ^^^^^^^^^^^^^^
  File "/usr/local/lib/python3.12/site-packages/sqlalchemy/engine/base.py", line 3277, in connect
    return self._connection_cls(self)
           ^^^^^^^^^^^^^^^^^^^^^^^^^^
  File "/usr/local/lib/python3.12/site-packages/sqlalchemy/engine/base.py", line 143, in __init__
    self._dbapi_connection = engine.raw_connection()
                             ^^^^^^^^^^^^^^^^^^^^^^^
  File "/usr/local/lib/python3.12/site-packages/sqlalchemy/engine/base.py", line 3301, in raw_connection
    return self.pool.connect()
           ^^^^^^^^^^^^^^^^^^^
  File "/usr/local/lib/python3.12/site-packages/sqlalchemy/pool/base.py", line 447, in connect
    return _ConnectionFairy._checkout(self)
           ^^^^^^^^^^^^^^^^^^^^^^^^^^^^^^^^
  File "/usr/local/lib/python3.12/site-packages/sqlalchemy/pool/base.py", line 1363, in _checkout
    with util.safe_reraise():
         ^^^^^^^^^^^^^^^^^^^
  File "/usr/local/lib/python3.12/site-packages/sqlalchemy/util/langhelpers.py", line 224, in __exit__
    raise exc_value.with_traceback(exc_tb)
  File "/usr/local/lib/python3.12/site-packages/sqlalchemy/pool/base.py", line 1301, in _checkout
    result = pool._dialect._do_ping_w_event(
             ^^^^^^^^^^^^^^^^^^^^^^^^^^^^^^^
  File "/usr/local/lib/python3.12/site-packages/sqlalchemy/engine/default.py", line 728, in _do_ping_w_event
    return self.do_ping(dbapi_connection)
           ^^^^^^^^^^^^^^^^^^^^^^^^^^^^^^
  File "/usr/local/lib/python3.12/site-packages/sqlalchemy/dialects/postgresql/asyncpg.py", line 1169, in do_ping
    dbapi_connection.ping()
  File "/usr/local/lib/python3.12/site-packages/sqlalchemy/dialects/postgresql/asyncpg.py", line 813, in ping
    self._handle_exception(error)
  File "/usr/local/lib/python3.12/site-packages/sqlalchemy/dialects/postgresql/asyncpg.py", line 794, in 
_handle_exception
    raise error
  File "/usr/local/lib/python3.12/site-packages/sqlalchemy/dialects/postgresql/asyncpg.py", line 811, in ping
    _ = self.await_(self._async_ping())
        ^^^^^^^^^^^^^^^^^^^^^^^^^^^^^^^
  File "/usr/local/lib/python3.12/site-packages/sqlalchemy/util/_concurrency_py3k.py", line 123, in await_only
    raise exc.MissingGreenlet(
sqlalchemy.exc.MissingGreenlet: greenlet_spawn has not been called; can't call await_only() here. Was IO attempted in 
an unexpected place? (Background on this error at: https://sqlalche.me/e/20/xd2s)
{"ts": "2026-03-17T23:50:10.376728+00:00", "level": "ERROR", "logger": "app.main", "message": "http.request_failed", 
"event": "http.request_failed", "method": "POST", "path": "/orders", "status_code": 500, "elapsed_ms": 399.0, 
"request_id": "9f5c057c-fb33-423a-aa02-6d9d4a4062c9"}
ERROR:    Exception in ASGI application
  + Exception Group Traceback (most recent call last):
  |   File "/usr/local/lib/python3.12/site-packages/starlette/_utils.py", line 79, in collapse_excgroups
  |     yield
  |   File "/usr/local/lib/python3.12/site-packages/starlette/middleware/base.py", line 183, in __call__
  |     async with anyio.create_task_group() as task_group:
  |                ^^^^^^^^^^^^^^^^^^^^^^^^^
  |   File "/usr/local/lib/python3.12/site-packages/anyio/_backends/_asyncio.py", line 783, in __aexit__
  |     raise BaseExceptionGroup(
  | ExceptionGroup: unhandled errors in a TaskGroup (1 sub-exception)
  +-+---------------- 1 ----------------
    | Traceback (most recent call last):
    |   File "/usr/local/lib/python3.12/site-packages/uvicorn/protocols/http/httptools_impl.py", line 409, in run_asgi
    |     result = await app(  # type: ignore[func-returns-value]
    |              ^^^^^^^^^^^^^^^^^^^^^^^^^^^^^^^^^^^^^^^^^^^^^^
    |   File "/usr/local/lib/python3.12/site-packages/uvicorn/middleware/proxy_headers.py", line 60, in __call__
    |     return await self.app(scope, receive, send)
    |            ^^^^^^^^^^^^^^^^^^^^^^^^^^^^^^^^^^^^
    |   File "/usr/local/lib/python3.12/site-packages/fastapi/applications.py", line 1054, in __call__
    |     await super().__call__(scope, receive, send)
    |   File "/usr/local/lib/python3.12/site-packages/starlette/applications.py", line 113, in __call__
    |     await self.middleware_stack(scope, receive, send)
    |   File "/usr/local/lib/python3.12/site-packages/starlette/middleware/errors.py", line 186, in __call__
    |     raise exc
    |   File "/usr/local/lib/python3.12/site-packages/starlette/middleware/errors.py", line 164, in __call__
    |     await self.app(scope, receive, _send)
    |   File "/usr/local/lib/python3.12/site-packages/starlette/middleware/base.py", line 182, in __call__
    |     with recv_stream, send_stream, collapse_excgroups():
    |                                    ^^^^^^^^^^^^^^^^^^^^
    |   File "/usr/local/lib/python3.12/contextlib.py", line 158, in __exit__
    |     self.gen.throw(value)
    |   File "/usr/local/lib/python3.12/site-packages/starlette/_utils.py", line 85, in collapse_excgroups
    |     raise exc
    |   File "/usr/local/lib/python3.12/site-packages/starlette/middleware/base.py", line 184, in __call__
    |     response = await self.dispatch_func(request, call_next)
    |                ^^^^^^^^^^^^^^^^^^^^^^^^^^^^^^^^^^^^^^^^^^^^
    |   File "/app/app/main.py", line 35, in request_context_middleware
    |     response = await call_next(request)
    |                ^^^^^^^^^^^^^^^^^^^^^^^^
    |   File "/usr/local/lib/python3.12/site-packages/starlette/middleware/base.py", line 159, in call_next
    |     raise app_exc
    |   File "/usr/local/lib/python3.12/site-packages/starlette/middleware/base.py", line 144, in coro
    |     await self.app(scope, receive_or_disconnect, send_no_error)
    |   File "/usr/local/lib/python3.12/site-packages/starlette/middleware/exceptions.py", line 63, in __call__
    |     await wrap_app_handling_exceptions(self.app, conn)(scope, receive, send)
    |   File "/usr/local/lib/python3.12/site-packages/starlette/_exception_handler.py", line 53, in wrapped_app
    |     raise exc
    |   File "/usr/local/lib/python3.12/site-packages/starlette/_exception_handler.py", line 42, in wrapped_app
    |     await app(scope, receive, sender)
    |   File "/usr/local/lib/python3.12/site-packages/starlette/routing.py", line 716, in __call__
    |     await self.middleware_stack(scope, receive, send)
    |   File "/usr/local/lib/python3.12/site-packages/starlette/routing.py", line 736, in app
    |     await route.handle(scope, receive, send)
    |   File "/usr/local/lib/python3.12/site-packages/starlette/routing.py", line 290, in handle
    |     await self.app(scope, receive, send)
    |   File "/usr/local/lib/python3.12/site-packages/starlette/routing.py", line 78, in app
    |     await wrap_app_handling_exceptions(app, request)(scope, receive, send)
    |   File "/usr/local/lib/python3.12/site-packages/starlette/_exception_handler.py", line 53, in wrapped_app
    |     raise exc
    |   File "/usr/local/lib/python3.12/site-packages/starlette/_exception_handler.py", line 42, in wrapped_app
    |     await app(scope, receive, sender)
    |   File "/usr/local/lib/python3.12/site-packages/starlette/routing.py", line 75, in app
    |     response = await f(request)
    |                ^^^^^^^^^^^^^^^^
    |   File "/usr/local/lib/python3.12/site-packages/fastapi/routing.py", line 302, in app
    |     raw_response = await run_endpoint_function(
    |                    ^^^^^^^^^^^^^^^^^^^^^^^^^^^^
    |   File "/usr/local/lib/python3.12/site-packages/fastapi/routing.py", line 213, in run_endpoint_function
    |     return await dependant.call(**values)
    |            ^^^^^^^^^^^^^^^^^^^^^^^^^^^^^^
    |   File "/app/app/api/routes/orders.py", line 55, in create_order_endpoint
    |     order = await create_order(db, current_user, payload)
    |             ^^^^^^^^^^^^^^^^^^^^^^^^^^^^^^^^^^^^^^^^^^^^^
    |   File "/app/app/services/order_service.py", line 327, in create_order
    |     'actor_user_id': str(user.id),
    |                          ^^^^^^^
    |   File "/usr/local/lib/python3.12/site-packages/sqlalchemy/orm/attributes.py", line 569, in __get__
    |     return self.impl.get(state, dict_)  # type: ignore[no-any-return]
    |            ^^^^^^^^^^^^^^^^^^^^^^^^^^^
    |   File "/usr/local/lib/python3.12/site-packages/sqlalchemy/orm/attributes.py", line 1096, in get
    |     value = self._fire_loader_callables(state, key, passive)
    |             ^^^^^^^^^^^^^^^^^^^^^^^^^^^^^^^^^^^^^^^^^^^^^^^^
    |   File "/usr/local/lib/python3.12/site-packages/sqlalchemy/orm/attributes.py", line 1126, in 
_fire_loader_callables
    |     return state._load_expired(state, passive)
    |            ^^^^^^^^^^^^^^^^^^^^^^^^^^^^^^^^^^^
    |   File "/usr/local/lib/python3.12/site-packages/sqlalchemy/orm/state.py", line 803, in _load_expired
    |     self.manager.expired_attribute_loader(self, toload, passive)
    |   File "/usr/local/lib/python3.12/site-packages/sqlalchemy/orm/loading.py", line 1674, in load_scalar_attributes
    |     result = load_on_ident(
    |              ^^^^^^^^^^^^^^
    |   File "/usr/local/lib/python3.12/site-packages/sqlalchemy/orm/loading.py", line 510, in load_on_ident
    |     return load_on_pk_identity(
    |            ^^^^^^^^^^^^^^^^^^^^
    |   File "/usr/local/lib/python3.12/site-packages/sqlalchemy/orm/loading.py", line 695, in load_on_pk_identity
    |     session.execute(
    |   File "/usr/local/lib/python3.12/site-packages/sqlalchemy/orm/session.py", line 2365, in execute
    |     return self._execute_internal(
    |            ^^^^^^^^^^^^^^^^^^^^^^^
    |   File "/usr/local/lib/python3.12/site-packages/sqlalchemy/orm/session.py", line 2241, in _execute_internal
    |     conn = self._connection_for_bind(bind)
    |            ^^^^^^^^^^^^^^^^^^^^^^^^^^^^^^^
    |   File "/usr/local/lib/python3.12/site-packages/sqlalchemy/orm/session.py", line 2110, in _connection_for_bind
    |     return trans._connection_for_bind(engine, execution_options)
    |            ^^^^^^^^^^^^^^^^^^^^^^^^^^^^^^^^^^^^^^^^^^^^^^^^^^^^^
    |   File "<string>", line 2, in _connection_for_bind
    |   File "/usr/local/lib/python3.12/site-packages/sqlalchemy/orm/state_changes.py", line 137, in _go
    |     ret_value = fn(self, *arg, **kw)
    |                 ^^^^^^^^^^^^^^^^^^^^
    |   File "/usr/local/lib/python3.12/site-packages/sqlalchemy/orm/session.py", line 1189, in _connection_for_bind
    |     conn = bind.connect()
    |            ^^^^^^^^^^^^^^
    |   File "/usr/local/lib/python3.12/site-packages/sqlalchemy/engine/base.py", line 3277, in connect
    |     return self._connection_cls(self)
    |            ^^^^^^^^^^^^^^^^^^^^^^^^^^
    |   File "/usr/local/lib/python3.12/site-packages/sqlalchemy/engine/base.py", line 143, in __init__
    |     self._dbapi_connection = engine.raw_connection()
    |                              ^^^^^^^^^^^^^^^^^^^^^^^
    |   File "/usr/local/lib/python3.12/site-packages/sqlalchemy/engine/base.py", line 3301, in raw_connection
    |     return self.pool.connect()
    |            ^^^^^^^^^^^^^^^^^^^
    |   File "/usr/local/lib/python3.12/site-packages/sqlalchemy/pool/base.py", line 447, in connect
    |     return _ConnectionFairy._checkout(self)
    |            ^^^^^^^^^^^^^^^^^^^^^^^^^^^^^^^^
    |   File "/usr/local/lib/python3.12/site-packages/sqlalchemy/pool/base.py", line 1363, in _checkout
    |     with util.safe_reraise():
    |          ^^^^^^^^^^^^^^^^^^^
    |   File "/usr/local/lib/python3.12/site-packages/sqlalchemy/util/langhelpers.py", line 224, in __exit__
    |     raise exc_value.with_traceback(exc_tb)
    |   File "/usr/local/lib/python3.12/site-packages/sqlalchemy/pool/base.py", line 1301, in _checkout
    |     result = pool._dialect._do_ping_w_event(
    |              ^^^^^^^^^^^^^^^^^^^^^^^^^^^^^^^
    |   File "/usr/local/lib/python3.12/site-packages/sqlalchemy/engine/default.py", line 728, in _do_ping_w_event
    |     return self.do_ping(dbapi_connection)
    |            ^^^^^^^^^^^^^^^^^^^^^^^^^^^^^^
    |   File "/usr/local/lib/python3.12/site-packages/sqlalchemy/dialects/postgresql/asyncpg.py", line 1169, in do_ping
    |     dbapi_connection.ping()
    |   File "/usr/local/lib/python3.12/site-packages/sqlalchemy/dialects/postgresql/asyncpg.py", line 813, in ping
    |     self._handle_exception(error)
    |   File "/usr/local/lib/python3.12/site-packages/sqlalchemy/dialects/postgresql/asyncpg.py", line 794, in 
_handle_exception
    |     raise error
    |   File "/usr/local/lib/python3.12/site-packages/sqlalchemy/dialects/postgresql/asyncpg.py", line 811, in ping
    |     _ = self.await_(self._async_ping())
    |         ^^^^^^^^^^^^^^^^^^^^^^^^^^^^^^^
    |   File "/usr/local/lib/python3.12/site-packages/sqlalchemy/util/_concurrency_py3k.py", line 123, in await_only
    |     raise exc.MissingGreenlet(
    | sqlalchemy.exc.MissingGreenlet: greenlet_spawn has not been called; can't call await_only() here. Was IO 
attempted in an unexpected place? (Background on this error at: https://sqlalche.me/e/20/xd2s)
    +------------------------------------

During handling of the above exception, another exception occurred:

Traceback (most recent call last):
  File "/usr/local/lib/python3.12/site-packages/uvicorn/protocols/http/httptools_impl.py", line 409, in run_asgi
    result = await app(  # type: ignore[func-returns-value]
             ^^^^^^^^^^^^^^^^^^^^^^^^^^^^^^^^^^^^^^^^^^^^^^
  File "/usr/local/lib/python3.12/site-packages/uvicorn/middleware/proxy_headers.py", line 60, in __call__
    return await self.app(scope, receive, send)
           ^^^^^^^^^^^^^^^^^^^^^^^^^^^^^^^^^^^^
  File "/usr/local/lib/python3.12/site-packages/fastapi/applications.py", line 1054, in __call__
    await super().__call__(scope, receive, send)
  File "/usr/local/lib/python3.12/site-packages/starlette/applications.py", line 113, in __call__
    await self.middleware_stack(scope, receive, send)
  File "/usr/local/lib/python3.12/site-packages/starlette/middleware/errors.py", line 186, in __call__
    raise exc
  File "/usr/local/lib/python3.12/site-packages/starlette/middleware/errors.py", line 164, in __call__
    await self.app(scope, receive, _send)
  File "/usr/local/lib/python3.12/site-packages/starlette/middleware/base.py", line 182, in __call__
    with recv_stream, send_stream, collapse_excgroups():
                                   ^^^^^^^^^^^^^^^^^^^^
  File "/usr/local/lib/python3.12/contextlib.py", line 158, in __exit__
    self.gen.throw(value)
  File "/usr/local/lib/python3.12/site-packages/starlette/_utils.py", line 85, in collapse_excgroups
    raise exc
  File "/usr/local/lib/python3.12/site-packages/starlette/middleware/base.py", line 184, in __call__
    response = await self.dispatch_func(request, call_next)
               ^^^^^^^^^^^^^^^^^^^^^^^^^^^^^^^^^^^^^^^^^^^^
  File "/app/app/main.py", line 35, in request_context_middleware
    response = await call_next(request)
               ^^^^^^^^^^^^^^^^^^^^^^^^
  File "/usr/local/lib/python3.12/site-packages/starlette/middleware/base.py", line 159, in call_next
    raise app_exc
  File "/usr/local/lib/python3.12/site-packages/starlette/middleware/base.py", line 144, in coro
    await self.app(scope, receive_or_disconnect, send_no_error)
  File "/usr/local/lib/python3.12/site-packages/starlette/middleware/exceptions.py", line 63, in __call__
    await wrap_app_handling_exceptions(self.app, conn)(scope, receive, send)
  File "/usr/local/lib/python3.12/site-packages/starlette/_exception_handler.py", line 53, in wrapped_app
    raise exc
  File "/usr/local/lib/python3.12/site-packages/starlette/_exception_handler.py", line 42, in wrapped_app
    await app(scope, receive, sender)
  File "/usr/local/lib/python3.12/site-packages/starlette/routing.py", line 716, in __call__
    await self.middleware_stack(scope, receive, send)
  File "/usr/local/lib/python3.12/site-packages/starlette/routing.py", line 736, in app
    await route.handle(scope, receive, send)
  File "/usr/local/lib/python3.12/site-packages/starlette/routing.py", line 290, in handle
    await self.app(scope, receive, send)
  File "/usr/local/lib/python3.12/site-packages/starlette/routing.py", line 78, in app
    await wrap_app_handling_exceptions(app, request)(scope, receive, send)
  File "/usr/local/lib/python3.12/site-packages/starlette/_exception_handler.py", line 53, in wrapped_app
    raise exc
  File "/usr/local/lib/python3.12/site-packages/starlette/_exception_handler.py", line 42, in wrapped_app
    await app(scope, receive, sender)
  File "/usr/local/lib/python3.12/site-packages/starlette/routing.py", line 75, in app
    response = await f(request)
               ^^^^^^^^^^^^^^^^
  File "/usr/local/lib/python3.12/site-packages/fastapi/routing.py", line 302, in app
    raw_response = await run_endpoint_function(
                   ^^^^^^^^^^^^^^^^^^^^^^^^^^^^
  File "/usr/local/lib/python3.12/site-packages/fastapi/routing.py", line 213, in run_endpoint_function
    return await dependant.call(**values)
           ^^^^^^^^^^^^^^^^^^^^^^^^^^^^^^
  File "/app/app/api/routes/orders.py", line 55, in create_order_endpoint
    order = await create_order(db, current_user, payload)
            ^^^^^^^^^^^^^^^^^^^^^^^^^^^^^^^^^^^^^^^^^^^^^
  File "/app/app/services/order_service.py", line 327, in create_order
    'actor_user_id': str(user.id),
                         ^^^^^^^
  File "/usr/local/lib/python3.12/site-packages/sqlalchemy/orm/attributes.py", line 569, in __get__
    return self.impl.get(state, dict_)  # type: ignore[no-any-return]
INFO:     172.19.0.1:53886 - "POST /orders HTTP/1.1" 500 Internal Server Error
           ^^^^^^^^^^^^^^^^^^^^^^^^^^^
  File "/usr/local/lib/python3.12/site-packages/sqlalchemy/orm/attributes.py", line 1096, in get
    value = self._fire_loader_callables(state, key, passive)
            ^^^^^^^^^^^^^^^^^^^^^^^^^^^^^^^^^^^^^^^^^^^^^^^^
  File "/usr/local/lib/python3.12/site-packages/sqlalchemy/orm/attributes.py", line 1126, in _fire_loader_callables
    return state._load_expired(state, passive)
           ^^^^^^^^^^^^^^^^^^^^^^^^^^^^^^^^^^^
  File "/usr/local/lib/python3.12/site-packages/sqlalchemy/orm/state.py", line 803, in _load_expired
    self.manager.expired_attribute_loader(self, toload, passive)
  File "/usr/local/lib/python3.12/site-packages/sqlalchemy/orm/loading.py", line 1674, in load_scalar_attributes
    result = load_on_ident(
             ^^^^^^^^^^^^^^
  File "/usr/local/lib/python3.12/site-packages/sqlalchemy/orm/loading.py", line 510, in load_on_ident
    return load_on_pk_identity(
           ^^^^^^^^^^^^^^^^^^^^
  File "/usr/local/lib/python3.12/site-packages/sqlalchemy/orm/loading.py", line 695, in load_on_pk_identity
    session.execute(
  File "/usr/local/lib/python3.12/site-packages/sqlalchemy/orm/session.py", line 2365, in execute
    return self._execute_internal(
           ^^^^^^^^^^^^^^^^^^^^^^^
  File "/usr/local/lib/python3.12/site-packages/sqlalchemy/orm/session.py", line 2241, in _execute_internal
    conn = self._connection_for_bind(bind)
           ^^^^^^^^^^^^^^^^^^^^^^^^^^^^^^^
  File "/usr/local/lib/python3.12/site-packages/sqlalchemy/orm/session.py", line 2110, in _connection_for_bind
    return trans._connection_for_bind(engine, execution_options)
           ^^^^^^^^^^^^^^^^^^^^^^^^^^^^^^^^^^^^^^^^^^^^^^^^^^^^^
  File "<string>", line 2, in _connection_for_bind
  File "/usr/local/lib/python3.12/site-packages/sqlalchemy/orm/state_changes.py", line 137, in _go
    ret_value = fn(self, *arg, **kw)
                ^^^^^^^^^^^^^^^^^^^^
  File "/usr/local/lib/python3.12/site-packages/sqlalchemy/orm/session.py", line 1189, in _connection_for_bind
    conn = bind.connect()
           ^^^^^^^^^^^^^^
  File "/usr/local/lib/python3.12/site-packages/sqlalchemy/engine/base.py", line 3277, in connect
    return self._connection_cls(self)
           ^^^^^^^^^^^^^^^^^^^^^^^^^^
  File "/usr/local/lib/python3.12/site-packages/sqlalchemy/engine/base.py", line 143, in __init__
    self._dbapi_connection = engine.raw_connection()
                             ^^^^^^^^^^^^^^^^^^^^^^^
  File "/usr/local/lib/python3.12/site-packages/sqlalchemy/engine/base.py", line 3301, in raw_connection
    return self.pool.connect()
           ^^^^^^^^^^^^^^^^^^^
  File "/usr/local/lib/python3.12/site-packages/sqlalchemy/pool/base.py", line 447, in connect
    return _ConnectionFairy._checkout(self)
           ^^^^^^^^^^^^^^^^^^^^^^^^^^^^^^^^
  File "/usr/local/lib/python3.12/site-packages/sqlalchemy/pool/base.py", line 1363, in _checkout
    with util.safe_reraise():
         ^^^^^^^^^^^^^^^^^^^
  File "/usr/local/lib/python3.12/site-packages/sqlalchemy/util/langhelpers.py", line 224, in __exit__
    raise exc_value.with_traceback(exc_tb)
  File "/usr/local/lib/python3.12/site-packages/sqlalchemy/pool/base.py", line 1301, in _checkout
    result = pool._dialect._do_ping_w_event(
             ^^^^^^^^^^^^^^^^^^^^^^^^^^^^^^^
  File "/usr/local/lib/python3.12/site-packages/sqlalchemy/engine/default.py", line 728, in _do_ping_w_event
    return self.do_ping(dbapi_connection)
           ^^^^^^^^^^^^^^^^^^^^^^^^^^^^^^
  File "/usr/local/lib/python3.12/site-packages/sqlalchemy/dialects/postgresql/asyncpg.py", line 1169, in do_ping
    dbapi_connection.ping()
  File "/usr/local/lib/python3.12/site-packages/sqlalchemy/dialects/postgresql/asyncpg.py", line 813, in ping
    self._handle_exception(error)
  File "/usr/local/lib/python3.12/site-packages/sqlalchemy/dialects/postgresql/asyncpg.py", line 794, in 
_handle_exception
    raise error
  File "/usr/local/lib/python3.12/site-packages/sqlalchemy/dialects/postgresql/asyncpg.py", line 811, in ping
    _ = self.await_(self._async_ping())
        ^^^^^^^^^^^^^^^^^^^^^^^^^^^^^^^
  File "/usr/local/lib/python3.12/site-packages/sqlalchemy/util/_concurrency_py3k.py", line 123, in await_only
    raise exc.MissingGreenlet(
sqlalchemy.exc.MissingGreenlet: greenlet_spawn has not been called; can't call await_only() here. Was IO attempted in 
an unexpected place? (Background on this error at: https://sqlalche.me/e/20/xd2s)
{"ts": "2026-03-17T23:50:10.416049+00:00", "level": "ERROR", "logger": "app.main", "message": "http.request_failed", 
"event": "http.request_failed", "method": "POST", "path": "/orders", "status_code": 500, "elapsed_ms": 439.14, 
"request_id": "2a0cd995-6c27-42a9-b67a-699612ccb599"}
ERROR:    Exception in ASGI application
Traceback (most recent call last):
  File "/usr/local/lib/python3.12/site-packages/sqlalchemy/dialects/postgresql/asyncpg.py", line 545, in 
_prepare_and_execute
    self._rows = deque(await prepared_stmt.fetch(*parameters))
                       ^^^^^^^^^^^^^^^^^^^^^^^^^^^^^^^^^^^^^^
  File "/usr/local/lib/python3.12/site-packages/asyncpg/prepared_stmt.py", line 176, in fetch
    data = await self.__bind_execute(args, 0, timeout)
           ^^^^^^^^^^^^^^^^^^^^^^^^^^^^^^^^^^^^^^^^^^^
  File "/usr/local/lib/python3.12/site-packages/asyncpg/prepared_stmt.py", line 267, in __bind_execute
    data, status, _ = await self.__do_execute(
                      ^^^^^^^^^^^^^^^^^^^^^^^^
  File "/usr/local/lib/python3.12/site-packages/asyncpg/prepared_stmt.py", line 256, in __do_execute
    return await executor(protocol)
           ^^^^^^^^^^^^^^^^^^^^^^^^
  File "asyncpg/protocol/protocol.pyx", line 206, in bind_execute
asyncpg.exceptions.UniqueViolationError: duplicate key value violates unique constraint "ix_orders_order_number"
DETAIL:  Key (order_number)=(35) already exists.

The above exception was the direct cause of the following exception:

Traceback (most recent call last):
  File "/usr/local/lib/python3.12/site-packages/sqlalchemy/engine/base.py", line 1967, in _exec_single_context
    self.dialect.do_execute(
  File "/usr/local/lib/python3.12/site-packages/sqlalchemy/engine/default.py", line 951, in do_execute
    cursor.execute(statement, parameters)
  File "/usr/local/lib/python3.12/site-packages/sqlalchemy/dialects/postgresql/asyncpg.py", line 580, in execute
    self._adapt_connection.await_(
  File "/usr/local/lib/python3.12/site-packages/sqlalchemy/util/_concurrency_py3k.py", line 132, in await_only
    return current.parent.switch(awaitable)  # type: ignore[no-any-return,attr-defined] # noqa: E501
           ^^^^^^^^^^^^^^^^^^^^^^^^^^^^^^^^
  File "/usr/local/lib/python3.12/site-packages/sqlalchemy/util/_concurrency_py3k.py", line 196, in greenlet_spawn
    value = await result
            ^^^^^^^^^^^^
  File "/usr/local/lib/python3.12/site-packages/sqlalchemy/dialects/postgresql/asyncpg.py", line 558, in 
_prepare_and_execute
    self._handle_exception(error)
  File "/usr/local/lib/python3.12/site-packages/sqlalchemy/dialects/postgresql/asyncpg.py", line 508, in 
_handle_exception
    self._adapt_connection._handle_exception(error)
  File "/usr/local/lib/python3.12/site-packages/sqlalchemy/dialects/postgresql/asyncpg.py", line 792, in 
_handle_exception
    raise translated_error from error
sqlalchemy.dialects.postgresql.asyncpg.AsyncAdapt_asyncpg_dbapi.IntegrityError: <class 
'asyncpg.exceptions.UniqueViolationError'>: duplicate key value violates unique constraint "ix_orders_order_number"
DETAIL:  Key (order_number)=(35) already exists.

The above exception was the direct cause of the following exception:

Traceback (most recent call last):
  File "/usr/local/lib/python3.12/site-packages/uvicorn/protocols/http/httptools_impl.py", line 409, in run_asgi
    result = await app(  # type: ignore[func-returns-value]
             ^^^^^^^^^^^^^^^^^^^^^^^^^^^^^^^^^^^^^^^^^^^^^^
  File "/usr/local/lib/python3.12/site-packages/uvicorn/middleware/proxy_headers.py", line 60, in __call__
    return await self.app(scope, receive, send)
           ^^^^^^^^^^^^^^^^^^^^^^^^^^^^^^^^^^^^
  File "/usr/local/lib/python3.12/site-packages/fastapi/applications.py", line 1054, in __call__
    await super().__call__(scope, receive, send)
  File "/usr/local/lib/python3.12/site-packages/starlette/applications.py", line 113, in __call__
    await self.middleware_stack(scope, receive, send)
  File "/usr/local/lib/python3.12/site-packages/starlette/middleware/errors.py", line 186, in __call__
    raise exc
  File "/usr/local/lib/python3.12/site-packages/starlette/middleware/errors.py", line 164, in __call__
    await self.app(scope, receive, _send)
  File "/usr/local/lib/python3.12/site-packages/starlette/middleware/base.py", line 182, in __call__
    with recv_stream, send_stream, collapse_excgroups():
                                   ^^^^^^^^^^^^^^^^^^^^
  File "/usr/local/lib/python3.12/contextlib.py", line 158, in __exit__
    self.gen.throw(value)
  File "/usr/local/lib/python3.12/site-packages/starlette/_utils.py", line 85, in collapse_excgroups
    raise exc
  File "/usr/local/lib/python3.12/site-packages/starlette/middleware/base.py", line 184, in __call__
    response = await self.dispatch_func(request, call_next)
               ^^^^^^^^^^^^^^^^^^^^^^^^^^^^^^^^^^^^^^^^^^^^
  File "/app/app/main.py", line 35, in request_context_middleware
    response = await call_next(request)
               ^^^^^^^^^^^^^^^^^^^^^^^^
  File "/usr/local/lib/python3.12/site-packages/starlette/middleware/base.py", line 159, in call_next
    raise app_exc
  File "/usr/local/lib/python3.12/site-packages/starlette/middleware/base.py", line 144, in coro
    await self.app(scope, receive_or_disconnect, send_no_error)
  File "/usr/local/lib/python3.12/site-packages/starlette/middleware/exceptions.py", line 63, in __call__
    await wrap_app_handling_exceptions(self.app, conn)(scope, receive, send)
INFO:     172.19.0.1:53950 - "GET /orders/9ab1f368-50fe-4d87-9bd8-59fbd57c07f4 HTTP/1.1" 200 OK
INFO:     172.19.0.1:53932 - "GET /orders/993128c4-8874-4423-878a-d92eb0dc514b HTTP/1.1" 200 OK
INFO:     172.19.0.1:53910 - "POST /orders HTTP/1.1" 500 Internal Server Error
  File "/usr/local/lib/python3.12/site-packages/starlette/_exception_handler.py", line 53, in wrapped_app
    raise exc
  File "/usr/local/lib/python3.12/site-packages/starlette/_exception_handler.py", line 42, in wrapped_app
    await app(scope, receive, sender)
  File "/usr/local/lib/python3.12/site-packages/starlette/routing.py", line 716, in __call__
    await self.middleware_stack(scope, receive, send)
  File "/usr/local/lib/python3.12/site-packages/starlette/routing.py", line 736, in app
    await route.handle(scope, receive, send)
  File "/usr/local/lib/python3.12/site-packages/starlette/routing.py", line 290, in handle
    await self.app(scope, receive, send)
  File "/usr/local/lib/python3.12/site-packages/starlette/routing.py", line 78, in app
    await wrap_app_handling_exceptions(app, request)(scope, receive, send)
  File "/usr/local/lib/python3.12/site-packages/starlette/_exception_handler.py", line 53, in wrapped_app
    raise exc
  File "/usr/local/lib/python3.12/site-packages/starlette/_exception_handler.py", line 42, in wrapped_app
    await app(scope, receive, sender)
  File "/usr/local/lib/python3.12/site-packages/starlette/routing.py", line 75, in app
    response = await f(request)
               ^^^^^^^^^^^^^^^^
  File "/usr/local/lib/python3.12/site-packages/fastapi/routing.py", line 302, in app
    raw_response = await run_endpoint_function(
                   ^^^^^^^^^^^^^^^^^^^^^^^^^^^^
  File "/usr/local/lib/python3.12/site-packages/fastapi/routing.py", line 213, in run_endpoint_function
    return await dependant.call(**values)
           ^^^^^^^^^^^^^^^^^^^^^^^^^^^^^^
  File "/app/app/api/routes/orders.py", line 55, in create_order_endpoint
    order = await create_order(db, current_user, payload)
            ^^^^^^^^^^^^^^^^^^^^^^^^^^^^^^^^^^^^^^^^^^^^^
  File "/app/app/services/order_service.py", line 247, in create_order
    await db.flush()
  File "/usr/local/lib/python3.12/site-packages/sqlalchemy/ext/asyncio/session.py", line 801, in flush
    await greenlet_spawn(self.sync_session.flush, objects=objects)
  File "/usr/local/lib/python3.12/site-packages/sqlalchemy/util/_concurrency_py3k.py", line 203, in greenlet_spawn
    result = context.switch(value)
             ^^^^^^^^^^^^^^^^^^^^^
  File "/usr/local/lib/python3.12/site-packages/sqlalchemy/orm/session.py", line 4345, in flush
    self._flush(objects)
  File "/usr/local/lib/python3.12/site-packages/sqlalchemy/orm/session.py", line 4480, in _flush
    with util.safe_reraise():
         ^^^^^^^^^^^^^^^^^^^
  File "/usr/local/lib/python3.12/site-packages/sqlalchemy/util/langhelpers.py", line 224, in __exit__
    raise exc_value.with_traceback(exc_tb)
  File "/usr/local/lib/python3.12/site-packages/sqlalchemy/orm/session.py", line 4441, in _flush
    flush_context.execute()
  File "/usr/local/lib/python3.12/site-packages/sqlalchemy/orm/unitofwork.py", line 466, in execute
    rec.execute(self)
  File "/usr/local/lib/python3.12/site-packages/sqlalchemy/orm/unitofwork.py", line 642, in execute
    util.preloaded.orm_persistence.save_obj(
  File "/usr/local/lib/python3.12/site-packages/sqlalchemy/orm/persistence.py", line 93, in save_obj
    _emit_insert_statements(
  File "/usr/local/lib/python3.12/site-packages/sqlalchemy/orm/persistence.py", line 1233, in _emit_insert_statements
    result = connection.execute(
             ^^^^^^^^^^^^^^^^^^^
  File "/usr/local/lib/python3.12/site-packages/sqlalchemy/engine/base.py", line 1419, in execute
    return meth(
           ^^^^^
  File "/usr/local/lib/python3.12/site-packages/sqlalchemy/sql/elements.py", line 526, in _execute_on_connection
    return connection._execute_clauseelement(
           ^^^^^^^^^^^^^^^^^^^^^^^^^^^^^^^^^^
  File "/usr/local/lib/python3.12/site-packages/sqlalchemy/engine/base.py", line 1641, in _execute_clauseelement
    ret = self._execute_context(
          ^^^^^^^^^^^^^^^^^^^^^^
  File "/usr/local/lib/python3.12/site-packages/sqlalchemy/engine/base.py", line 1846, in _execute_context
    return self._exec_single_context(
           ^^^^^^^^^^^^^^^^^^^^^^^^^^
  File "/usr/local/lib/python3.12/site-packages/sqlalchemy/engine/base.py", line 1986, in _exec_single_context
    self._handle_dbapi_exception(
  File "/usr/local/lib/python3.12/site-packages/sqlalchemy/engine/base.py", line 2355, in _handle_dbapi_exception
    raise sqlalchemy_exception.with_traceback(exc_info[2]) from e
  File "/usr/local/lib/python3.12/site-packages/sqlalchemy/engine/base.py", line 1967, in _exec_single_context
    self.dialect.do_execute(
  File "/usr/local/lib/python3.12/site-packages/sqlalchemy/engine/default.py", line 951, in do_execute
    cursor.execute(statement, parameters)
  File "/usr/local/lib/python3.12/site-packages/sqlalchemy/dialects/postgresql/asyncpg.py", line 580, in execute
    self._adapt_connection.await_(
  File "/usr/local/lib/python3.12/site-packages/sqlalchemy/util/_concurrency_py3k.py", line 132, in await_only
    return current.parent.switch(awaitable)  # type: ignore[no-any-return,attr-defined] # noqa: E501
           ^^^^^^^^^^^^^^^^^^^^^^^^^^^^^^^^
  File "/usr/local/lib/python3.12/site-packages/sqlalchemy/util/_concurrency_py3k.py", line 196, in greenlet_spawn
    value = await result
            ^^^^^^^^^^^^
  File "/usr/local/lib/python3.12/site-packages/sqlalchemy/dialects/postgresql/asyncpg.py", line 558, in 
_prepare_and_execute
    self._handle_exception(error)
  File "/usr/local/lib/python3.12/site-packages/sqlalchemy/dialects/postgresql/asyncpg.py", line 508, in 
_handle_exception
    self._adapt_connection._handle_exception(error)
  File "/usr/local/lib/python3.12/site-packages/sqlalchemy/dialects/postgresql/asyncpg.py", line 792, in 
_handle_exception
    raise translated_error from error
sqlalchemy.exc.IntegrityError: (sqlalchemy.dialects.postgresql.asyncpg.IntegrityError) <class 
'asyncpg.exceptions.UniqueViolationError'>: duplicate key value violates unique constraint "ix_orders_order_number"
DETAIL:  Key (order_number)=(35) already exists.
[SQL: INSERT INTO orders (order_number, user_id, status, order_type, delivery_address, delivery_latitude, 
delivery_longitude, delivery_distance_km, delivery_fee, delivery_distance_band_id, assigned_driver_id, assigned_at, 
completed_at, notes, id) VALUES ($1::INTEGER, $2::UUID, $3, $4, $5::VARCHAR, $6::NUMERIC(10, 7), $7::NUMERIC(10, 7), 
$8::NUMERIC(10, 3), $9::NUMERIC(10, 2), $10::UUID, $11::UUID, $12::TIMESTAMP WITH TIME ZONE, $13::TIMESTAMP WITH TIME 
ZONE, $14::VARCHAR, $15::UUID) RETURNING orders.created_at]
[parameters: (35, UUID('0ce35dca-d398-4600-9607-c80a9c594f93'), 'NEW', 'PICKUP', None, None, None, None, None, None, 
None, None, None, None, UUID('5a935478-3c78-4cc8-905c-8778a5792384'))]
(Background on this error at: https://sqlalche.me/e/20/gkpj)
{"ts": "2026-03-17T23:50:10.446815+00:00", "level": "INFO", "logger": "app.main", "message": "http.request", "event": 
"http.request", "method": "GET", "path": "/orders/9ab1f368-50fe-4d87-9bd8-59fbd57c07f4", "status_code": 200, 
"elapsed_ms": 189.1, "request_id": "9312a4e8-4cbc-4ba9-bcf6-22b290b59b53"}
{"ts": "2026-03-17T23:50:10.470431+00:00", "level": "INFO", "logger": "app.main", "message": "http.request", "event": 
"http.request", "method": "GET", "path": "/orders/993128c4-8874-4423-878a-d92eb0dc514b", "status_code": 200, 
"elapsed_ms": 297.18, "request_id": "26585a6e-f413-4d16-87bc-f1a82a690d75"}
{"ts": "2026-03-17T23:50:10.488346+00:00", "level": "ERROR", "logger": "app.main", "message": "http.request_failed", 
"event": "http.request_failed", "method": "POST", "path": "/orders", "status_code": 500, "elapsed_ms": 508.71, 
"request_id": "208413f2-c3af-48a5-9bef-52123f050077"}
ERROR:    Exception in ASGI application
  + Exception Group Traceback (most recent call last):
  |   File "/usr/local/lib/python3.12/site-packages/starlette/_utils.py", line 79, in collapse_excgroups
  |     yield
  |   File "/usr/local/lib/python3.12/site-packages/starlette/middleware/base.py", line 183, in __call__
  |     async with anyio.create_task_group() as task_group:
  |                ^^^^^^^^^^^^^^^^^^^^^^^^^
  |   File "/usr/local/lib/python3.12/site-packages/anyio/_backends/_asyncio.py", line 783, in __aexit__
  |     raise BaseExceptionGroup(
  | ExceptionGroup: unhandled errors in a TaskGroup (1 sub-exception)
  +-+---------------- 1 ----------------
    | Traceback (most recent call last):
    |   File "/usr/local/lib/python3.12/site-packages/uvicorn/protocols/http/httptools_impl.py", line 409, in run_asgi
    |     result = await app(  # type: ignore[func-returns-value]
    |              ^^^^^^^^^^^^^^^^^^^^^^^^^^^^^^^^^^^^^^^^^^^^^^
    |   File "/usr/local/lib/python3.12/site-packages/uvicorn/middleware/proxy_headers.py", line 60, in __call__
    |     return await self.app(scope, receive, send)
    |            ^^^^^^^^^^^^^^^^^^^^^^^^^^^^^^^^^^^^
    |   File "/usr/local/lib/python3.12/site-packages/fastapi/applications.py", line 1054, in __call__
    |     await super().__call__(scope, receive, send)
    |   File "/usr/local/lib/python3.12/site-packages/starlette/applications.py", line 113, in __call__
    |     await self.middleware_stack(scope, receive, send)
    |   File "/usr/local/lib/python3.12/site-packages/starlette/middleware/errors.py", line 186, in __call__
    |     raise exc
    |   File "/usr/local/lib/python3.12/site-packages/starlette/middleware/errors.py", line 164, in __call__
    |     await self.app(scope, receive, _send)
    |   File "/usr/local/lib/python3.12/site-packages/starlette/middleware/base.py", line 182, in __call__
    |     with recv_stream, send_stream, collapse_excgroups():
    |                                    ^^^^^^^^^^^^^^^^^^^^
    |   File "/usr/local/lib/python3.12/contextlib.py", line 158, in __exit__
    |     self.gen.throw(value)
    |   File "/usr/local/lib/python3.12/site-packages/starlette/_utils.py", line 85, in collapse_excgroups
    |     raise exc
    |   File "/usr/local/lib/python3.12/site-packages/starlette/middleware/base.py", line 184, in __call__
    |     response = await self.dispatch_func(request, call_next)
    |                ^^^^^^^^^^^^^^^^^^^^^^^^^^^^^^^^^^^^^^^^^^^^
    |   File "/app/app/main.py", line 35, in request_context_middleware
    |     response = await call_next(request)
    |                ^^^^^^^^^^^^^^^^^^^^^^^^
    |   File "/usr/local/lib/python3.12/site-packages/starlette/middleware/base.py", line 159, in call_next
    |     raise app_exc
    |   File "/usr/local/lib/python3.12/site-packages/starlette/middleware/base.py", line 144, in coro
    |     await self.app(scope, receive_or_disconnect, send_no_error)
    |   File "/usr/local/lib/python3.12/site-packages/starlette/middleware/exceptions.py", line 63, in __call__
    |     await wrap_app_handling_exceptions(self.app, conn)(scope, receive, send)
    |   File "/usr/local/lib/python3.12/site-packages/starlette/_exception_handler.py", line 53, in wrapped_app
    |     raise exc
    |   File "/usr/local/lib/python3.12/site-packages/starlette/_exception_handler.py", line 42, in wrapped_app
    |     await app(scope, receive, sender)
    |   File "/usr/local/lib/python3.12/site-packages/starlette/routing.py", line 716, in __call__
    |     await self.middleware_stack(scope, receive, send)
    |   File "/usr/local/lib/python3.12/site-packages/starlette/routing.py", line 736, in app
    |     await route.handle(scope, receive, send)
    |   File "/usr/local/lib/python3.12/site-packages/starlette/routing.py", line 290, in handle
    |     await self.app(scope, receive, send)
    |   File "/usr/local/lib/python3.12/site-packages/starlette/routing.py", line 78, in app
    |     await wrap_app_handling_exceptions(app, request)(scope, receive, send)
    |   File "/usr/local/lib/python3.12/site-packages/starlette/_exception_handler.py", line 53, in wrapped_app
    |     raise exc
    |   File "/usr/local/lib/python3.12/site-packages/starlette/_exception_handler.py", line 42, in wrapped_app
    |     await app(scope, receive, sender)
    |   File "/usr/local/lib/python3.12/site-packages/starlette/routing.py", line 75, in app
    |     response = await f(request)
    |                ^^^^^^^^^^^^^^^^
    |   File "/usr/local/lib/python3.12/site-packages/fastapi/routing.py", line 302, in app
    |     raw_response = await run_endpoint_function(
    |                    ^^^^^^^^^^^^^^^^^^^^^^^^^^^^
    |   File "/usr/local/lib/python3.12/site-packages/fastapi/routing.py", line 213, in run_endpoint_function
    |     return await dependant.call(**values)
    |            ^^^^^^^^^^^^^^^^^^^^^^^^^^^^^^
    |   File "/app/app/api/routes/orders.py", line 55, in create_order_endpoint
    |     order = await create_order(db, current_user, payload)
    |             ^^^^^^^^^^^^^^^^^^^^^^^^^^^^^^^^^^^^^^^^^^^^^
    |   File "/app/app/services/order_service.py", line 327, in create_order
    |     'actor_user_id': str(user.id),
    |                          ^^^^^^^
    |   File "/usr/local/lib/python3.12/site-packages/sqlalchemy/orm/attributes.py", line 569, in __get__
    |     return self.impl.get(state, dict_)  # type: ignore[no-any-return]
    |            ^^^^^^^^^^^^^^^^^^^^^^^^^^^
    |   File "/usr/local/lib/python3.12/site-packages/sqlalchemy/orm/attributes.py", line 1096, in get
    |     value = self._fire_loader_callables(state, key, passive)
    |             ^^^^^^^^^^^^^^^^^^^^^^^^^^^^^^^^^^^^^^^^^^^^^^^^
    |   File "/usr/local/lib/python3.12/site-packages/sqlalchemy/orm/attributes.py", line 1126, in 
_fire_loader_callables
    |     return state._load_expired(state, passive)
    |            ^^^^^^^^^^^^^^^^^^^^^^^^^^^^^^^^^^^
    |   File "/usr/local/lib/python3.12/site-packages/sqlalchemy/orm/state.py", line 803, in _load_expired
    |     self.manager.expired_attribute_loader(self, toload, passive)
    |   File "/usr/local/lib/python3.12/site-packages/sqlalchemy/orm/loading.py", line 1674, in load_scalar_attributes
    |     result = load_on_ident(
    |              ^^^^^^^^^^^^^^
    |   File "/usr/local/lib/python3.12/site-packages/sqlalchemy/orm/loading.py", line 510, in load_on_ident
    |     return load_on_pk_identity(
    |            ^^^^^^^^^^^^^^^^^^^^
    |   File "/usr/local/lib/python3.12/site-packages/sqlalchemy/orm/loading.py", line 695, in load_on_pk_identity
    |     session.execute(
    |   File "/usr/local/lib/python3.12/site-packages/sqlalchemy/orm/session.py", line 2365, in execute
    |     return self._execute_internal(
    |            ^^^^^^^^^^^^^^^^^^^^^^^
    |   File "/usr/local/lib/python3.12/site-packages/sqlalchemy/orm/session.py", line 2241, in _execute_internal
    |     conn = self._connection_for_bind(bind)
    |            ^^^^^^^^^^^^^^^^^^^^^^^^^^^^^^^
    |   File "/usr/local/lib/python3.12/site-packages/sqlalchemy/orm/session.py", line 2110, in _connection_for_bind
    |     return trans._connection_for_bind(engine, execution_options)
    |            ^^^^^^^^^^^^^^^^^^^^^^^^^^^^^^^^^^^^^^^^^^^^^^^^^^^^^
    |   File "<string>", line 2, in _connection_for_bind
    |   File "/usr/local/lib/python3.12/site-packages/sqlalchemy/orm/state_changes.py", line 137, in _go
    |     ret_value = fn(self, *arg, **kw)
    |                 ^^^^^^^^^^^^^^^^^^^^
    |   File "/usr/local/lib/python3.12/site-packages/sqlalchemy/orm/session.py", line 1189, in _connection_for_bind
    |     conn = bind.connect()
    |            ^^^^^^^^^^^^^^
    |   File "/usr/local/lib/python3.12/site-packages/sqlalchemy/engine/base.py", line 3277, in connect
    |     return self._connection_cls(self)
    |            ^^^^^^^^^^^^^^^^^^^^^^^^^^
    |   File "/usr/local/lib/python3.12/site-packages/sqlalchemy/engine/base.py", line 143, in __init__
    |     self._dbapi_connection = engine.raw_connection()
    |                              ^^^^^^^^^^^^^^^^^^^^^^^
    |   File "/usr/local/lib/python3.12/site-packages/sqlalchemy/engine/base.py", line 3301, in raw_connection
    |     return self.pool.connect()
    |            ^^^^^^^^^^^^^^^^^^^
    |   File "/usr/local/lib/python3.12/site-packages/sqlalchemy/pool/base.py", line 447, in connect
    |     return _ConnectionFairy._checkout(self)
    |            ^^^^^^^^^^^^^^^^^^^^^^^^^^^^^^^^
    |   File "/usr/local/lib/python3.12/site-packages/sqlalchemy/pool/base.py", line 1363, in _checkout
    |     with util.safe_reraise():
    |          ^^^^^^^^^^^^^^^^^^^
    |   File "/usr/local/lib/python3.12/site-packages/sqlalchemy/util/langhelpers.py", line 224, in __exit__
    |     raise exc_value.with_traceback(exc_tb)
    |   File "/usr/local/lib/python3.12/site-packages/sqlalchemy/pool/base.py", line 1301, in _checkout
    |     result = pool._dialect._do_ping_w_event(
    |              ^^^^^^^^^^^^^^^^^^^^^^^^^^^^^^^
    |   File "/usr/local/lib/python3.12/site-packages/sqlalchemy/engine/default.py", line 728, in _do_ping_w_event
    |     return self.do_ping(dbapi_connection)
    |            ^^^^^^^^^^^^^^^^^^^^^^^^^^^^^^
    |   File "/usr/local/lib/python3.12/site-packages/sqlalchemy/dialects/postgresql/asyncpg.py", line 1169, in do_ping
    |     dbapi_connection.ping()
    |   File "/usr/local/lib/python3.12/site-packages/sqlalchemy/dialects/postgresql/asyncpg.py", line 813, in ping
    |     self._handle_exception(error)
    |   File "/usr/local/lib/python3.12/site-packages/sqlalchemy/dialects/postgresql/asyncpg.py", line 794, in 
_handle_exception
    |     raise error
    |   File "/usr/local/lib/python3.12/site-packages/sqlalchemy/dialects/postgresql/asyncpg.py", line 811, in ping
    |     _ = self.await_(self._async_ping())
    |         ^^^^^^^^^^^^^^^^^^^^^^^^^^^^^^^
    |   File "/usr/local/lib/python3.12/site-packages/sqlalchemy/util/_concurrency_py3k.py", line 123, in await_only
    |     raise exc.MissingGreenlet(
    | sqlalchemy.exc.MissingGreenlet: greenlet_spawn has not been called; can't call await_only() here. Was IO 
attempted in an unexpected place? (Background on this error at: https://sqlalche.me/e/20/xd2s)
    +------------------------------------

During handling of the above exception, another exception occurred:

Traceback (most recent call last):
  File "/usr/local/lib/python3.12/site-packages/uvicorn/protocols/http/httptools_impl.py", line 409, in run_asgi
    result = await app(  # type: ignore[func-returns-value]
             ^^^^^^^^^^^^^^^^^^^^^^^^^^^^^^^^^^^^^^^^^^^^^^
  File "/usr/local/lib/python3.12/site-packages/uvicorn/middleware/proxy_headers.py", line 60, in __call__
    return await self.app(scope, receive, send)
           ^^^^^^^^^^^^^^^^^^^^^^^^^^^^^^^^^^^^
  File "/usr/local/lib/python3.12/site-packages/fastapi/applications.py", line 1054, in __call__
    await super().__call__(scope, receive, send)
  File "/usr/local/lib/python3.12/site-packages/starlette/applications.py", line 113, in __call__
    await self.middleware_stack(scope, receive, send)
  File "/usr/local/lib/python3.12/site-packages/starlette/middleware/errors.py", line 186, in __call__
    raise exc
  File "/usr/local/lib/python3.12/site-packages/starlette/middleware/errors.py", line 164, in __call__
    await self.app(scope, receive, _send)
  File "/usr/local/lib/python3.12/site-packages/starlette/middleware/base.py", line 182, in __call__
    with recv_stream, send_stream, collapse_excgroups():
                                   ^^^^^^^^^^^^^^^^^^^^
  File "/usr/local/lib/python3.12/contextlib.py", line 158, in __exit__
    self.gen.throw(value)
  File "/usr/local/lib/python3.12/site-packages/starlette/_utils.py", line 85, in collapse_excgroups
    raise exc
  File "/usr/local/lib/python3.12/site-packages/starlette/middleware/base.py", line 184, in __call__
    response = await self.dispatch_func(request, call_next)
               ^^^^^^^^^^^^^^^^^^^^^^^^^^^^^^^^^^^^^^^^^^^^
  File "/app/app/main.py", line 35, in request_context_middleware
    response = await call_next(request)
               ^^^^^^^^^^^^^^^^^^^^^^^^
  File "/usr/local/lib/python3.12/site-packages/starlette/middleware/base.py", line 159, in call_next
    raise app_exc
  File "/usr/local/lib/python3.12/site-packages/starlette/middleware/base.py", line 144, in coro
    await self.app(scope, receive_or_disconnect, send_no_error)
  File "/usr/local/lib/python3.12/site-packages/starlette/middleware/exceptions.py", line 63, in __call__
    await wrap_app_handling_exceptions(self.app, conn)(scope, receive, send)
  File "/usr/local/lib/python3.12/site-packages/starlette/_exception_handler.py", line 53, in wrapped_app
    raise exc
  File "/usr/local/lib/python3.12/site-packages/starlette/_exception_handler.py", line 42, in wrapped_app
    await app(scope, receive, sender)
  File "/usr/local/lib/python3.12/site-packages/starlette/routing.py", line 716, in __call__
    await self.middleware_stack(scope, receive, send)
  File "/usr/local/lib/python3.12/site-packages/starlette/routing.py", line 736, in app
    await route.handle(scope, receive, send)
  File "/usr/local/lib/python3.12/site-packages/starlette/routing.py", line 290, in handle
    await self.app(scope, receive, send)
  File "/usr/local/lib/python3.12/site-packages/starlette/routing.py", line 78, in app
    await wrap_app_handling_exceptions(app, request)(scope, receive, send)
  File "/usr/local/lib/python3.12/site-packages/starlette/_exception_handler.py", line 53, in wrapped_app
    raise exc
  File "/usr/local/lib/python3.12/site-packages/starlette/_exception_handler.py", line 42, in wrapped_app
    await app(scope, receive, sender)
  File "/usr/local/lib/python3.12/site-packages/starlette/routing.py", line 75, in app
    response = await f(request)
               ^^^^^^^^^^^^^^^^
  File "/usr/local/lib/python3.12/site-packages/fastapi/routing.py", line 302, in app
    raw_response = await run_endpoint_function(
                   ^^^^^^^^^^^^^^^^^^^^^^^^^^^^
  File "/usr/local/lib/python3.12/site-packages/fastapi/routing.py", line 213, in run_endpoint_function
    return await dependant.call(**values)
           ^^^^^^^^^^^^^^^^^^^^^^^^^^^^^^
  File "/app/app/api/routes/orders.py", line 55, in create_order_endpoint
    order = await create_order(db, current_user, payload)
            ^^^^^^^^^^^^^^^^^^^^^^^^^^^^^^^^^^^^^^^^^^^^^
  File "/app/app/services/order_service.py", line 327, in create_order
    'actor_user_id': str(user.id),
                         ^^^^^^^
  File "/usr/local/lib/python3.12/site-packages/sqlalchemy/orm/attributes.py", line 569, in __get__
    return self.impl.get(state, dict_)  # type: ignore[no-any-return]
           ^^^^^^^^^^^^^^^^^^^^^^^^^^^
  File "/usr/local/lib/python3.12/site-packages/sqlalchemy/orm/attributes.py", line 1096, in get
    value = self._fire_loader_callables(state, key, passive)
            ^^^^^^^^^^^^^^^^^^^^^^^^^^^^^^^^^^^^^^^^^^^^^^^^
  File "/usr/local/lib/python3.12/site-packages/sqlalchemy/orm/attributes.py", line 1126, in _fire_loader_callables
    return state._load_expired(state, passive)
           ^^^^^^^^^^^^^^^^^^^^^^^^^^^^^^^^^^^
  File "/usr/local/lib/python3.12/site-packages/sqlalchemy/orm/state.py", line 803, in _load_expired
    self.manager.expired_attribute_loader(self, toload, passive)
  File "/usr/local/lib/python3.12/site-packages/sqlalchemy/orm/loading.py", line 1674, in load_scalar_attributes
    result = load_on_ident(
             ^^^^^^^^^^^^^^
  File "/usr/local/lib/python3.12/site-packages/sqlalchemy/orm/loading.py", line 510, in load_on_ident
    return load_on_pk_identity(
           ^^^^^^^^^^^^^^^^^^^^
  File "/usr/local/lib/python3.12/site-packages/sqlalchemy/orm/loading.py", line 695, in load_on_pk_identity
    session.execute(
  File "/usr/local/lib/python3.12/site-packages/sqlalchemy/orm/session.py", line 2365, in execute
    return self._execute_internal(
           ^^^^^^^^^^^^^^^^^^^^^^^
  File "/usr/local/lib/python3.12/site-packages/sqlalchemy/orm/session.py", line 2241, in _execute_internal
    conn = self._connection_for_bind(bind)
           ^^^^^^^^^^^^^^^^^^^^^^^^^^^^^^^
  File "/usr/local/lib/python3.12/site-packages/sqlalchemy/orm/session.py", line 2110, in _connection_for_bind
    return trans._connection_for_bind(engine, execution_options)
           ^^^^^^^^^^^^^^^^^^^^^^^^^^^^^^^^^^^^^^^^^^^^^^^^^^^^^
  File "<string>", line 2, in _connection_for_bind
  File "/usr/local/lib/python3.12/site-packages/sqlalchemy/orm/state_changes.py", line 137, in _go
    ret_value = fn(self, *arg, **kw)
                ^^^^^^^^^^^^^^^^^^^^
  File "/usr/local/lib/python3.12/site-packages/sqlalchemy/orm/session.py", line 1189, in _connection_for_bind
    conn = bind.connect()
           ^^^^^^^^^^^^^^
  File "/usr/local/lib/python3.12/site-packages/sqlalchemy/engine/base.py", line 3277, in connect
    return self._connection_cls(self)
           ^^^^^^^^^^^^^^^^^^^^^^^^^^
  File "/usr/local/lib/python3.12/site-packages/sqlalchemy/engine/base.py", line 143, in __init__
    self._dbapi_connection = engine.raw_connection()
                             ^^^^^^^^^^^^^^^^^^^^^^^
  File "/usr/local/lib/python3.12/site-packages/sqlalchemy/engine/base.py", line 3301, in raw_connection
    return self.pool.connect()
           ^^^^^^^^^^^^^^^^^^^
  File "/usr/local/lib/python3.12/site-packages/sqlalchemy/pool/base.py", line 447, in connect
    return _ConnectionFairy._checkout(self)
           ^^^^^^^^^^^^^^^^^^^^^^^^^^^^^^^^
  File "/usr/local/lib/python3.12/site-packages/sqlalchemy/pool/base.py", line 1363, in _checkout
    with util.safe_reraise():
         ^^^^^^^^^^^^^^^^^^^
  File "/usr/local/lib/python3.12/site-packages/sqlalchemy/util/langhelpers.py", line 224, in __exit__
    raise exc_value.with_traceback(exc_tb)
  File "/usr/local/lib/python3.12/site-packages/sqlalchemy/pool/base.py", line 1301, in _checkout
    result = pool._dialect._do_ping_w_event(
             ^^^^^^^^^^^^^^^^^^^^^^^^^^^^^^^
  File "/usr/local/lib/python3.12/site-packages/sqlalchemy/engine/default.py", line 728, in _do_ping_w_event
    return self.do_ping(dbapi_connection)
           ^^^^^^^^^^^^^^^^^^^^^^^^^^^^^^
  File "/usr/local/lib/python3.12/site-packages/sqlalchemy/dialects/postgresql/asyncpg.py", line 1169, in do_ping
    dbapi_connection.ping()
  File "/usr/local/lib/python3.12/site-packages/sqlalchemy/dialects/postgresql/asyncpg.py", line 813, in ping
    self._handle_exception(error)
  File "/usr/local/lib/python3.12/site-packages/sqlalchemy/dialects/postgresql/asyncpg.py", line 794, in 
_handle_exception
    raise error
  File "/usr/local/lib/python3.12/site-packages/sqlalchemy/dialects/postgresql/asyncpg.py", line 811, in ping
    _ = self.await_(self._async_ping())
INFO:     172.19.0.1:53954 - "GET /orders/3d6864e2-17db-4353-bf26-d64dcbd63895 HTTP/1.1" 200 OK
        ^^^^^^^^^^^^^^^^^^^^^^^^^^^^^^^
  File "/usr/local/lib/python3.12/site-packages/sqlalchemy/util/_concurrency_py3k.py", line 123, in await_only
    raise exc.MissingGreenlet(
sqlalchemy.exc.MissingGreenlet: greenlet_spawn has not been called; can't call await_only() here. Was IO attempted in 
an unexpected place? (Background on this error at: https://sqlalche.me/e/20/xd2s)
INFO:     172.19.0.1:53974 - "POST /orders HTTP/1.1" 500 Internal Server Error
{"ts": "2026-03-17T23:50:10.536644+00:00", "level": "INFO", "logger": "app.services.order_service", "message": 
"order.created", "event": "order.created", "order_id": "bbf10c45-0991-4b4b-9b3c-b1a48a08cb4c", "order_number": 37, 
"order_type": "pickup", "status": "NEW", "actor_user_id": "0ce35dca-d398-4600-9607-c80a9c594f93"}
{"ts": "2026-03-17T23:50:10.539470+00:00", "level": "WARNING", "logger": "app.services.order_service", "message": 
"order.number_conflict_retry", "event": "order.number_conflict_retry", "attempt": 1, "actor_user_id": 
"0ce35dca-d398-4600-9607-c80a9c594f93"}
{"ts": "2026-03-17T23:50:10.540793+00:00", "level": "WARNING", "logger": "app.services.order_service", "message": 
"order.number_conflict_retry", "event": "order.number_conflict_retry", "attempt": 1, "actor_user_id": 
"0ce35dca-d398-4600-9607-c80a9c594f93"}
{"ts": "2026-03-17T23:50:10.544177+00:00", "level": "INFO", "logger": "app.main", "message": "http.request", "event": 
"http.request", "method": "GET", "path": "/orders/3d6864e2-17db-4353-bf26-d64dcbd63895", "status_code": 200, 
"elapsed_ms": 210.9, "request_id": "07a48dc0-1b53-4521-9a84-d10351c058d6"}
{"ts": "2026-03-17T23:50:10.593043+00:00", "level": "WARNING", "logger": "app.services.order_service", "message": 
"order.number_conflict_retry", "event": "order.number_conflict_retry", "attempt": 2, "actor_user_id": 
"0ce35dca-d398-4600-9607-c80a9c594f93"}
{"ts": "2026-03-17T23:50:10.595024+00:00", "level": "ERROR", "logger": "app.main", "message": "http.request_failed", 
"event": "http.request_failed", "method": "POST", "path": "/orders", "status_code": 500, "elapsed_ms": 148.74, 
"request_id": "f0ec876f-9c21-416d-9695-d5409b0a1f7e"}
ERROR:    Exception in ASGI application
  + Exception Group Traceback (most recent call last):
  |   File "/usr/local/lib/python3.12/site-packages/starlette/_utils.py", line 79, in collapse_excgroups
  |     yield
  |   File "/usr/local/lib/python3.12/site-packages/starlette/middleware/base.py", line 183, in __call__
  |     async with anyio.create_task_group() as task_group:
  |                ^^^^^^^^^^^^^^^^^^^^^^^^^
  |   File "/usr/local/lib/python3.12/site-packages/anyio/_backends/_asyncio.py", line 783, in __aexit__
  |     raise BaseExceptionGroup(
  | ExceptionGroup: unhandled errors in a TaskGroup (1 sub-exception)
  +-+---------------- 1 ----------------
    | Traceback (most recent call last):
    |   File "/usr/local/lib/python3.12/site-packages/uvicorn/protocols/http/httptools_impl.py", line 409, in run_asgi
    |     result = await app(  # type: ignore[func-returns-value]
    |              ^^^^^^^^^^^^^^^^^^^^^^^^^^^^^^^^^^^^^^^^^^^^^^
    |   File "/usr/local/lib/python3.12/site-packages/uvicorn/middleware/proxy_headers.py", line 60, in __call__
    |     return await self.app(scope, receive, send)
    |            ^^^^^^^^^^^^^^^^^^^^^^^^^^^^^^^^^^^^
    |   File "/usr/local/lib/python3.12/site-packages/fastapi/applications.py", line 1054, in __call__
    |     await super().__call__(scope, receive, send)
    |   File "/usr/local/lib/python3.12/site-packages/starlette/applications.py", line 113, in __call__
    |     await self.middleware_stack(scope, receive, send)
    |   File "/usr/local/lib/python3.12/site-packages/starlette/middleware/errors.py", line 186, in __call__
    |     raise exc
    |   File "/usr/local/lib/python3.12/site-packages/starlette/middleware/errors.py", line 164, in __call__
    |     await self.app(scope, receive, _send)
    |   File "/usr/local/lib/python3.12/site-packages/starlette/middleware/base.py", line 182, in __call__
    |     with recv_stream, send_stream, collapse_excgroups():
    |                                    ^^^^^^^^^^^^^^^^^^^^
    |   File "/usr/local/lib/python3.12/contextlib.py", line 158, in __exit__
    |     self.gen.throw(value)
    |   File "/usr/local/lib/python3.12/site-packages/starlette/_utils.py", line 85, in collapse_excgroups
    |     raise exc
    |   File "/usr/local/lib/python3.12/site-packages/starlette/middleware/base.py", line 184, in __call__
    |     response = await self.dispatch_func(request, call_next)
    |                ^^^^^^^^^^^^^^^^^^^^^^^^^^^^^^^^^^^^^^^^^^^^
    |   File "/app/app/main.py", line 35, in request_context_middleware
    |     response = await call_next(request)
    |                ^^^^^^^^^^^^^^^^^^^^^^^^
    |   File "/usr/local/lib/python3.12/site-packages/starlette/middleware/base.py", line 159, in call_next
    |     raise app_exc
    |   File "/usr/local/lib/python3.12/site-packages/starlette/middleware/base.py", line 144, in coro
    |     await self.app(scope, receive_or_disconnect, send_no_error)
    |   File "/usr/local/lib/python3.12/site-packages/starlette/middleware/exceptions.py", line 63, in __call__
    |     await wrap_app_handling_exceptions(self.app, conn)(scope, receive, send)
    |   File "/usr/local/lib/python3.12/site-packages/starlette/_exception_handler.py", line 53, in wrapped_app
    |     raise exc
    |   File "/usr/local/lib/python3.12/site-packages/starlette/_exception_handler.py", line 42, in wrapped_app
    |     await app(scope, receive, sender)
    |   File "/usr/local/lib/python3.12/site-packages/starlette/routing.py", line 716, in __call__
    |     await self.middleware_stack(scope, receive, send)
    |   File "/usr/local/lib/python3.12/site-packages/starlette/routing.py", line 736, in app
    |     await route.handle(scope, receive, send)
    |   File "/usr/local/lib/python3.12/site-packages/starlette/routing.py", line 290, in handle
    |     await self.app(scope, receive, send)
    |   File "/usr/local/lib/python3.12/site-packages/starlette/routing.py", line 78, in app
    |     await wrap_app_handling_exceptions(app, request)(scope, receive, send)
    |   File "/usr/local/lib/python3.12/site-packages/starlette/_exception_handler.py", line 53, in wrapped_app
    |     raise exc
    |   File "/usr/local/lib/python3.12/site-packages/starlette/_exception_handler.py", line 42, in wrapped_app
    |     await app(scope, receive, sender)
    |   File "/usr/local/lib/python3.12/site-packages/starlette/routing.py", line 75, in app
    |     response = await f(request)
    |                ^^^^^^^^^^^^^^^^
    |   File "/usr/local/lib/python3.12/site-packages/fastapi/routing.py", line 302, in app
    |     raw_response = await run_endpoint_function(
    |                    ^^^^^^^^^^^^^^^^^^^^^^^^^^^^
    |   File "/usr/local/lib/python3.12/site-packages/fastapi/routing.py", line 213, in run_endpoint_function
    |     return await dependant.call(**values)
    |            ^^^^^^^^^^^^^^^^^^^^^^^^^^^^^^
    |   File "/app/app/api/routes/orders.py", line 55, in create_order_endpoint
    |     order = await create_order(db, current_user, payload)
    |             ^^^^^^^^^^^^^^^^^^^^^^^^^^^^^^^^^^^^^^^^^^^^^
    |   File "/app/app/services/order_service.py", line 327, in create_order
    |     'actor_user_id': str(user.id),
    |                          ^^^^^^^
    |   File "/usr/local/lib/python3.12/site-packages/sqlalchemy/orm/attributes.py", line 569, in __get__
    |     return self.impl.get(state, dict_)  # type: ignore[no-any-return]
    |            ^^^^^^^^^^^^^^^^^^^^^^^^^^^
    |   File "/usr/local/lib/python3.12/site-packages/sqlalchemy/orm/attributes.py", line 1096, in get
    |     value = self._fire_loader_callables(state, key, passive)
    |             ^^^^^^^^^^^^^^^^^^^^^^^^^^^^^^^^^^^^^^^^^^^^^^^^
    |   File "/usr/local/lib/python3.12/site-packages/sqlalchemy/orm/attributes.py", line 1126, in 
_fire_loader_callables
    |     return state._load_expired(state, passive)
    |            ^^^^^^^^^^^^^^^^^^^^^^^^^^^^^^^^^^^
    |   File "/usr/local/lib/python3.12/site-packages/sqlalchemy/orm/state.py", line 803, in _load_expired
    |     self.manager.expired_attribute_loader(self, toload, passive)
    |   File "/usr/local/lib/python3.12/site-packages/sqlalchemy/orm/loading.py", line 1674, in load_scalar_attributes
    |     result = load_on_ident(
    |              ^^^^^^^^^^^^^^
    |   File "/usr/local/lib/python3.12/site-packages/sqlalchemy/orm/loading.py", line 510, in load_on_ident
    |     return load_on_pk_identity(
    |            ^^^^^^^^^^^^^^^^^^^^
    |   File "/usr/local/lib/python3.12/site-packages/sqlalchemy/orm/loading.py", line 695, in load_on_pk_identity
    |     session.execute(
    |   File "/usr/local/lib/python3.12/site-packages/sqlalchemy/orm/session.py", line 2365, in execute
    |     return self._execute_internal(
    |            ^^^^^^^^^^^^^^^^^^^^^^^
    |   File "/usr/local/lib/python3.12/site-packages/sqlalchemy/orm/session.py", line 2241, in _execute_internal
    |     conn = self._connection_for_bind(bind)
    |            ^^^^^^^^^^^^^^^^^^^^^^^^^^^^^^^
    |   File "/usr/local/lib/python3.12/site-packages/sqlalchemy/orm/session.py", line 2110, in _connection_for_bind
    |     return trans._connection_for_bind(engine, execution_options)
    |            ^^^^^^^^^^^^^^^^^^^^^^^^^^^^^^^^^^^^^^^^^^^^^^^^^^^^^
    |   File "<string>", line 2, in _connection_for_bind
    |   File "/usr/local/lib/python3.12/site-packages/sqlalchemy/orm/state_changes.py", line 137, in _go
    |     ret_value = fn(self, *arg, **kw)
    |                 ^^^^^^^^^^^^^^^^^^^^
    |   File "/usr/local/lib/python3.12/site-packages/sqlalchemy/orm/session.py", line 1189, in _connection_for_bind
    |     conn = bind.connect()
    |            ^^^^^^^^^^^^^^
    |   File "/usr/local/lib/python3.12/site-packages/sqlalchemy/engine/base.py", line 3277, in connect
    |     return self._connection_cls(self)
    |            ^^^^^^^^^^^^^^^^^^^^^^^^^^
    |   File "/usr/local/lib/python3.12/site-packages/sqlalchemy/engine/base.py", line 143, in __init__
    |     self._dbapi_connection = engine.raw_connection()
    |                              ^^^^^^^^^^^^^^^^^^^^^^^
    |   File "/usr/local/lib/python3.12/site-packages/sqlalchemy/engine/base.py", line 3301, in raw_connection
    |     return self.pool.connect()
    |            ^^^^^^^^^^^^^^^^^^^
    |   File "/usr/local/lib/python3.12/site-packages/sqlalchemy/pool/base.py", line 447, in connect
    |     return _ConnectionFairy._checkout(self)
    |            ^^^^^^^^^^^^^^^^^^^^^^^^^^^^^^^^
    |   File "/usr/local/lib/python3.12/site-packages/sqlalchemy/pool/base.py", line 1363, in _checkout
    |     with util.safe_reraise():
    |          ^^^^^^^^^^^^^^^^^^^
    |   File "/usr/local/lib/python3.12/site-packages/sqlalchemy/util/langhelpers.py", line 224, in __exit__
    |     raise exc_value.with_traceback(exc_tb)
    |   File "/usr/local/lib/python3.12/site-packages/sqlalchemy/pool/base.py", line 1301, in _checkout
    |     result = pool._dialect._do_ping_w_event(
    |              ^^^^^^^^^^^^^^^^^^^^^^^^^^^^^^^
    |   File "/usr/local/lib/python3.12/site-packages/sqlalchemy/engine/default.py", line 728, in _do_ping_w_event
    |     return self.do_ping(dbapi_connection)
    |            ^^^^^^^^^^^^^^^^^^^^^^^^^^^^^^
    |   File "/usr/local/lib/python3.12/site-packages/sqlalchemy/dialects/postgresql/asyncpg.py", line 1169, in do_ping
    |     dbapi_connection.ping()
    |   File "/usr/local/lib/python3.12/site-packages/sqlalchemy/dialects/postgresql/asyncpg.py", line 813, in ping
    |     self._handle_exception(error)
    |   File "/usr/local/lib/python3.12/site-packages/sqlalchemy/dialects/postgresql/asyncpg.py", line 794, in 
_handle_exception
    |     raise error
    |   File "/usr/local/lib/python3.12/site-packages/sqlalchemy/dialects/postgresql/asyncpg.py", line 811, in ping
    |     _ = self.await_(self._async_ping())
    |         ^^^^^^^^^^^^^^^^^^^^^^^^^^^^^^^
    |   File "/usr/local/lib/python3.12/site-packages/sqlalchemy/util/_concurrency_py3k.py", line 123, in await_only
    |     raise exc.MissingGreenlet(
    | sqlalchemy.exc.MissingGreenlet: greenlet_spawn has not been called; can't call await_only() here. Was IO 
attempted in an unexpected place? (Background on this error at: https://sqlalche.me/e/20/xd2s)
    +------------------------------------

During handling of the above exception, another exception occurred:

Traceback (most recent call last):
  File "/usr/local/lib/python3.12/site-packages/uvicorn/protocols/http/httptools_impl.py", line 409, in run_asgi
    result = await app(  # type: ignore[func-returns-value]
             ^^^^^^^^^^^^^^^^^^^^^^^^^^^^^^^^^^^^^^^^^^^^^^
  File "/usr/local/lib/python3.12/site-packages/uvicorn/middleware/proxy_headers.py", line 60, in __call__
    return await self.app(scope, receive, send)
           ^^^^^^^^^^^^^^^^^^^^^^^^^^^^^^^^^^^^
  File "/usr/local/lib/python3.12/site-packages/fastapi/applications.py", line 1054, in __call__
    await super().__call__(scope, receive, send)
  File "/usr/local/lib/python3.12/site-packages/starlette/applications.py", line 113, in __call__
    await self.middleware_stack(scope, receive, send)
  File "/usr/local/lib/python3.12/site-packages/starlette/middleware/errors.py", line 186, in __call__
    raise exc
  File "/usr/local/lib/python3.12/site-packages/starlette/middleware/errors.py", line 164, in __call__
    await self.app(scope, receive, _send)
  File "/usr/local/lib/python3.12/site-packages/starlette/middleware/base.py", line 182, in __call__
    with recv_stream, send_stream, collapse_excgroups():
                                   ^^^^^^^^^^^^^^^^^^^^
  File "/usr/local/lib/python3.12/contextlib.py", line 158, in __exit__
    self.gen.throw(value)
  File "/usr/local/lib/python3.12/site-packages/starlette/_utils.py", line 85, in collapse_excgroups
    raise exc
  File "/usr/local/lib/python3.12/site-packages/starlette/middleware/base.py", line 184, in __call__
    response = await self.dispatch_func(request, call_next)
               ^^^^^^^^^^^^^^^^^^^^^^^^^^^^^^^^^^^^^^^^^^^^
  File "/app/app/main.py", line 35, in request_context_middleware
    response = await call_next(request)
               ^^^^^^^^^^^^^^^^^^^^^^^^
  File "/usr/local/lib/python3.12/site-packages/starlette/middleware/base.py", line 159, in call_next
    raise app_exc
  File "/usr/local/lib/python3.12/site-packages/starlette/middleware/base.py", line 144, in coro
    await self.app(scope, receive_or_disconnect, send_no_error)
  File "/usr/local/lib/python3.12/site-packages/starlette/middleware/exceptions.py", line 63, in __call__
    await wrap_app_handling_exceptions(self.app, conn)(scope, receive, send)
  File "/usr/local/lib/python3.12/site-packages/starlette/_exception_handler.py", line 53, in wrapped_app
    raise exc
  File "/usr/local/lib/python3.12/site-packages/starlette/_exception_handler.py", line 42, in wrapped_app
    await app(scope, receive, sender)
  File "/usr/local/lib/python3.12/site-packages/starlette/routing.py", line 716, in __call__
    await self.middleware_stack(scope, receive, send)
  File "/usr/local/lib/python3.12/site-packages/starlette/routing.py", line 736, in app
    await route.handle(scope, receive, send)
  File "/usr/local/lib/python3.12/site-packages/starlette/routing.py", line 290, in handle
    await self.app(scope, receive, send)
  File "/usr/local/lib/python3.12/site-packages/starlette/routing.py", line 78, in app
    await wrap_app_handling_exceptions(app, request)(scope, receive, send)
  File "/usr/local/lib/python3.12/site-packages/starlette/_exception_handler.py", line 53, in wrapped_app
    raise exc
  File "/usr/local/lib/python3.12/site-packages/starlette/_exception_handler.py", line 42, in wrapped_app
    await app(scope, receive, sender)
  File "/usr/local/lib/python3.12/site-packages/starlette/routing.py", line 75, in app
    response = await f(request)
               ^^^^^^^^^^^^^^^^
  File "/usr/local/lib/python3.12/site-packages/fastapi/routing.py", line 302, in app
    raw_response = await run_endpoint_function(
                   ^^^^^^^^^^^^^^^^^^^^^^^^^^^^
  File "/usr/local/lib/python3.12/site-packages/fastapi/routing.py", line 213, in run_endpoint_function
    return await dependant.call(**values)
           ^^^^^^^^^^^^^^^^^^^^^^^^^^^^^^
  File "/app/app/api/routes/orders.py", line 55, in create_order_endpoint
    order = await create_order(db, current_user, payload)
            ^^^^^^^^^^^^^^^^^^^^^^^^^^^^^^^^^^^^^^^^^^^^^
  File "/app/app/services/order_service.py", line 327, in create_order
    'actor_user_id': str(user.id),
                         ^^^^^^^
  File "/usr/local/lib/python3.12/site-packages/sqlalchemy/orm/attributes.py", line 569, in __get__
    return self.impl.get(state, dict_)  # type: ignore[no-any-return]
           ^^^^^^^^^^^^^^^^^^^^^^^^^^^
  File "/usr/local/lib/python3.12/site-packages/sqlalchemy/orm/attributes.py", line 1096, in get
    value = self._fire_loader_callables(state, key, passive)
            ^^^^^^^^^^^^^^^^^^^^^^^^^^^^^^^^^^^^^^^^^^^^^^^^
  File "/usr/local/lib/python3.12/site-packages/sqlalchemy/orm/attributes.py", line 1126, in _fire_loader_callables
    return state._load_expired(state, passive)
           ^^^^^^^^^^^^^^^^^^^^^^^^^^^^^^^^^^^
  File "/usr/local/lib/python3.12/site-packages/sqlalchemy/orm/state.py", line 803, in _load_expired
    self.manager.expired_attribute_loader(self, toload, passive)
  File "/usr/local/lib/python3.12/site-packages/sqlalchemy/orm/loading.py", line 1674, in load_scalar_attributes
    result = load_on_ident(
             ^^^^^^^^^^^^^^
  File "/usr/local/lib/python3.12/site-packages/sqlalchemy/orm/loading.py", line 510, in load_on_ident
    return load_on_pk_identity(
           ^^^^^^^^^^^^^^^^^^^^
  File "/usr/local/lib/python3.12/site-packages/sqlalchemy/orm/loading.py", line 695, in load_on_pk_identity
    session.execute(
  File "/usr/local/lib/python3.12/site-packages/sqlalchemy/orm/session.py", line 2365, in execute
    return self._execute_internal(
           ^^^^^^^^^^^^^^^^^^^^^^^
INFO:     172.19.0.1:53938 - "POST /orders HTTP/1.1" 201 Created
INFO:     172.19.0.1:53976 - "POST /orders HTTP/1.1" 201 Created
INFO:     172.19.0.1:53962 - "POST /orders HTTP/1.1" 500 Internal Server Error
  File "/usr/local/lib/python3.12/site-packages/sqlalchemy/orm/session.py", line 2241, in _execute_internal
    conn = self._connection_for_bind(bind)
           ^^^^^^^^^^^^^^^^^^^^^^^^^^^^^^^
  File "/usr/local/lib/python3.12/site-packages/sqlalchemy/orm/session.py", line 2110, in _connection_for_bind
    return trans._connection_for_bind(engine, execution_options)
           ^^^^^^^^^^^^^^^^^^^^^^^^^^^^^^^^^^^^^^^^^^^^^^^^^^^^^
  File "<string>", line 2, in _connection_for_bind
  File "/usr/local/lib/python3.12/site-packages/sqlalchemy/orm/state_changes.py", line 137, in _go
    ret_value = fn(self, *arg, **kw)
                ^^^^^^^^^^^^^^^^^^^^
  File "/usr/local/lib/python3.12/site-packages/sqlalchemy/orm/session.py", line 1189, in _connection_for_bind
    conn = bind.connect()
           ^^^^^^^^^^^^^^
  File "/usr/local/lib/python3.12/site-packages/sqlalchemy/engine/base.py", line 3277, in connect
    return self._connection_cls(self)
           ^^^^^^^^^^^^^^^^^^^^^^^^^^
  File "/usr/local/lib/python3.12/site-packages/sqlalchemy/engine/base.py", line 143, in __init__
    self._dbapi_connection = engine.raw_connection()
                             ^^^^^^^^^^^^^^^^^^^^^^^
  File "/usr/local/lib/python3.12/site-packages/sqlalchemy/engine/base.py", line 3301, in raw_connection
    return self.pool.connect()
           ^^^^^^^^^^^^^^^^^^^
  File "/usr/local/lib/python3.12/site-packages/sqlalchemy/pool/base.py", line 447, in connect
    return _ConnectionFairy._checkout(self)
           ^^^^^^^^^^^^^^^^^^^^^^^^^^^^^^^^
  File "/usr/local/lib/python3.12/site-packages/sqlalchemy/pool/base.py", line 1363, in _checkout
    with util.safe_reraise():
         ^^^^^^^^^^^^^^^^^^^
  File "/usr/local/lib/python3.12/site-packages/sqlalchemy/util/langhelpers.py", line 224, in __exit__
    raise exc_value.with_traceback(exc_tb)
  File "/usr/local/lib/python3.12/site-packages/sqlalchemy/pool/base.py", line 1301, in _checkout
    result = pool._dialect._do_ping_w_event(
             ^^^^^^^^^^^^^^^^^^^^^^^^^^^^^^^
  File "/usr/local/lib/python3.12/site-packages/sqlalchemy/engine/default.py", line 728, in _do_ping_w_event
    return self.do_ping(dbapi_connection)
           ^^^^^^^^^^^^^^^^^^^^^^^^^^^^^^
  File "/usr/local/lib/python3.12/site-packages/sqlalchemy/dialects/postgresql/asyncpg.py", line 1169, in do_ping
    dbapi_connection.ping()
  File "/usr/local/lib/python3.12/site-packages/sqlalchemy/dialects/postgresql/asyncpg.py", line 813, in ping
    self._handle_exception(error)
  File "/usr/local/lib/python3.12/site-packages/sqlalchemy/dialects/postgresql/asyncpg.py", line 794, in 
_handle_exception
    raise error
  File "/usr/local/lib/python3.12/site-packages/sqlalchemy/dialects/postgresql/asyncpg.py", line 811, in ping
    _ = self.await_(self._async_ping())
        ^^^^^^^^^^^^^^^^^^^^^^^^^^^^^^^
  File "/usr/local/lib/python3.12/site-packages/sqlalchemy/util/_concurrency_py3k.py", line 123, in await_only
    raise exc.MissingGreenlet(
sqlalchemy.exc.MissingGreenlet: greenlet_spawn has not been called; can't call await_only() here. Was IO attempted in 
an unexpected place? (Background on this error at: https://sqlalche.me/e/20/xd2s)
{"ts": "2026-03-17T23:50:10.640702+00:00", "level": "INFO", "logger": "app.main", "message": "http.request", "event": 
"http.request", "method": "POST", "path": "/orders", "status_code": 201, "elapsed_ms": 311.43, "request_id": 
"b3f16ce8-239c-42d8-97c1-5b6ad94c0b24"}
{"ts": "2026-03-17T23:50:10.644147+00:00", "level": "INFO", "logger": "app.services.order_service", "message": 
"order.created", "event": "order.created", "order_id": "004489c7-e895-468c-b64d-60dca5e61781", "order_number": 39, 
"order_type": "pickup", "status": "NEW", "actor_user_id": "0ce35dca-d398-4600-9607-c80a9c594f93"}
{"ts": "2026-03-17T23:50:10.646392+00:00", "level": "WARNING", "logger": "app.services.order_service", "message": 
"order.number_conflict_retry", "event": "order.number_conflict_retry", "attempt": 1, "actor_user_id": 
"0ce35dca-d398-4600-9607-c80a9c594f93"}
{"ts": "2026-03-17T23:50:10.686997+00:00", "level": "INFO", "logger": "app.main", "message": "http.request", "event": 
"http.request", "method": "POST", "path": "/orders", "status_code": 201, "elapsed_ms": 217.49, "request_id": 
"a926a19d-8ac3-47d9-93e4-99a2f238eda2"}
{"ts": "2026-03-17T23:50:10.703482+00:00", "level": "ERROR", "logger": "app.main", "message": "http.request_failed", 
"event": "http.request_failed", "method": "POST", "path": "/orders", "status_code": 500, "elapsed_ms": 352.4, 
"request_id": "337fa98c-2ad7-422c-affd-24e9e657c7e8"}
ERROR:    Exception in ASGI application
  + Exception Group Traceback (most recent call last):
  |   File "/usr/local/lib/python3.12/site-packages/starlette/_utils.py", line 79, in collapse_excgroups
  |     yield
  |   File "/usr/local/lib/python3.12/site-packages/starlette/middleware/base.py", line 183, in __call__
  |     async with anyio.create_task_group() as task_group:
  |                ^^^^^^^^^^^^^^^^^^^^^^^^^
  |   File "/usr/local/lib/python3.12/site-packages/anyio/_backends/_asyncio.py", line 783, in __aexit__
  |     raise BaseExceptionGroup(
  | ExceptionGroup: unhandled errors in a TaskGroup (1 sub-exception)
  +-+---------------- 1 ----------------
    | Traceback (most recent call last):
    |   File "/usr/local/lib/python3.12/site-packages/uvicorn/protocols/http/httptools_impl.py", line 409, in run_asgi
    |     result = await app(  # type: ignore[func-returns-value]
    |              ^^^^^^^^^^^^^^^^^^^^^^^^^^^^^^^^^^^^^^^^^^^^^^
    |   File "/usr/local/lib/python3.12/site-packages/uvicorn/middleware/proxy_headers.py", line 60, in __call__
    |     return await self.app(scope, receive, send)
    |            ^^^^^^^^^^^^^^^^^^^^^^^^^^^^^^^^^^^^
    |   File "/usr/local/lib/python3.12/site-packages/fastapi/applications.py", line 1054, in __call__
    |     await super().__call__(scope, receive, send)
    |   File "/usr/local/lib/python3.12/site-packages/starlette/applications.py", line 113, in __call__
    |     await self.middleware_stack(scope, receive, send)
    |   File "/usr/local/lib/python3.12/site-packages/starlette/middleware/errors.py", line 186, in __call__
    |     raise exc
    |   File "/usr/local/lib/python3.12/site-packages/starlette/middleware/errors.py", line 164, in __call__
    |     await self.app(scope, receive, _send)
    |   File "/usr/local/lib/python3.12/site-packages/starlette/middleware/base.py", line 182, in __call__
    |     with recv_stream, send_stream, collapse_excgroups():
    |                                    ^^^^^^^^^^^^^^^^^^^^
    |   File "/usr/local/lib/python3.12/contextlib.py", line 158, in __exit__
    |     self.gen.throw(value)
    |   File "/usr/local/lib/python3.12/site-packages/starlette/_utils.py", line 85, in collapse_excgroups
    |     raise exc
    |   File "/usr/local/lib/python3.12/site-packages/starlette/middleware/base.py", line 184, in __call__
    |     response = await self.dispatch_func(request, call_next)
    |                ^^^^^^^^^^^^^^^^^^^^^^^^^^^^^^^^^^^^^^^^^^^^
    |   File "/app/app/main.py", line 35, in request_context_middleware
    |     response = await call_next(request)
    |                ^^^^^^^^^^^^^^^^^^^^^^^^
    |   File "/usr/local/lib/python3.12/site-packages/starlette/middleware/base.py", line 159, in call_next
    |     raise app_exc
    |   File "/usr/local/lib/python3.12/site-packages/starlette/middleware/base.py", line 144, in coro
    |     await self.app(scope, receive_or_disconnect, send_no_error)
    |   File "/usr/local/lib/python3.12/site-packages/starlette/middleware/exceptions.py", line 63, in __call__
    |     await wrap_app_handling_exceptions(self.app, conn)(scope, receive, send)
    |   File "/usr/local/lib/python3.12/site-packages/starlette/_exception_handler.py", line 53, in wrapped_app
    |     raise exc
    |   File "/usr/local/lib/python3.12/site-packages/starlette/_exception_handler.py", line 42, in wrapped_app
    |     await app(scope, receive, sender)
    |   File "/usr/local/lib/python3.12/site-packages/starlette/routing.py", line 716, in __call__
    |     await self.middleware_stack(scope, receive, send)
    |   File "/usr/local/lib/python3.12/site-packages/starlette/routing.py", line 736, in app
    |     await route.handle(scope, receive, send)
    |   File "/usr/local/lib/python3.12/site-packages/starlette/routing.py", line 290, in handle
    |     await self.app(scope, receive, send)
    |   File "/usr/local/lib/python3.12/site-packages/starlette/routing.py", line 78, in app
    |     await wrap_app_handling_exceptions(app, request)(scope, receive, send)
    |   File "/usr/local/lib/python3.12/site-packages/starlette/_exception_handler.py", line 53, in wrapped_app
    |     raise exc
    |   File "/usr/local/lib/python3.12/site-packages/starlette/_exception_handler.py", line 42, in wrapped_app
    |     await app(scope, receive, sender)
    |   File "/usr/local/lib/python3.12/site-packages/starlette/routing.py", line 75, in app
    |     response = await f(request)
    |                ^^^^^^^^^^^^^^^^
    |   File "/usr/local/lib/python3.12/site-packages/fastapi/routing.py", line 302, in app
    |     raw_response = await run_endpoint_function(
    |                    ^^^^^^^^^^^^^^^^^^^^^^^^^^^^
    |   File "/usr/local/lib/python3.12/site-packages/fastapi/routing.py", line 213, in run_endpoint_function
    |     return await dependant.call(**values)
    |            ^^^^^^^^^^^^^^^^^^^^^^^^^^^^^^
    |   File "/app/app/api/routes/orders.py", line 55, in create_order_endpoint
    |     order = await create_order(db, current_user, payload)
    |             ^^^^^^^^^^^^^^^^^^^^^^^^^^^^^^^^^^^^^^^^^^^^^
    |   File "/app/app/services/order_service.py", line 327, in create_order
    |     'actor_user_id': str(user.id),
    |                          ^^^^^^^
    |   File "/usr/local/lib/python3.12/site-packages/sqlalchemy/orm/attributes.py", line 569, in __get__
    |     return self.impl.get(state, dict_)  # type: ignore[no-any-return]
    |            ^^^^^^^^^^^^^^^^^^^^^^^^^^^
    |   File "/usr/local/lib/python3.12/site-packages/sqlalchemy/orm/attributes.py", line 1096, in get
    |     value = self._fire_loader_callables(state, key, passive)
    |             ^^^^^^^^^^^^^^^^^^^^^^^^^^^^^^^^^^^^^^^^^^^^^^^^
    |   File "/usr/local/lib/python3.12/site-packages/sqlalchemy/orm/attributes.py", line 1126, in 
_fire_loader_callables
    |     return state._load_expired(state, passive)
    |            ^^^^^^^^^^^^^^^^^^^^^^^^^^^^^^^^^^^
    |   File "/usr/local/lib/python3.12/site-packages/sqlalchemy/orm/state.py", line 803, in _load_expired
    |     self.manager.expired_attribute_loader(self, toload, passive)
    |   File "/usr/local/lib/python3.12/site-packages/sqlalchemy/orm/loading.py", line 1674, in load_scalar_attributes
    |     result = load_on_ident(
    |              ^^^^^^^^^^^^^^
    |   File "/usr/local/lib/python3.12/site-packages/sqlalchemy/orm/loading.py", line 510, in load_on_ident
    |     return load_on_pk_identity(
    |            ^^^^^^^^^^^^^^^^^^^^
    |   File "/usr/local/lib/python3.12/site-packages/sqlalchemy/orm/loading.py", line 695, in load_on_pk_identity
    |     session.execute(
    |   File "/usr/local/lib/python3.12/site-packages/sqlalchemy/orm/session.py", line 2365, in execute
    |     return self._execute_internal(
    |            ^^^^^^^^^^^^^^^^^^^^^^^
    |   File "/usr/local/lib/python3.12/site-packages/sqlalchemy/orm/session.py", line 2241, in _execute_internal
    |     conn = self._connection_for_bind(bind)
    |            ^^^^^^^^^^^^^^^^^^^^^^^^^^^^^^^
    |   File "/usr/local/lib/python3.12/site-packages/sqlalchemy/orm/session.py", line 2110, in _connection_for_bind
    |     return trans._connection_for_bind(engine, execution_options)
    |            ^^^^^^^^^^^^^^^^^^^^^^^^^^^^^^^^^^^^^^^^^^^^^^^^^^^^^
    |   File "<string>", line 2, in _connection_for_bind
    |   File "/usr/local/lib/python3.12/site-packages/sqlalchemy/orm/state_changes.py", line 137, in _go
    |     ret_value = fn(self, *arg, **kw)
    |                 ^^^^^^^^^^^^^^^^^^^^
    |   File "/usr/local/lib/python3.12/site-packages/sqlalchemy/orm/session.py", line 1189, in _connection_for_bind
    |     conn = bind.connect()
    |            ^^^^^^^^^^^^^^
    |   File "/usr/local/lib/python3.12/site-packages/sqlalchemy/engine/base.py", line 3277, in connect
    |     return self._connection_cls(self)
    |            ^^^^^^^^^^^^^^^^^^^^^^^^^^
    |   File "/usr/local/lib/python3.12/site-packages/sqlalchemy/engine/base.py", line 143, in __init__
    |     self._dbapi_connection = engine.raw_connection()
    |                              ^^^^^^^^^^^^^^^^^^^^^^^
    |   File "/usr/local/lib/python3.12/site-packages/sqlalchemy/engine/base.py", line 3301, in raw_connection
    |     return self.pool.connect()
    |            ^^^^^^^^^^^^^^^^^^^
    |   File "/usr/local/lib/python3.12/site-packages/sqlalchemy/pool/base.py", line 447, in connect
    |     return _ConnectionFairy._checkout(self)
    |            ^^^^^^^^^^^^^^^^^^^^^^^^^^^^^^^^
    |   File "/usr/local/lib/python3.12/site-packages/sqlalchemy/pool/base.py", line 1363, in _checkout
    |     with util.safe_reraise():
    |          ^^^^^^^^^^^^^^^^^^^
    |   File "/usr/local/lib/python3.12/site-packages/sqlalchemy/util/langhelpers.py", line 224, in __exit__
    |     raise exc_value.with_traceback(exc_tb)
    |   File "/usr/local/lib/python3.12/site-packages/sqlalchemy/pool/base.py", line 1301, in _checkout
    |     result = pool._dialect._do_ping_w_event(
    |              ^^^^^^^^^^^^^^^^^^^^^^^^^^^^^^^
    |   File "/usr/local/lib/python3.12/site-packages/sqlalchemy/engine/default.py", line 728, in _do_ping_w_event
    |     return self.do_ping(dbapi_connection)
    |            ^^^^^^^^^^^^^^^^^^^^^^^^^^^^^^
    |   File "/usr/local/lib/python3.12/site-packages/sqlalchemy/dialects/postgresql/asyncpg.py", line 1169, in do_ping
    |     dbapi_connection.ping()
    |   File "/usr/local/lib/python3.12/site-packages/sqlalchemy/dialects/postgresql/asyncpg.py", line 813, in ping
    |     self._handle_exception(error)
    |   File "/usr/local/lib/python3.12/site-packages/sqlalchemy/dialects/postgresql/asyncpg.py", line 794, in 
_handle_exception
    |     raise error
    |   File "/usr/local/lib/python3.12/site-packages/sqlalchemy/dialects/postgresql/asyncpg.py", line 811, in ping
    |     _ = self.await_(self._async_ping())
    |         ^^^^^^^^^^^^^^^^^^^^^^^^^^^^^^^
    |   File "/usr/local/lib/python3.12/site-packages/sqlalchemy/util/_concurrency_py3k.py", line 123, in await_only
    |     raise exc.MissingGreenlet(
    | sqlalchemy.exc.MissingGreenlet: greenlet_spawn has not been called; can't call await_only() here. Was IO 
attempted in an unexpected place? (Background on this error at: https://sqlalche.me/e/20/xd2s)
    +------------------------------------

During handling of the above exception, another exception occurred:

Traceback (most recent call last):
  File "/usr/local/lib/python3.12/site-packages/uvicorn/protocols/http/httptools_impl.py", line 409, in run_asgi
    result = await app(  # type: ignore[func-returns-value]
             ^^^^^^^^^^^^^^^^^^^^^^^^^^^^^^^^^^^^^^^^^^^^^^
  File "/usr/local/lib/python3.12/site-packages/uvicorn/middleware/proxy_headers.py", line 60, in __call__
    return await self.app(scope, receive, send)
           ^^^^^^^^^^^^^^^^^^^^^^^^^^^^^^^^^^^^
  File "/usr/local/lib/python3.12/site-packages/fastapi/applications.py", line 1054, in __call__
    await super().__call__(scope, receive, send)
  File "/usr/local/lib/python3.12/site-packages/starlette/applications.py", line 113, in __call__
    await self.middleware_stack(scope, receive, send)
  File "/usr/local/lib/python3.12/site-packages/starlette/middleware/errors.py", line 186, in __call__
    raise exc
  File "/usr/local/lib/python3.12/site-packages/starlette/middleware/errors.py", line 164, in __call__
    await self.app(scope, receive, _send)
  File "/usr/local/lib/python3.12/site-packages/starlette/middleware/base.py", line 182, in __call__
    with recv_stream, send_stream, collapse_excgroups():
                                   ^^^^^^^^^^^^^^^^^^^^
  File "/usr/local/lib/python3.12/contextlib.py", line 158, in __exit__
    self.gen.throw(value)
  File "/usr/local/lib/python3.12/site-packages/starlette/_utils.py", line 85, in collapse_excgroups
    raise exc
  File "/usr/local/lib/python3.12/site-packages/starlette/middleware/base.py", line 184, in __call__
    response = await self.dispatch_func(request, call_next)
               ^^^^^^^^^^^^^^^^^^^^^^^^^^^^^^^^^^^^^^^^^^^^
INFO:     172.19.0.1:53960 - "POST /orders HTTP/1.1" 500 Internal Server Error
  File "/app/app/main.py", line 35, in request_context_middleware
    response = await call_next(request)
               ^^^^^^^^^^^^^^^^^^^^^^^^
  File "/usr/local/lib/python3.12/site-packages/starlette/middleware/base.py", line 159, in call_next
    raise app_exc
  File "/usr/local/lib/python3.12/site-packages/starlette/middleware/base.py", line 144, in coro
    await self.app(scope, receive_or_disconnect, send_no_error)
  File "/usr/local/lib/python3.12/site-packages/starlette/middleware/exceptions.py", line 63, in __call__
    await wrap_app_handling_exceptions(self.app, conn)(scope, receive, send)
  File "/usr/local/lib/python3.12/site-packages/starlette/_exception_handler.py", line 53, in wrapped_app
    raise exc
  File "/usr/local/lib/python3.12/site-packages/starlette/_exception_handler.py", line 42, in wrapped_app
    await app(scope, receive, sender)
  File "/usr/local/lib/python3.12/site-packages/starlette/routing.py", line 716, in __call__
    await self.middleware_stack(scope, receive, send)
  File "/usr/local/lib/python3.12/site-packages/starlette/routing.py", line 736, in app
    await route.handle(scope, receive, send)
  File "/usr/local/lib/python3.12/site-packages/starlette/routing.py", line 290, in handle
    await self.app(scope, receive, send)
  File "/usr/local/lib/python3.12/site-packages/starlette/routing.py", line 78, in app
    await wrap_app_handling_exceptions(app, request)(scope, receive, send)
  File "/usr/local/lib/python3.12/site-packages/starlette/_exception_handler.py", line 53, in wrapped_app
    raise exc
  File "/usr/local/lib/python3.12/site-packages/starlette/_exception_handler.py", line 42, in wrapped_app
    await app(scope, receive, sender)
  File "/usr/local/lib/python3.12/site-packages/starlette/routing.py", line 75, in app
    response = await f(request)
               ^^^^^^^^^^^^^^^^
  File "/usr/local/lib/python3.12/site-packages/fastapi/routing.py", line 302, in app
    raw_response = await run_endpoint_function(
                   ^^^^^^^^^^^^^^^^^^^^^^^^^^^^
  File "/usr/local/lib/python3.12/site-packages/fastapi/routing.py", line 213, in run_endpoint_function
    return await dependant.call(**values)
           ^^^^^^^^^^^^^^^^^^^^^^^^^^^^^^
  File "/app/app/api/routes/orders.py", line 55, in create_order_endpoint
    order = await create_order(db, current_user, payload)
            ^^^^^^^^^^^^^^^^^^^^^^^^^^^^^^^^^^^^^^^^^^^^^
  File "/app/app/services/order_service.py", line 327, in create_order
    'actor_user_id': str(user.id),
                         ^^^^^^^
  File "/usr/local/lib/python3.12/site-packages/sqlalchemy/orm/attributes.py", line 569, in __get__
    return self.impl.get(state, dict_)  # type: ignore[no-any-return]
           ^^^^^^^^^^^^^^^^^^^^^^^^^^^
  File "/usr/local/lib/python3.12/site-packages/sqlalchemy/orm/attributes.py", line 1096, in get
    value = self._fire_loader_callables(state, key, passive)
            ^^^^^^^^^^^^^^^^^^^^^^^^^^^^^^^^^^^^^^^^^^^^^^^^
  File "/usr/local/lib/python3.12/site-packages/sqlalchemy/orm/attributes.py", line 1126, in _fire_loader_callables
    return state._load_expired(state, passive)
           ^^^^^^^^^^^^^^^^^^^^^^^^^^^^^^^^^^^
  File "/usr/local/lib/python3.12/site-packages/sqlalchemy/orm/state.py", line 803, in _load_expired
    self.manager.expired_attribute_loader(self, toload, passive)
  File "/usr/local/lib/python3.12/site-packages/sqlalchemy/orm/loading.py", line 1674, in load_scalar_attributes
    result = load_on_ident(
             ^^^^^^^^^^^^^^
  File "/usr/local/lib/python3.12/site-packages/sqlalchemy/orm/loading.py", line 510, in load_on_ident
    return load_on_pk_identity(
           ^^^^^^^^^^^^^^^^^^^^
  File "/usr/local/lib/python3.12/site-packages/sqlalchemy/orm/loading.py", line 695, in load_on_pk_identity
    session.execute(
  File "/usr/local/lib/python3.12/site-packages/sqlalchemy/orm/session.py", line 2365, in execute
    return self._execute_internal(
           ^^^^^^^^^^^^^^^^^^^^^^^
  File "/usr/local/lib/python3.12/site-packages/sqlalchemy/orm/session.py", line 2241, in _execute_internal
    conn = self._connection_for_bind(bind)
           ^^^^^^^^^^^^^^^^^^^^^^^^^^^^^^^
  File "/usr/local/lib/python3.12/site-packages/sqlalchemy/orm/session.py", line 2110, in _connection_for_bind
    return trans._connection_for_bind(engine, execution_options)
           ^^^^^^^^^^^^^^^^^^^^^^^^^^^^^^^^^^^^^^^^^^^^^^^^^^^^^
  File "<string>", line 2, in _connection_for_bind
  File "/usr/local/lib/python3.12/site-packages/sqlalchemy/orm/state_changes.py", line 137, in _go
    ret_value = fn(self, *arg, **kw)
                ^^^^^^^^^^^^^^^^^^^^
  File "/usr/local/lib/python3.12/site-packages/sqlalchemy/orm/session.py", line 1189, in _connection_for_bind
    conn = bind.connect()
           ^^^^^^^^^^^^^^
  File "/usr/local/lib/python3.12/site-packages/sqlalchemy/engine/base.py", line 3277, in connect
    return self._connection_cls(self)
           ^^^^^^^^^^^^^^^^^^^^^^^^^^
  File "/usr/local/lib/python3.12/site-packages/sqlalchemy/engine/base.py", line 143, in __init__
    self._dbapi_connection = engine.raw_connection()
                             ^^^^^^^^^^^^^^^^^^^^^^^
  File "/usr/local/lib/python3.12/site-packages/sqlalchemy/engine/base.py", line 3301, in raw_connection
    return self.pool.connect()
           ^^^^^^^^^^^^^^^^^^^
  File "/usr/local/lib/python3.12/site-packages/sqlalchemy/pool/base.py", line 447, in connect
    return _ConnectionFairy._checkout(self)
           ^^^^^^^^^^^^^^^^^^^^^^^^^^^^^^^^
  File "/usr/local/lib/python3.12/site-packages/sqlalchemy/pool/base.py", line 1363, in _checkout
    with util.safe_reraise():
         ^^^^^^^^^^^^^^^^^^^
  File "/usr/local/lib/python3.12/site-packages/sqlalchemy/util/langhelpers.py", line 224, in __exit__
    raise exc_value.with_traceback(exc_tb)
  File "/usr/local/lib/python3.12/site-packages/sqlalchemy/pool/base.py", line 1301, in _checkout
    result = pool._dialect._do_ping_w_event(
             ^^^^^^^^^^^^^^^^^^^^^^^^^^^^^^^
  File "/usr/local/lib/python3.12/site-packages/sqlalchemy/engine/default.py", line 728, in _do_ping_w_event
    return self.do_ping(dbapi_connection)
           ^^^^^^^^^^^^^^^^^^^^^^^^^^^^^^
  File "/usr/local/lib/python3.12/site-packages/sqlalchemy/dialects/postgresql/asyncpg.py", line 1169, in do_ping
    dbapi_connection.ping()
  File "/usr/local/lib/python3.12/site-packages/sqlalchemy/dialects/postgresql/asyncpg.py", line 813, in ping
    self._handle_exception(error)
  File "/usr/local/lib/python3.12/site-packages/sqlalchemy/dialects/postgresql/asyncpg.py", line 794, in 
_handle_exception
    raise error
  File "/usr/local/lib/python3.12/site-packages/sqlalchemy/dialects/postgresql/asyncpg.py", line 811, in ping
    _ = self.await_(self._async_ping())
        ^^^^^^^^^^^^^^^^^^^^^^^^^^^^^^^
  File "/usr/local/lib/python3.12/site-packages/sqlalchemy/util/_concurrency_py3k.py", line 123, in await_only
    raise exc.MissingGreenlet(
sqlalchemy.exc.MissingGreenlet: greenlet_spawn has not been called; can't call await_only() here. Was IO attempted in 
an unexpected place? (Background on this error at: https://sqlalche.me/e/20/xd2s)
{"ts": "2026-03-17T23:50:10.756276+00:00", "level": "ERROR", "logger": "app.main", "message": "http.request_failed", 
"event": "http.request_failed", "method": "POST", "path": "/orders", "status_code": 500, "elapsed_ms": 419.48, 
"request_id": "a64e4638-90c5-4748-ad85-af5074835015"}
ERROR:    Exception in ASGI application
  + Exception Group Traceback (most recent call last):
  |   File "/usr/local/lib/python3.12/site-packages/starlette/_utils.py", line 79, in collapse_excgroups
  |     yield
  |   File "/usr/local/lib/python3.12/site-packages/starlette/middleware/base.py", line 183, in __call__
  |     async with anyio.create_task_group() as task_group:
  |                ^^^^^^^^^^^^^^^^^^^^^^^^^
  |   File "/usr/local/lib/python3.12/site-packages/anyio/_backends/_asyncio.py", line 783, in __aexit__
  |     raise BaseExceptionGroup(
  | ExceptionGroup: unhandled errors in a TaskGroup (1 sub-exception)
  +-+---------------- 1 ----------------
    | Traceback (most recent call last):
    |   File "/usr/local/lib/python3.12/site-packages/uvicorn/protocols/http/httptools_impl.py", line 409, in run_asgi
    |     result = await app(  # type: ignore[func-returns-value]
    |              ^^^^^^^^^^^^^^^^^^^^^^^^^^^^^^^^^^^^^^^^^^^^^^
    |   File "/usr/local/lib/python3.12/site-packages/uvicorn/middleware/proxy_headers.py", line 60, in __call__
    |     return await self.app(scope, receive, send)
    |            ^^^^^^^^^^^^^^^^^^^^^^^^^^^^^^^^^^^^
    |   File "/usr/local/lib/python3.12/site-packages/fastapi/applications.py", line 1054, in __call__
    |     await super().__call__(scope, receive, send)
    |   File "/usr/local/lib/python3.12/site-packages/starlette/applications.py", line 113, in __call__
    |     await self.middleware_stack(scope, receive, send)
    |   File "/usr/local/lib/python3.12/site-packages/starlette/middleware/errors.py", line 186, in __call__
    |     raise exc
    |   File "/usr/local/lib/python3.12/site-packages/starlette/middleware/errors.py", line 164, in __call__
    |     await self.app(scope, receive, _send)
    |   File "/usr/local/lib/python3.12/site-packages/starlette/middleware/base.py", line 182, in __call__
    |     with recv_stream, send_stream, collapse_excgroups():
    |                                    ^^^^^^^^^^^^^^^^^^^^
    |   File "/usr/local/lib/python3.12/contextlib.py", line 158, in __exit__
    |     self.gen.throw(value)
    |   File "/usr/local/lib/python3.12/site-packages/starlette/_utils.py", line 85, in collapse_excgroups
    |     raise exc
    |   File "/usr/local/lib/python3.12/site-packages/starlette/middleware/base.py", line 184, in __call__
    |     response = await self.dispatch_func(request, call_next)
    |                ^^^^^^^^^^^^^^^^^^^^^^^^^^^^^^^^^^^^^^^^^^^^
    |   File "/app/app/main.py", line 35, in request_context_middleware
    |     response = await call_next(request)
    |                ^^^^^^^^^^^^^^^^^^^^^^^^
    |   File "/usr/local/lib/python3.12/site-packages/starlette/middleware/base.py", line 159, in call_next
    |     raise app_exc
    |   File "/usr/local/lib/python3.12/site-packages/starlette/middleware/base.py", line 144, in coro
    |     await self.app(scope, receive_or_disconnect, send_no_error)
    |   File "/usr/local/lib/python3.12/site-packages/starlette/middleware/exceptions.py", line 63, in __call__
    |     await wrap_app_handling_exceptions(self.app, conn)(scope, receive, send)
    |   File "/usr/local/lib/python3.12/site-packages/starlette/_exception_handler.py", line 53, in wrapped_app
    |     raise exc
    |   File "/usr/local/lib/python3.12/site-packages/starlette/_exception_handler.py", line 42, in wrapped_app
    |     await app(scope, receive, sender)
    |   File "/usr/local/lib/python3.12/site-packages/starlette/routing.py", line 716, in __call__
    |     await self.middleware_stack(scope, receive, send)
    |   File "/usr/local/lib/python3.12/site-packages/starlette/routing.py", line 736, in app
    |     await route.handle(scope, receive, send)
    |   File "/usr/local/lib/python3.12/site-packages/starlette/routing.py", line 290, in handle
    |     await self.app(scope, receive, send)
    |   File "/usr/local/lib/python3.12/site-packages/starlette/routing.py", line 78, in app
    |     await wrap_app_handling_exceptions(app, request)(scope, receive, send)
    |   File "/usr/local/lib/python3.12/site-packages/starlette/_exception_handler.py", line 53, in wrapped_app
    |     raise exc
    |   File "/usr/local/lib/python3.12/site-packages/starlette/_exception_handler.py", line 42, in wrapped_app
    |     await app(scope, receive, sender)
    |   File "/usr/local/lib/python3.12/site-packages/starlette/routing.py", line 75, in app
    |     response = await f(request)
    |                ^^^^^^^^^^^^^^^^
    |   File "/usr/local/lib/python3.12/site-packages/fastapi/routing.py", line 302, in app
    |     raw_response = await run_endpoint_function(
    |                    ^^^^^^^^^^^^^^^^^^^^^^^^^^^^
    |   File "/usr/local/lib/python3.12/site-packages/fastapi/routing.py", line 213, in run_endpoint_function
    |     return await dependant.call(**values)
    |            ^^^^^^^^^^^^^^^^^^^^^^^^^^^^^^
    |   File "/app/app/api/routes/orders.py", line 55, in create_order_endpoint
    |     order = await create_order(db, current_user, payload)
    |             ^^^^^^^^^^^^^^^^^^^^^^^^^^^^^^^^^^^^^^^^^^^^^
    |   File "/app/app/services/order_service.py", line 327, in create_order
    |     'actor_user_id': str(user.id),
    |                          ^^^^^^^
    |   File "/usr/local/lib/python3.12/site-packages/sqlalchemy/orm/attributes.py", line 569, in __get__
    |     return self.impl.get(state, dict_)  # type: ignore[no-any-return]
    |            ^^^^^^^^^^^^^^^^^^^^^^^^^^^
    |   File "/usr/local/lib/python3.12/site-packages/sqlalchemy/orm/attributes.py", line 1096, in get
    |     value = self._fire_loader_callables(state, key, passive)
    |             ^^^^^^^^^^^^^^^^^^^^^^^^^^^^^^^^^^^^^^^^^^^^^^^^
    |   File "/usr/local/lib/python3.12/site-packages/sqlalchemy/orm/attributes.py", line 1126, in 
_fire_loader_callables
    |     return state._load_expired(state, passive)
    |            ^^^^^^^^^^^^^^^^^^^^^^^^^^^^^^^^^^^
    |   File "/usr/local/lib/python3.12/site-packages/sqlalchemy/orm/state.py", line 803, in _load_expired
    |     self.manager.expired_attribute_loader(self, toload, passive)
    |   File "/usr/local/lib/python3.12/site-packages/sqlalchemy/orm/loading.py", line 1674, in load_scalar_attributes
    |     result = load_on_ident(
    |              ^^^^^^^^^^^^^^
    |   File "/usr/local/lib/python3.12/site-packages/sqlalchemy/orm/loading.py", line 510, in load_on_ident
    |     return load_on_pk_identity(
    |            ^^^^^^^^^^^^^^^^^^^^
    |   File "/usr/local/lib/python3.12/site-packages/sqlalchemy/orm/loading.py", line 695, in load_on_pk_identity
    |     session.execute(
    |   File "/usr/local/lib/python3.12/site-packages/sqlalchemy/orm/session.py", line 2365, in execute
    |     return self._execute_internal(
    |            ^^^^^^^^^^^^^^^^^^^^^^^
    |   File "/usr/local/lib/python3.12/site-packages/sqlalchemy/orm/session.py", line 2241, in _execute_internal
    |     conn = self._connection_for_bind(bind)
    |            ^^^^^^^^^^^^^^^^^^^^^^^^^^^^^^^
    |   File "/usr/local/lib/python3.12/site-packages/sqlalchemy/orm/session.py", line 2110, in _connection_for_bind
    |     return trans._connection_for_bind(engine, execution_options)
    |            ^^^^^^^^^^^^^^^^^^^^^^^^^^^^^^^^^^^^^^^^^^^^^^^^^^^^^
    |   File "<string>", line 2, in _connection_for_bind
    |   File "/usr/local/lib/python3.12/site-packages/sqlalchemy/orm/state_changes.py", line 137, in _go
    |     ret_value = fn(self, *arg, **kw)
    |                 ^^^^^^^^^^^^^^^^^^^^
    |   File "/usr/local/lib/python3.12/site-packages/sqlalchemy/orm/session.py", line 1189, in _connection_for_bind
    |     conn = bind.connect()
    |            ^^^^^^^^^^^^^^
    |   File "/usr/local/lib/python3.12/site-packages/sqlalchemy/engine/base.py", line 3277, in connect
    |     return self._connection_cls(self)
    |            ^^^^^^^^^^^^^^^^^^^^^^^^^^
    |   File "/usr/local/lib/python3.12/site-packages/sqlalchemy/engine/base.py", line 143, in __init__
    |     self._dbapi_connection = engine.raw_connection()
    |                              ^^^^^^^^^^^^^^^^^^^^^^^
    |   File "/usr/local/lib/python3.12/site-packages/sqlalchemy/engine/base.py", line 3301, in raw_connection
    |     return self.pool.connect()
    |            ^^^^^^^^^^^^^^^^^^^
    |   File "/usr/local/lib/python3.12/site-packages/sqlalchemy/pool/base.py", line 447, in connect
    |     return _ConnectionFairy._checkout(self)
    |            ^^^^^^^^^^^^^^^^^^^^^^^^^^^^^^^^
    |   File "/usr/local/lib/python3.12/site-packages/sqlalchemy/pool/base.py", line 1363, in _checkout
    |     with util.safe_reraise():
    |          ^^^^^^^^^^^^^^^^^^^
    |   File "/usr/local/lib/python3.12/site-packages/sqlalchemy/util/langhelpers.py", line 224, in __exit__
    |     raise exc_value.with_traceback(exc_tb)
    |   File "/usr/local/lib/python3.12/site-packages/sqlalchemy/pool/base.py", line 1301, in _checkout
    |     result = pool._dialect._do_ping_w_event(
    |              ^^^^^^^^^^^^^^^^^^^^^^^^^^^^^^^
    |   File "/usr/local/lib/python3.12/site-packages/sqlalchemy/engine/default.py", line 728, in _do_ping_w_event
    |     return self.do_ping(dbapi_connection)
    |            ^^^^^^^^^^^^^^^^^^^^^^^^^^^^^^
    |   File "/usr/local/lib/python3.12/site-packages/sqlalchemy/dialects/postgresql/asyncpg.py", line 1169, in do_ping
    |     dbapi_connection.ping()
    |   File "/usr/local/lib/python3.12/site-packages/sqlalchemy/dialects/postgresql/asyncpg.py", line 813, in ping
    |     self._handle_exception(error)
    |   File "/usr/local/lib/python3.12/site-packages/sqlalchemy/dialects/postgresql/asyncpg.py", line 794, in 
_handle_exception
    |     raise error
    |   File "/usr/local/lib/python3.12/site-packages/sqlalchemy/dialects/postgresql/asyncpg.py", line 811, in ping
    |     _ = self.await_(self._async_ping())
    |         ^^^^^^^^^^^^^^^^^^^^^^^^^^^^^^^
    |   File "/usr/local/lib/python3.12/site-packages/sqlalchemy/util/_concurrency_py3k.py", line 123, in await_only
    |     raise exc.MissingGreenlet(
    | sqlalchemy.exc.MissingGreenlet: greenlet_spawn has not been called; can't call await_only() here. Was IO 
attempted in an unexpected place? (Background on this error at: https://sqlalche.me/e/20/xd2s)
    +------------------------------------

During handling of the above exception, another exception occurred:

Traceback (most recent call last):
  File "/usr/local/lib/python3.12/site-packages/uvicorn/protocols/http/httptools_impl.py", line 409, in run_asgi
    result = await app(  # type: ignore[func-returns-value]
             ^^^^^^^^^^^^^^^^^^^^^^^^^^^^^^^^^^^^^^^^^^^^^^
  File "/usr/local/lib/python3.12/site-packages/uvicorn/middleware/proxy_headers.py", line 60, in __call__
    return await self.app(scope, receive, send)
           ^^^^^^^^^^^^^^^^^^^^^^^^^^^^^^^^^^^^
  File "/usr/local/lib/python3.12/site-packages/fastapi/applications.py", line 1054, in __call__
    await super().__call__(scope, receive, send)
  File "/usr/local/lib/python3.12/site-packages/starlette/applications.py", line 113, in __call__
    await self.middleware_stack(scope, receive, send)
  File "/usr/local/lib/python3.12/site-packages/starlette/middleware/errors.py", line 186, in __call__
    raise exc
  File "/usr/local/lib/python3.12/site-packages/starlette/middleware/errors.py", line 164, in __call__
    await self.app(scope, receive, _send)
  File "/usr/local/lib/python3.12/site-packages/starlette/middleware/base.py", line 182, in __call__
    with recv_stream, send_stream, collapse_excgroups():
                                   ^^^^^^^^^^^^^^^^^^^^
  File "/usr/local/lib/python3.12/contextlib.py", line 158, in __exit__
    self.gen.throw(value)
  File "/usr/local/lib/python3.12/site-packages/starlette/_utils.py", line 85, in collapse_excgroups
    raise exc
  File "/usr/local/lib/python3.12/site-packages/starlette/middleware/base.py", line 184, in __call__
    response = await self.dispatch_func(request, call_next)
               ^^^^^^^^^^^^^^^^^^^^^^^^^^^^^^^^^^^^^^^^^^^^
  File "/app/app/main.py", line 35, in request_context_middleware
    response = await call_next(request)
               ^^^^^^^^^^^^^^^^^^^^^^^^
  File "/usr/local/lib/python3.12/site-packages/starlette/middleware/base.py", line 159, in call_next
    raise app_exc
  File "/usr/local/lib/python3.12/site-packages/starlette/middleware/base.py", line 144, in coro
    await self.app(scope, receive_or_disconnect, send_no_error)
  File "/usr/local/lib/python3.12/site-packages/starlette/middleware/exceptions.py", line 63, in __call__
    await wrap_app_handling_exceptions(self.app, conn)(scope, receive, send)
  File "/usr/local/lib/python3.12/site-packages/starlette/_exception_handler.py", line 53, in wrapped_app
    raise exc
  File "/usr/local/lib/python3.12/site-packages/starlette/_exception_handler.py", line 42, in wrapped_app
    await app(scope, receive, sender)
  File "/usr/local/lib/python3.12/site-packages/starlette/routing.py", line 716, in __call__
    await self.middleware_stack(scope, receive, send)
  File "/usr/local/lib/python3.12/site-packages/starlette/routing.py", line 736, in app
    await route.handle(scope, receive, send)
  File "/usr/local/lib/python3.12/site-packages/starlette/routing.py", line 290, in handle
    await self.app(scope, receive, send)
  File "/usr/local/lib/python3.12/site-packages/starlette/routing.py", line 78, in app
    await wrap_app_handling_exceptions(app, request)(scope, receive, send)
  File "/usr/local/lib/python3.12/site-packages/starlette/_exception_handler.py", line 53, in wrapped_app
    raise exc
  File "/usr/local/lib/python3.12/site-packages/starlette/_exception_handler.py", line 42, in wrapped_app
    await app(scope, receive, sender)
  File "/usr/local/lib/python3.12/site-packages/starlette/routing.py", line 75, in app
    response = await f(request)
               ^^^^^^^^^^^^^^^^
  File "/usr/local/lib/python3.12/site-packages/fastapi/routing.py", line 302, in app
    raw_response = await run_endpoint_function(
                   ^^^^^^^^^^^^^^^^^^^^^^^^^^^^
  File "/usr/local/lib/python3.12/site-packages/fastapi/routing.py", line 213, in run_endpoint_function
    return await dependant.call(**values)
           ^^^^^^^^^^^^^^^^^^^^^^^^^^^^^^
  File "/app/app/api/routes/orders.py", line 55, in create_order_endpoint
    order = await create_order(db, current_user, payload)
            ^^^^^^^^^^^^^^^^^^^^^^^^^^^^^^^^^^^^^^^^^^^^^
  File "/app/app/services/order_service.py", line 327, in create_order
    'actor_user_id': str(user.id),
                         ^^^^^^^
  File "/usr/local/lib/python3.12/site-packages/sqlalchemy/orm/attributes.py", line 569, in __get__
    return self.impl.get(state, dict_)  # type: ignore[no-any-return]
           ^^^^^^^^^^^^^^^^^^^^^^^^^^^
  File "/usr/local/lib/python3.12/site-packages/sqlalchemy/orm/attributes.py", line 1096, in get
    value = self._fire_loader_callables(state, key, passive)
            ^^^^^^^^^^^^^^^^^^^^^^^^^^^^^^^^^^^^^^^^^^^^^^^^
  File "/usr/local/lib/python3.12/site-packages/sqlalchemy/orm/attributes.py", line 1126, in _fire_loader_callables
    return state._load_expired(state, passive)
           ^^^^^^^^^^^^^^^^^^^^^^^^^^^^^^^^^^^
  File "/usr/local/lib/python3.12/site-packages/sqlalchemy/orm/state.py", line 803, in _load_expired
    self.manager.expired_attribute_loader(self, toload, passive)
  File "/usr/local/lib/python3.12/site-packages/sqlalchemy/orm/loading.py", line 1674, in load_scalar_attributes
    result = load_on_ident(
             ^^^^^^^^^^^^^^
INFO:     172.19.0.1:53932 - "GET /orders/bbf10c45-0991-4b4b-9b3c-b1a48a08cb4c HTTP/1.1" 200 OK
  File "/usr/local/lib/python3.12/site-packages/sqlalchemy/orm/loading.py", line 510, in load_on_ident
    return load_on_pk_identity(
           ^^^^^^^^^^^^^^^^^^^^
  File "/usr/local/lib/python3.12/site-packages/sqlalchemy/orm/loading.py", line 695, in load_on_pk_identity
    session.execute(
  File "/usr/local/lib/python3.12/site-packages/sqlalchemy/orm/session.py", line 2365, in execute
    return self._execute_internal(
           ^^^^^^^^^^^^^^^^^^^^^^^
  File "/usr/local/lib/python3.12/site-packages/sqlalchemy/orm/session.py", line 2241, in _execute_internal
    conn = self._connection_for_bind(bind)
           ^^^^^^^^^^^^^^^^^^^^^^^^^^^^^^^
  File "/usr/local/lib/python3.12/site-packages/sqlalchemy/orm/session.py", line 2110, in _connection_for_bind
    return trans._connection_for_bind(engine, execution_options)
           ^^^^^^^^^^^^^^^^^^^^^^^^^^^^^^^^^^^^^^^^^^^^^^^^^^^^^
  File "<string>", line 2, in _connection_for_bind
  File "/usr/local/lib/python3.12/site-packages/sqlalchemy/orm/state_changes.py", line 137, in _go
    ret_value = fn(self, *arg, **kw)
                ^^^^^^^^^^^^^^^^^^^^
  File "/usr/local/lib/python3.12/site-packages/sqlalchemy/orm/session.py", line 1189, in _connection_for_bind
    conn = bind.connect()
           ^^^^^^^^^^^^^^
  File "/usr/local/lib/python3.12/site-packages/sqlalchemy/engine/base.py", line 3277, in connect
    return self._connection_cls(self)
           ^^^^^^^^^^^^^^^^^^^^^^^^^^
  File "/usr/local/lib/python3.12/site-packages/sqlalchemy/engine/base.py", line 143, in __init__
    self._dbapi_connection = engine.raw_connection()
                             ^^^^^^^^^^^^^^^^^^^^^^^
INFO:     172.19.0.1:53950 - "GET /orders/004489c7-e895-468c-b64d-60dca5e61781 HTTP/1.1" 200 OK
INFO:     172.19.0.1:53372 - "POST /orders/c3dd9071-709c-4e83-9964-9c4f8f4fea32/accept HTTP/1.1" 200 OK
INFO:     172.19.0.1:53372 - "GET /orders/c3dd9071-709c-4e83-9964-9c4f8f4fea32 HTTP/1.1" 200 OK
INFO:     172.19.0.1:57818 - "POST /orders/38b22401-ca4b-4abd-a76c-d0e6393e78bb/accept HTTP/1.1" 200 OK
INFO:     172.19.0.1:57826 - "GET /orders/latest?limit=50 HTTP/1.1" 200 OK
INFO:     172.19.0.1:57818 - "GET /orders/38b22401-ca4b-4abd-a76c-d0e6393e78bb HTTP/1.1" 200 OK
INFO:     172.19.0.1:57826 - "GET /admin/drivers/available HTTP/1.1" 200 OK
INFO:     172.19.0.1:57818 - "POST /orders/38b22401-ca4b-4abd-a76c-d0e6393e78bb/accept HTTP/1.1" 400 Bad Request
INFO:     172.19.0.1:57818 - "POST /orders/f8024333-d7ef-48e9-9cf1-ad1a2090d9de/accept HTTP/1.1" 200 OK
INFO:     172.19.0.1:57818 - "GET /orders/f8024333-d7ef-48e9-9cf1-ad1a2090d9de HTTP/1.1" 200 OK
  File "/usr/local/lib/python3.12/site-packages/sqlalchemy/engine/base.py", line 3301, in raw_connection
    return self.pool.connect()
           ^^^^^^^^^^^^^^^^^^^
  File "/usr/local/lib/python3.12/site-packages/sqlalchemy/pool/base.py", line 447, in connect
    return _ConnectionFairy._checkout(self)
           ^^^^^^^^^^^^^^^^^^^^^^^^^^^^^^^^
  File "/usr/local/lib/python3.12/site-packages/sqlalchemy/pool/base.py", line 1363, in _checkout
    with util.safe_reraise():
         ^^^^^^^^^^^^^^^^^^^
  File "/usr/local/lib/python3.12/site-packages/sqlalchemy/util/langhelpers.py", line 224, in __exit__
    raise exc_value.with_traceback(exc_tb)
  File "/usr/local/lib/python3.12/site-packages/sqlalchemy/pool/base.py", line 1301, in _checkout
    result = pool._dialect._do_ping_w_event(
             ^^^^^^^^^^^^^^^^^^^^^^^^^^^^^^^
  File "/usr/local/lib/python3.12/site-packages/sqlalchemy/engine/default.py", line 728, in _do_ping_w_event
    return self.do_ping(dbapi_connection)
           ^^^^^^^^^^^^^^^^^^^^^^^^^^^^^^
  File "/usr/local/lib/python3.12/site-packages/sqlalchemy/dialects/postgresql/asyncpg.py", line 1169, in do_ping
    dbapi_connection.ping()
  File "/usr/local/lib/python3.12/site-packages/sqlalchemy/dialects/postgresql/asyncpg.py", line 813, in ping
    self._handle_exception(error)
  File "/usr/local/lib/python3.12/site-packages/sqlalchemy/dialects/postgresql/asyncpg.py", line 794, in 
_handle_exception
    raise error
  File "/usr/local/lib/python3.12/site-packages/sqlalchemy/dialects/postgresql/asyncpg.py", line 811, in ping
    _ = self.await_(self._async_ping())
        ^^^^^^^^^^^^^^^^^^^^^^^^^^^^^^^
  File "/usr/local/lib/python3.12/site-packages/sqlalchemy/util/_concurrency_py3k.py", line 123, in await_only
    raise exc.MissingGreenlet(
sqlalchemy.exc.MissingGreenlet: greenlet_spawn has not been called; can't call await_only() here. Was IO attempted in 
an unexpected place? (Background on this error at: https://sqlalche.me/e/20/xd2s)
{"ts": "2026-03-17T23:50:11.069961+00:00", "level": "INFO", "logger": "app.main", "message": "http.request", "event": 
"http.request", "method": "GET", "path": "/orders/bbf10c45-0991-4b4b-9b3c-b1a48a08cb4c", "status_code": 200, 
"elapsed_ms": 30.02, "request_id": "de3b82bd-7fd4-43ba-9b47-778cfb46adeb"}
{"ts": "2026-03-17T23:50:11.086121+00:00", "level": "INFO", "logger": "app.main", "message": "http.request", "event": 
"http.request", "method": "GET", "path": "/orders/004489c7-e895-468c-b64d-60dca5e61781", "status_code": 200, 
"elapsed_ms": 36.88, "request_id": "001c9af8-90a7-4959-939f-fb2772cee42a"}
{"ts": "2026-03-17T23:50:23.140193+00:00", "level": "INFO", "logger": "app.services.order_service", "message": 
"order.accepted", "event": "order.accepted", "order_id": "c3dd9071-709c-4e83-9964-9c4f8f4fea32", "order_number": 19, 
"status": "ACCEPTED", "actor_user_id": "6bb39ac8-3492-463e-a973-bc8855a75309", "actor_role": "FRONTDESK"}
{"ts": "2026-03-17T23:50:23.179952+00:00", "level": "INFO", "logger": "app.main", "message": "http.request", "event": 
"http.request", "method": "POST", "path": "/orders/c3dd9071-709c-4e83-9964-9c4f8f4fea32/accept", "status_code": 200, 
"elapsed_ms": 58.7, "request_id": "812ed5fe-cb42-4f5a-b8d5-f86687ce8d61"}
{"ts": "2026-03-17T23:50:23.248346+00:00", "level": "INFO", "logger": "app.main", "message": "http.request", "event": 
"http.request", "method": "GET", "path": "/orders/c3dd9071-709c-4e83-9964-9c4f8f4fea32", "status_code": 200, 
"elapsed_ms": 43.62, "request_id": "5e6c77f8-2882-4e70-aaa4-d9acf1daaaa7"}
WARNING:  WatchFiles detected changes in 'app/services/order_service.py'. Reloading...
INFO:     Shutting down
INFO:     connection closed
INFO:     Waiting for application shutdown.
INFO:     Application shutdown complete.
INFO:     Finished server process [13]
INFO:     Started server process [19]
INFO:     Waiting for application startup.
INFO:     Application startup complete.
INFO:     172.19.0.1:57810 - "WebSocket /ws/frontdesk?token=eyJhbGciOiJIUzI1NiIsInR5cCI6IkpXVCJ9.eyJzdWIiOiI2YmIzOWFjOC
0zNDkyLTQ2M2UtYTk3My1iYzg4NTVhNzUzMDkiLCJyb2xlIjoiRlJPTlRERVNLIiwiZXhwIjoxNzc0Mzk1NjExfQ.ymstRqIVKs-51N_z-6YldMy4Rg-DU_
c-3aNMlvsQPkQ" [accepted]
INFO:     connection open
{"ts": "2026-03-17T23:50:26.550283+00:00", "level": "INFO", "logger": "app.services.order_service", "message": 
"order.accepted", "event": "order.accepted", "order_id": "38b22401-ca4b-4abd-a76c-d0e6393e78bb", "order_number": 20, 
"status": "ACCEPTED", "actor_user_id": "6bb39ac8-3492-463e-a973-bc8855a75309", "actor_role": "FRONTDESK"}
{"ts": "2026-03-17T23:50:26.565105+00:00", "level": "INFO", "logger": "app.main", "message": "http.request", "event": 
"http.request", "method": "POST", "path": "/orders/38b22401-ca4b-4abd-a76c-d0e6393e78bb/accept", "status_code": 200, 
"elapsed_ms": 160.54, "request_id": "2661b53d-9cbd-4b4a-a3fb-982e4fda5bf8"}
{"ts": "2026-03-17T23:50:26.571802+00:00", "level": "INFO", "logger": "app.main", "message": "http.request", "event": 
"http.request", "method": "GET", "path": "/orders/latest", "status_code": 200, "elapsed_ms": 19.1, "request_id": 
"d3c0b6cc-451b-41f3-a55d-f92fb5f3e5c0"}
{"ts": "2026-03-17T23:50:27.234079+00:00", "level": "INFO", "logger": "app.main", "message": "http.request", "event": 
"http.request", "method": "GET", "path": "/orders/38b22401-ca4b-4abd-a76c-d0e6393e78bb", "status_code": 200, 
"elapsed_ms": 7.53, "request_id": "5086f114-00ee-47a0-9d26-e0e80a0b4ffe"}
{"ts": "2026-03-17T23:50:27.251098+00:00", "level": "INFO", "logger": "app.main", "message": "http.request", "event": 
"http.request", "method": "GET", "path": "/admin/drivers/available", "status_code": 200, "elapsed_ms": 5.16, 
"request_id": "73328aec-32b8-41a2-817f-3c3765b6589a"}
{"ts": "2026-03-17T23:50:27.276371+00:00", "level": "INFO", "logger": "app.main", "message": "http.request", "event": 
"http.request", "method": "POST", "path": "/orders/38b22401-ca4b-4abd-a76c-d0e6393e78bb/accept", "status_code": 400, 
"elapsed_ms": 8.91, "request_id": "93c71ff9-aeff-47ec-b749-3e712a2a031e"}
{"ts": "2026-03-17T23:50:29.895733+00:00", "level": "INFO", "logger": "app.services.order_service", "message": 
"order.accepted", "event": "order.accepted", "order_id": "f8024333-d7ef-48e9-9cf1-ad1a2090d9de", "order_number": 25, 
"status": "ACCEPTED", "actor_user_id": "6bb39ac8-3492-463e-a973-bc8855a75309", "actor_role": "FRONTDESK"}
{"ts": "2026-03-17T23:50:29.902320+00:00", "level": "INFO", "logger": "app.main", "message": "http.request", "event": 
"http.request", "method": "POST", "path": "/orders/f8024333-d7ef-48e9-9cf1-ad1a2090d9de/accept", "status_code": 200, 
"elapsed_ms": 19.62, "request_id": "750efef8-6669-44dc-8d6c-34f4fe3c1305"}
{"ts": "2026-03-17T23:50:29.941589+00:00", "level": "INFO", "logger": "app.main", "message": "http.request", "event": 
"http.request", "method": "GET", "path": "/orders/f8024333-d7ef-48e9-9cf1-ad1a2090d9de", "status_code": 200, 
"elapsed_ms": 8.6, "request_id": "4bbf1cf7-ade8-4fb0-a1be-3bffe21bc45f"}
INFO  [alembic.runtime.migration] Context impl PostgresqlImpl.
INFO  [alembic.runtime.migration] Will assume transactional DDL.
INFO:     Will watch for changes in these directories: ['/app']
INFO:     Uvicorn running on http://0.0.0.0:8000 (Press CTRL+C to quit)
INFO:     Started reloader process [10] using WatchFiles
INFO:     Started server process [12]
INFO:     Waiting for application startup.
INFO:     Application startup complete.
{"ts": "2026-03-17T23:50:39.182560+00:00", "level": "INFO", "logger": "app.services.order_service", "message": 
"order.accepted", "event": "order.accepted", "order_id": "1c651215-0ea3-4428-867c-c89950f02f1a", "order_number": 26, 
"status": "ACCEPTED", "actor_user_id": "6bb39ac8-3492-463e-a973-bc8855a75309", "actor_role": "FRONTDESK"}
{"ts": "2026-03-17T23:50:39.189700+00:00", "level": "INFO", "logger": "app.main", "message": "http.request", "event": 
"http.request", "method": "POST", "path": "/orders/1c651215-0ea3-4428-867c-c89950f02f1a/accept", "status_code": 200, 
"elapsed_ms": 150.79, "request_id": "81ac75fd-2ad1-4b75-9f8d-e9c23b8cb184"}
{"ts": "2026-03-17T23:50:40.733692+00:00", "level": "INFO", "logger": "app.services.order_service", "message": 
"order.accepted", "event": "order.accepted", "order_id": "c6d39672-a0ae-438a-9c7e-e5b698efd64d", "order_number": 24, 
"status": "ACCEPTED", "actor_user_id": "6bb39ac8-3492-463e-a973-bc8855a75309", "actor_role": "FRONTDESK"}
{"ts": "2026-03-17T23:50:40.740928+00:00", "level": "INFO", "logger": "app.main", "message": "http.request", "event": 
"http.request", "method": "POST", "path": "/orders/c6d39672-a0ae-438a-9c7e-e5b698efd64d/accept", "status_code": 200, 
"elapsed_ms": 27.25, "request_id": "cf1a209f-2b2f-4230-8ad7-ffe69dc33e64"}
INFO:     172.19.0.1:54570 - "WebSocket /ws/frontdesk?token=eyJhbGciOiJIUzI1NiIsInR5cCI6IkpXVCJ9.eyJzdWIiOiI2YmIzOWFjOC
0zNDkyLTQ2M2UtYTk3My1iYzg4NTVhNzUzMDkiLCJyb2xlIjoiRlJPTlRERVNLIiwiZXhwIjoxNzc0Mzk1NjExfQ.ymstRqIVKs-51N_z-6YldMy4Rg-DU_
c-3aNMlvsQPkQ" [accepted]
INFO:     connection open
{"ts": "2026-03-17T23:50:41.581000+00:00", "level": "INFO", "logger": "app.main", "message": "http.request", "event": 
"http.request", "method": "GET", "path": "/orders/latest", "status_code": 200, "elapsed_ms": 14.15, "request_id": 
"a4bae8b5-a5a1-4393-b86d-a8fa3c5b2372"}
{"ts": "2026-03-17T23:50:42.314757+00:00", "level": "INFO", "logger": "app.services.order_service", "message": 
"order.accepted", "event": "order.accepted", "order_id": "178e33bb-80d6-4465-b3df-f9301c09868c", "order_number": 23, 
"status": "ACCEPTED", "actor_user_id": "6bb39ac8-3492-463e-a973-bc8855a75309", "actor_role": "FRONTDESK"}
INFO:     172.19.0.1:54564 - "POST /orders/1c651215-0ea3-4428-867c-c89950f02f1a/accept HTTP/1.1" 200 OK
{"ts": "2026-03-17T23:50:42.338841+00:00", "level": "INFO", "logger": "app.main", "message": "http.request", "event": 
"http.request", "method": "POST", "path": "/orders/178e33bb-80d6-4465-b3df-f9301c09868c/accept", "status_code": 200, 
"elapsed_ms": 43.61, "request_id": "2d68700b-0f30-4aa8-a36e-9bae17936fb2"}
{"ts": "2026-03-17T23:50:42.347371+00:00", "level": "INFO", "logger": "app.main", "message": "http.request", "event": 
"http.request", "method": "POST", "path": "/orders/178e33bb-80d6-4465-b3df-f9301c09868c/accept", "status_code": 400, 
"elapsed_ms": 9.9, "request_id": "983ce328-be9a-4247-aeb2-ec1ecfc6c7f6"}
{"ts": "2026-03-17T23:50:42.356223+00:00", "level": "INFO", "logger": "app.main", "message": "http.request", "event": 
"http.request", "method": "POST", "path": "/orders/178e33bb-80d6-4465-b3df-f9301c09868c/accept", "status_code": 400, 
"elapsed_ms": 44.35, "request_id": "985e9b58-3514-46fe-88d8-6a3b26334685"}
{"ts": "2026-03-17T23:50:42.357638+00:00", "level": "INFO", "logger": "app.main", "message": "http.request", "event": 
"http.request", "method": "GET", "path": "/admin/drivers/available", "status_code": 200, "elapsed_ms": 5.69, 
"request_id": "d2a21774-74c2-48e9-bbae-92d91d31fe22"}
{"ts": "2026-03-17T23:50:42.382573+00:00", "level": "INFO", "logger": "app.main", "message": "http.request", "event": 
"http.request", "method": "POST", "path": "/orders/178e33bb-80d6-4465-b3df-f9301c09868c/accept", "status_code": 400, 
"elapsed_ms": 10.21, "request_id": "d3457b4f-c014-4fc1-8c3e-1e77fc204743"}
{"ts": "2026-03-17T23:50:42.385035+00:00", "level": "INFO", "logger": "app.main", "message": "http.request", "event": 
"http.request", "method": "GET", "path": "/orders/178e33bb-80d6-4465-b3df-f9301c09868c", "status_code": 200, 
"elapsed_ms": 9.94, "request_id": "d4de1543-e378-4e54-a571-eacd49981f35"}
{"ts": "2026-03-17T23:50:50.350405+00:00", "level": "INFO", "logger": "app.services.order_service", "message": 
"order.accepted", "event": "order.accepted", "order_id": "ee03d94b-a24d-42d9-849b-5f1d1463342f", "order_number": 41, 
"status": "ACCEPTED", "actor_user_id": "6bb39ac8-3492-463e-a973-bc8855a75309", "actor_role": "FRONTDESK"}
{"ts": "2026-03-17T23:50:50.356140+00:00", "level": "INFO", "logger": "app.main", "message": "http.request", "event": 
"http.request", "method": "POST", "path": "/orders/ee03d94b-a24d-42d9-849b-5f1d1463342f/accept", "status_code": 200, 
"elapsed_ms": 27.0, "request_id": "e356d4f1-baf8-4b76-9e9a-d3425fde1321"}
{"ts": "2026-03-17T23:50:50.382486+00:00", "level": "INFO", "logger": "app.main", "message": "http.request", "event": 
"http.request", "method": "GET", "path": "/orders/ee03d94b-a24d-42d9-849b-5f1d1463342f", "status_code": 200, 
"elapsed_ms": 8.7, "request_id": "867f9b69-d2c0-4532-a50c-6bf5b153172d"}
{"ts": "2026-03-17T23:50:50.793618+00:00", "level": "INFO", "logger": "app.services.auth_service", "message": 
"auth.otp_sent", "event": "auth.otp_sent", "phone_number_last4": "0101"}
{"ts": "2026-03-17T23:50:50.793792+00:00", "level": "INFO", "logger": "app.main", "message": "http.request", "event": 
"http.request", "method": "POST", "path": "/auth/send-otp", "status_code": 200, "elapsed_ms": 1.39, "request_id": 
"fe9ce46d-cd9b-47dd-beec-5f51b2d4d93e"}
{"ts": "2026-03-17T23:50:50.811467+00:00", "level": "INFO", "logger": "app.services.auth_service", "message": 
"auth.login_success", "event": "auth.login_success", "user_id": "0ce35dca-d398-4600-9607-c80a9c594f93", "role": 
"CLIENT"}
{"ts": "2026-03-17T23:50:50.812034+00:00", "level": "INFO", "logger": "app.main", "message": "http.request", "event": 
"http.request", "method": "POST", "path": "/auth/verify-otp", "status_code": 200, "elapsed_ms": 4.93, "request_id": 
"802c624a-7f8d-42d4-b628-559c97bec44b"}
{"ts": "2026-03-17T23:50:50.863856+00:00", "level": "INFO", "logger": "app.main", "message": "http.request", "event": 
"http.request", "method": "GET", "path": "/menu", "status_code": 200, "elapsed_ms": 26.81, "request_id": 
"a27479af-f916-4831-b63a-0cd75e3bc11a"}
{"ts": "2026-03-17T23:50:50.997111+00:00", "level": "INFO", "logger": "app.services.order_service", "message": 
"order.created", "event": "order.created", "order_id": "9a3ddae0-7198-4833-af2e-8e54ce769877", "order_number": 42, 
"order_type": "pickup", "status": "NEW", "actor_user_id": "0ce35dca-d398-4600-9607-c80a9c594f93"}
{"ts": "2026-03-17T23:50:51.026157+00:00", "level": "INFO", "logger": "app.services.order_service", "message": 
"order.created", "event": "order.created", "order_id": "4cf2cfca-26b4-42c4-bfd9-eb4eb086de75", "order_number": 43, 
"order_type": "pickup", "status": "NEW", "actor_user_id": "0ce35dca-d398-4600-9607-c80a9c594f93"}
{"ts": "2026-03-17T23:50:51.032941+00:00", "level": "INFO", "logger": "app.main", "message": "http.request", "event": 
"http.request", "method": "POST", "path": "/orders", "status_code": 201, "elapsed_ms": 158.78, "request_id": 
"190343e1-0ec2-4800-b3f7-398c519d5d93"}
{"ts": "2026-03-17T23:50:51.060573+00:00", "level": "INFO", "logger": "app.main", "message": "http.request", "event": 
"http.request", "method": "POST", "path": "/orders", "status_code": 201, "elapsed_ms": 186.88, "request_id": 
"c6d1a980-9c02-43ec-8987-cf3fb635e9ed"}
{"ts": "2026-03-17T23:50:51.061144+00:00", "level": "INFO", "logger": "app.services.order_service", "message": 
"order.created", "event": "order.created", "order_id": "201f15b4-e14d-4cb4-b9b0-f704a5e1df37", "order_number": 44, 
"order_type": "pickup", "status": "NEW", "actor_user_id": "0ce35dca-d398-4600-9607-c80a9c594f93"}
{"ts": "2026-03-17T23:50:51.084242+00:00", "level": "INFO", "logger": "app.services.order_service", "message": 
"order.created", "event": "order.created", "order_id": "b55c91a1-36a6-4531-9ea2-5491615245a2", "order_number": 45, 
"order_type": "pickup", "status": "NEW", "actor_user_id": "0ce35dca-d398-4600-9607-c80a9c594f93"}
{"ts": "2026-03-17T23:50:51.092519+00:00", "level": "INFO", "logger": "app.main", "message": "http.request", "event": 
"http.request", "method": "POST", "path": "/orders", "status_code": 201, "elapsed_ms": 218.34, "request_id": 
"18f4255b-488e-47f9-bb5b-159f92457fab"}
INFO:     172.19.0.1:54564 - "POST /orders/c6d39672-a0ae-438a-9c7e-e5b698efd64d/accept HTTP/1.1" 200 OK
INFO:     172.19.0.1:54564 - "GET /orders/latest?limit=50 HTTP/1.1" 200 OK
INFO:     172.19.0.1:54564 - "POST /orders/178e33bb-80d6-4465-b3df-f9301c09868c/accept HTTP/1.1" 200 OK
INFO:     172.19.0.1:54576 - "POST /orders/178e33bb-80d6-4465-b3df-f9301c09868c/accept HTTP/1.1" 400 Bad Request
INFO:     172.19.0.1:54574 - "POST /orders/178e33bb-80d6-4465-b3df-f9301c09868c/accept HTTP/1.1" 400 Bad Request
INFO:     172.19.0.1:54592 - "GET /admin/drivers/available HTTP/1.1" 200 OK
INFO:     172.19.0.1:54564 - "POST /orders/178e33bb-80d6-4465-b3df-f9301c09868c/accept HTTP/1.1" 400 Bad Request
INFO:     172.19.0.1:54574 - "GET /orders/178e33bb-80d6-4465-b3df-f9301c09868c HTTP/1.1" 200 OK
INFO:     172.19.0.1:49730 - "POST /orders/ee03d94b-a24d-42d9-849b-5f1d1463342f/accept HTTP/1.1" 200 OK
INFO:     172.19.0.1:49730 - "GET /orders/ee03d94b-a24d-42d9-849b-5f1d1463342f HTTP/1.1" 200 OK
INFO:     172.19.0.1:49744 - "POST /auth/send-otp HTTP/1.1" 200 OK
INFO:     172.19.0.1:49750 - "POST /auth/verify-otp HTTP/1.1" 200 OK
INFO:     172.19.0.1:49762 - "GET /menu HTTP/1.1" 200 OK
INFO:     172.19.0.1:49764 - "POST /orders HTTP/1.1" 201 Created
INFO:     172.19.0.1:49766 - "POST /orders HTTP/1.1" 201 Created
INFO:     172.19.0.1:49792 - "POST /orders HTTP/1.1" 201 Created
INFO:     172.19.0.1:49800 - "POST /orders HTTP/1.1" 201 Created
INFO:     172.19.0.1:49802 - "POST /orders HTTP/1.1" 201 Created
INFO:     172.19.0.1:49810 - "POST /orders HTTP/1.1" 201 Created
INFO:     172.19.0.1:49816 - "POST /orders HTTP/1.1" 201 Created
INFO:     172.19.0.1:49818 - "POST /orders HTTP/1.1" 201 Created
INFO:     172.19.0.1:49822 - "POST /orders HTTP/1.1" 201 Created
INFO:     172.19.0.1:49832 - "POST /orders HTTP/1.1" 201 Created
INFO:     172.19.0.1:49846 - "POST /orders HTTP/1.1" 201 Created
INFO:     172.19.0.1:49862 - "POST /orders HTTP/1.1" 201 Created
INFO:     172.19.0.1:49730 - "GET /orders/9a3ddae0-7198-4833-af2e-8e54ce769877 HTTP/1.1" 200 OK
INFO:     172.19.0.1:49864 - "GET /orders/4cf2cfca-26b4-42c4-bfd9-eb4eb086de75 HTTP/1.1" 200 OK
INFO:     172.19.0.1:49870 - "GET /orders/201f15b4-e14d-4cb4-b9b0-f704a5e1df37 HTTP/1.1" 200 OK
INFO:     172.19.0.1:49880 - "GET /orders/b55c91a1-36a6-4531-9ea2-5491615245a2 HTTP/1.1" 200 OK
INFO:     172.19.0.1:49730 - "GET /orders/8c7f953d-2cfd-496e-8ade-ead9939ceb8e HTTP/1.1" 200 OK
INFO:     172.19.0.1:49864 - "GET /orders/090b727d-7831-4dc7-b798-24ba24d47c36 HTTP/1.1" 200 OK
INFO:     172.19.0.1:49892 - "GET /orders/62d11a06-15b7-46a5-b771-99fd8bb3e2d7 HTTP/1.1" 200 OK
INFO:     172.19.0.1:49870 - "GET /orders/41dc2fc2-2cb0-4ed0-ae60-b17ebaeba5e2 HTTP/1.1" 200 OK
INFO:     172.19.0.1:49880 - "GET /orders/206a537d-af28-425c-912d-738e6705b5ce HTTP/1.1" 200 OK
INFO:     172.19.0.1:49892 - "GET /orders/54703379-ce1b-46f0-bf17-947a7c9f2479 HTTP/1.1" 200 OK
INFO:     172.19.0.1:49730 - "GET /orders/c929b791-183e-464f-a0b7-4723097e0f43 HTTP/1.1" 200 OK
{"ts": "2026-03-17T23:50:51.111477+00:00", "level": "INFO", "logger": "app.services.order_service", "message": 
"order.created", "event": "order.created", "order_id": "8c7f953d-2cfd-496e-8ade-ead9939ceb8e", "order_number": 46, 
"order_type": "pickup", "status": "NEW", "actor_user_id": "0ce35dca-d398-4600-9607-c80a9c594f93"}
{"ts": "2026-03-17T23:50:51.127904+00:00", "level": "INFO", "logger": "app.main", "message": "http.request", "event": 
"http.request", "method": "POST", "path": "/orders", "status_code": 201, "elapsed_ms": 253.12, "request_id": 
"a2720781-8137-4e34-a915-7391b43e3150"}
{"ts": "2026-03-17T23:50:51.132559+00:00", "level": "INFO", "logger": "app.services.order_service", "message": 
"order.created", "event": "order.created", "order_id": "090b727d-7831-4dc7-b798-24ba24d47c36", "order_number": 47, 
"order_type": "pickup", "status": "NEW", "actor_user_id": "0ce35dca-d398-4600-9607-c80a9c594f93"}
{"ts": "2026-03-17T23:50:51.142169+00:00", "level": "INFO", "logger": "app.main", "message": "http.request", "event": 
"http.request", "method": "POST", "path": "/orders", "status_code": 201, "elapsed_ms": 267.17, "request_id": 
"6e60f4a2-7b40-4f67-a5a7-25fc6d555a59"}
{"ts": "2026-03-17T23:50:51.142906+00:00", "level": "INFO", "logger": "app.services.order_service", "message": 
"order.created", "event": "order.created", "order_id": "62d11a06-15b7-46a5-b771-99fd8bb3e2d7", "order_number": 48, 
"order_type": "pickup", "status": "NEW", "actor_user_id": "0ce35dca-d398-4600-9607-c80a9c594f93"}
{"ts": "2026-03-17T23:50:51.155469+00:00", "level": "INFO", "logger": "app.main", "message": "http.request", "event": 
"http.request", "method": "POST", "path": "/orders", "status_code": 201, "elapsed_ms": 221.33, "request_id": 
"2c7d0d0c-aad0-4988-884c-ec43e2e41831"}
{"ts": "2026-03-17T23:50:51.156419+00:00", "level": "INFO", "logger": "app.services.order_service", "message": 
"order.created", "event": "order.created", "order_id": "41dc2fc2-2cb0-4ed0-ae60-b17ebaeba5e2", "order_number": 49, 
"order_type": "pickup", "status": "NEW", "actor_user_id": "0ce35dca-d398-4600-9607-c80a9c594f93"}
{"ts": "2026-03-17T23:50:51.168766+00:00", "level": "INFO", "logger": "app.services.order_service", "message": 
"order.created", "event": "order.created", "order_id": "206a537d-af28-425c-912d-738e6705b5ce", "order_number": 50, 
"order_type": "pickup", "status": "NEW", "actor_user_id": "0ce35dca-d398-4600-9607-c80a9c594f93"}
{"ts": "2026-03-17T23:50:51.171395+00:00", "level": "INFO", "logger": "app.main", "message": "http.request", "event": 
"http.request", "method": "POST", "path": "/orders", "status_code": 201, "elapsed_ms": 121.43, "request_id": 
"eed92263-8eb9-44af-b290-fd1500f34422"}
{"ts": "2026-03-17T23:50:51.176947+00:00", "level": "INFO", "logger": "app.main", "message": "http.request", "event": 
"http.request", "method": "POST", "path": "/orders", "status_code": 201, "elapsed_ms": 108.64, "request_id": 
"8b57da53-99e7-4feb-b34b-c07c20d291cf"}
{"ts": "2026-03-17T23:50:51.181219+00:00", "level": "INFO", "logger": "app.services.order_service", "message": 
"order.created", "event": "order.created", "order_id": "54703379-ce1b-46f0-bf17-947a7c9f2479", "order_number": 51, 
"order_type": "pickup", "status": "NEW", "actor_user_id": "0ce35dca-d398-4600-9607-c80a9c594f93"}
{"ts": "2026-03-17T23:50:51.189500+00:00", "level": "INFO", "logger": "app.main", "message": "http.request", "event": 
"http.request", "method": "POST", "path": "/orders", "status_code": 201, "elapsed_ms": 86.82, "request_id": 
"75c42752-868c-4dd5-86a2-85ab5ccb82f8"}
{"ts": "2026-03-17T23:50:51.198934+00:00", "level": "INFO", "logger": "app.main", "message": "http.request", "event": 
"http.request", "method": "POST", "path": "/orders", "status_code": 201, "elapsed_ms": 63.97, "request_id": 
"8fc4aef7-1b54-48ac-b48d-437702e94999"}
{"ts": "2026-03-17T23:50:51.200803+00:00", "level": "INFO", "logger": "app.services.order_service", "message": 
"order.created", "event": "order.created", "order_id": "c929b791-183e-464f-a0b7-4723097e0f43", "order_number": 52, 
"order_type": "pickup", "status": "NEW", "actor_user_id": "0ce35dca-d398-4600-9607-c80a9c594f93"}
{"ts": "2026-03-17T23:50:51.207961+00:00", "level": "INFO", "logger": "app.services.order_service", "message": 
"order.created", "event": "order.created", "order_id": "8dec0fcb-06d2-4457-8a40-cb81c20225d4", "order_number": 53, 
"order_type": "pickup", "status": "NEW", "actor_user_id": "0ce35dca-d398-4600-9607-c80a9c594f93"}
{"ts": "2026-03-17T23:50:51.209775+00:00", "level": "INFO", "logger": "app.main", "message": "http.request", "event": 
"http.request", "method": "POST", "path": "/orders", "status_code": 201, "elapsed_ms": 34.61, "request_id": 
"6570abfb-f2ee-407e-8c8e-e07820cef796"}
{"ts": "2026-03-17T23:50:51.219388+00:00", "level": "INFO", "logger": "app.main", "message": "http.request", "event": 
"http.request", "method": "POST", "path": "/orders", "status_code": 201, "elapsed_ms": 44.12, "request_id": 
"c133b0ef-55d5-4b27-8fe0-ac7b424934a2"}
{"ts": "2026-03-17T23:50:51.242307+00:00", "level": "INFO", "logger": "app.main", "message": "http.request", "event": 
"http.request", "method": "GET", "path": "/orders/9a3ddae0-7198-4833-af2e-8e54ce769877", "status_code": 200, 
"elapsed_ms": 9.08, "request_id": "8c03463e-472a-4aa4-aa3e-194ed9cd5a6c"}
{"ts": "2026-03-17T23:50:51.255190+00:00", "level": "INFO", "logger": "app.main", "message": "http.request", "event": 
"http.request", "method": "GET", "path": "/orders/4cf2cfca-26b4-42c4-bfd9-eb4eb086de75", "status_code": 200, 
"elapsed_ms": 8.59, "request_id": "bb4d6b5a-f389-4fdc-a970-77874a2453df"}
{"ts": "2026-03-17T23:50:51.273019+00:00", "level": "INFO", "logger": "app.main", "message": "http.request", "event": 
"http.request", "method": "GET", "path": "/orders/201f15b4-e14d-4cb4-b9b0-f704a5e1df37", "status_code": 200, 
"elapsed_ms": 14.77, "request_id": "9b63cbf8-a494-40ee-8f74-877755d54e1c"}
{"ts": "2026-03-17T23:50:51.281727+00:00", "level": "INFO", "logger": "app.main", "message": "http.request", "event": 
"http.request", "method": "GET", "path": "/orders/b55c91a1-36a6-4531-9ea2-5491615245a2", "status_code": 200, 
"elapsed_ms": 24.96, "request_id": "90818473-8ca9-4479-bfcf-3e08b3d877af"}
{"ts": "2026-03-17T23:50:51.285507+00:00", "level": "INFO", "logger": "app.main", "message": "http.request", "event": 
"http.request", "method": "GET", "path": "/orders/8c7f953d-2cfd-496e-8ade-ead9939ceb8e", "status_code": 200, 
"elapsed_ms": 18.28, "request_id": "c90620fc-5ea7-4dfe-aa0e-64756889caf3"}
{"ts": "2026-03-17T23:50:51.305004+00:00", "level": "INFO", "logger": "app.main", "message": "http.request", "event": 
"http.request", "method": "GET", "path": "/orders/090b727d-7831-4dc7-b798-24ba24d47c36", "status_code": 200, 
"elapsed_ms": 28.75, "request_id": "218929d2-2d0b-48be-a488-556b5eca7ba7"}
{"ts": "2026-03-17T23:50:51.310560+00:00", "level": "INFO", "logger": "app.main", "message": "http.request", "event": 
"http.request", "method": "GET", "path": "/orders/62d11a06-15b7-46a5-b771-99fd8bb3e2d7", "status_code": 200, 
"elapsed_ms": 27.95, "request_id": "b1957d47-bcdb-4700-92b5-a0ae65b3ef37"}
{"ts": "2026-03-17T23:50:51.319896+00:00", "level": "INFO", "logger": "app.main", "message": "http.request", "event": 
"http.request", "method": "GET", "path": "/orders/41dc2fc2-2cb0-4ed0-ae60-b17ebaeba5e2", "status_code": 200, 
"elapsed_ms": 27.75, "request_id": "5c3e1ec5-e95a-451f-91dd-2b78d73e35fb"}
{"ts": "2026-03-17T23:50:51.321615+00:00", "level": "INFO", "logger": "app.main", "message": "http.request", "event": 
"http.request", "method": "GET", "path": "/orders/206a537d-af28-425c-912d-738e6705b5ce", "status_code": 200, 
"elapsed_ms": 20.79, "request_id": "47add888-7ae7-40e2-87c5-7b1d4508a4d3"}
{"ts": "2026-03-17T23:50:51.351279+00:00", "level": "INFO", "logger": "app.main", "message": "http.request", "event": 
"http.request", "method": "GET", "path": "/orders/54703379-ce1b-46f0-bf17-947a7c9f2479", "status_code": 200, 
"elapsed_ms": 21.2, "request_id": "a946b986-0c15-4c89-8253-1d8edba2fcc5"}
{"ts": "2026-03-17T23:50:51.367804+00:00", "level": "INFO", "logger": "app.main", "message": "http.request", "event": 
"http.request", "method": "GET", "path": "/orders/c929b791-183e-464f-a0b7-4723097e0f43", "status_code": 200, 
"elapsed_ms": 26.17, "request_id": "c668549d-60e6-40d5-8b62-8802eb861064"}
{"ts": "2026-03-17T23:50:51.368510+00:00", "level": "INFO", "logger": "app.main", "message": "http.request", "event": 
"http.request", "method": "GET", "path": "/orders/8dec0fcb-06d2-4457-8a40-cb81c20225d4", "status_code": 200, 
"elapsed_ms": 24.22, "request_id": "5d53d883-04c9-493d-aebf-b1042ea4a8b3"}
{"ts": "2026-03-17T23:50:55.821177+00:00", "level": "INFO", "logger": "app.services.order_service", "message": 
"order.accepted", "event": "order.accepted", "order_id": "c929b791-183e-464f-a0b7-4723097e0f43", "order_number": 52, 
"status": "ACCEPTED", "actor_user_id": "6bb39ac8-3492-463e-a973-bc8855a75309", "actor_role": "FRONTDESK"}
{"ts": "2026-03-17T23:50:55.828174+00:00", "level": "INFO", "logger": "app.main", "message": "http.request", "event": 
"http.request", "method": "POST", "path": "/orders/c929b791-183e-464f-a0b7-4723097e0f43/accept", "status_code": 200, 
"elapsed_ms": 25.1, "request_id": "8e03debc-6440-42fa-a6d1-e4efe01f957d"}
{"ts": "2026-03-17T23:50:55.877219+00:00", "level": "INFO", "logger": "app.main", "message": "http.request", "event": 
"http.request", "method": "GET", "path": "/orders/c929b791-183e-464f-a0b7-4723097e0f43", "status_code": 200, 
"elapsed_ms": 8.41, "request_id": "499dec05-4fd3-4a18-b6c2-5e2a33556869"}
{"ts": "2026-03-17T23:50:59.412390+00:00", "level": "INFO", "logger": "app.services.order_service", "message": 
"order.accepted", "event": "order.accepted", "order_id": "54703379-ce1b-46f0-bf17-947a7c9f2479", "order_number": 51, 
"status": "ACCEPTED", "actor_user_id": "6bb39ac8-3492-463e-a973-bc8855a75309", "actor_role": "FRONTDESK"}
{"ts": "2026-03-17T23:50:59.418914+00:00", "level": "INFO", "logger": "app.main", "message": "http.request", "event": 
"http.request", "method": "POST", "path": "/orders/54703379-ce1b-46f0-bf17-947a7c9f2479/accept", "status_code": 200, 
"elapsed_ms": 19.36, "request_id": "119b4457-e170-4ce9-a897-2eb4dfcf1c71"}
{"ts": "2026-03-17T23:50:59.454156+00:00", "level": "INFO", "logger": "app.main", "message": "http.request", "event": 
"http.request", "method": "GET", "path": "/orders/54703379-ce1b-46f0-bf17-947a7c9f2479", "status_code": 200, 
"elapsed_ms": 10.15, "request_id": "d30be4a9-7fa9-4cd3-92b1-adcee989eb42"}
{"ts": "2026-03-17T23:51:31.610001+00:00", "level": "INFO", "logger": "app.services.order_service", "message": 
"order.accepted", "event": "order.accepted", "order_id": "8dec0fcb-06d2-4457-8a40-cb81c20225d4", "order_number": 53, 
"status": "ACCEPTED", "actor_user_id": "6bb39ac8-3492-463e-a973-bc8855a75309", "actor_role": "FRONTDESK"}
{"ts": "2026-03-17T23:51:31.615873+00:00", "level": "INFO", "logger": "app.main", "message": "http.request", "event": 
"http.request", "method": "POST", "path": "/orders/8dec0fcb-06d2-4457-8a40-cb81c20225d4/accept", "status_code": 200, 
"elapsed_ms": 26.02, "request_id": "49ad09a6-f2bb-441d-b1f0-ffa0cb145265"}
{"ts": "2026-03-17T23:51:31.646926+00:00", "level": "INFO", "logger": "app.main", "message": "http.request", "event": 
"http.request", "method": "GET", "path": "/orders/8dec0fcb-06d2-4457-8a40-cb81c20225d4", "status_code": 200, 
"elapsed_ms": 8.54, "request_id": "24ae113a-8b8b-4951-8366-bd935daa558e"}
{"ts": "2026-03-17T23:51:33.548854+00:00", "level": "INFO", "logger": "app.services.order_service", "message": 
"order.accepted", "event": "order.accepted", "order_id": "090b727d-7831-4dc7-b798-24ba24d47c36", "order_number": 47, 
"status": "ACCEPTED", "actor_user_id": "6bb39ac8-3492-463e-a973-bc8855a75309", "actor_role": "FRONTDESK"}
{"ts": "2026-03-17T23:51:33.555287+00:00", "level": "INFO", "logger": "app.main", "message": "http.request", "event": 
"http.request", "method": "POST", "path": "/orders/090b727d-7831-4dc7-b798-24ba24d47c36/accept", "status_code": 200, 
"elapsed_ms": 25.57, "request_id": "8dd202a0-abce-42ee-b2af-fb7a88f8cc77"}
{"ts": "2026-03-17T23:51:33.588641+00:00", "level": "INFO", "logger": "app.main", "message": "http.request", "event": 
"http.request", "method": "GET", "path": "/orders/090b727d-7831-4dc7-b798-24ba24d47c36", "status_code": 200, 
"elapsed_ms": 7.14, "request_id": "3c060a71-8ebc-4171-ae74-f14ce9115f39"}
{"ts": "2026-03-17T23:51:35.615599+00:00", "level": "INFO", "logger": "app.services.order_service", "message": 
"order.accepted", "event": "order.accepted", "order_id": "41dc2fc2-2cb0-4ed0-ae60-b17ebaeba5e2", "order_number": 49, 
"status": "ACCEPTED", "actor_user_id": "6bb39ac8-3492-463e-a973-bc8855a75309", "actor_role": "FRONTDESK"}
{"ts": "2026-03-17T23:51:35.621632+00:00", "level": "INFO", "logger": "app.main", "message": "http.request", "event": 
"http.request", "method": "POST", "path": "/orders/41dc2fc2-2cb0-4ed0-ae60-b17ebaeba5e2/accept", "status_code": 200, 
"elapsed_ms": 24.88, "request_id": "00f2ad94-ed21-4531-9b47-b4a12947e9e1"}
{"ts": "2026-03-17T23:51:35.654731+00:00", "level": "INFO", "logger": "app.main", "message": "http.request", "event": 
"http.request", "method": "GET", "path": "/orders/41dc2fc2-2cb0-4ed0-ae60-b17ebaeba5e2", "status_code": 200, 
"elapsed_ms": 8.34, "request_id": "4fd3fcf3-7a53-41a0-adfc-e1a2571cb112"}
{"ts": "2026-03-17T23:51:38.076785+00:00", "level": "INFO", "logger": "app.services.order_service", "message": 
"order.accepted", "event": "order.accepted", "order_id": "206a537d-af28-425c-912d-738e6705b5ce", "order_number": 50, 
"status": "ACCEPTED", "actor_user_id": "6bb39ac8-3492-463e-a973-bc8855a75309", "actor_role": "FRONTDESK"}
{"ts": "2026-03-17T23:51:38.083282+00:00", "level": "INFO", "logger": "app.main", "message": "http.request", "event": 
"http.request", "method": "POST", "path": "/orders/206a537d-af28-425c-912d-738e6705b5ce/accept", "status_code": 200, 
"elapsed_ms": 24.24, "request_id": "5658412d-cb0b-4e1e-a540-a9c72096311f"}
{"ts": "2026-03-17T23:51:38.117663+00:00", "level": "INFO", "logger": "app.main", "message": "http.request", "event": 
"http.request", "method": "GET", "path": "/orders/206a537d-af28-425c-912d-738e6705b5ce", "status_code": 200, 
"elapsed_ms": 7.38, "request_id": "46a0575a-6263-4e45-9922-b62250fe0413"}
{"ts": "2026-03-17T23:51:43.156587+00:00", "level": "INFO", "logger": "app.services.order_service", "message": 
"order.accepted", "event": "order.accepted", "order_id": "8c7f953d-2cfd-496e-8ade-ead9939ceb8e", "order_number": 46, 
"status": "ACCEPTED", "actor_user_id": "6bb39ac8-3492-463e-a973-bc8855a75309", "actor_role": "FRONTDESK"}
{"ts": "2026-03-17T23:51:43.163179+00:00", "level": "INFO", "logger": "app.main", "message": "http.request", "event": 
"http.request", "method": "POST", "path": "/orders/8c7f953d-2cfd-496e-8ade-ead9939ceb8e/accept", "status_code": 200, 
"elapsed_ms": 23.19, "request_id": "374bdbf3-0ba6-4b7a-bcb9-a64ae017a2c2"}
{"ts": "2026-03-17T23:51:43.207535+00:00", "level": "INFO", "logger": "app.main", "message": "http.request", "event": 
"http.request", "method": "GET", "path": "/orders/8c7f953d-2cfd-496e-8ade-ead9939ceb8e", "status_code": 200, 
"elapsed_ms": 7.32, "request_id": "17ee4495-103a-4058-beb0-2840415a2bc7"}
{"ts": "2026-03-17T23:51:45.579537+00:00", "level": "INFO", "logger": "app.services.order_service", "message": 
"order.accepted", "event": "order.accepted", "order_id": "62d11a06-15b7-46a5-b771-99fd8bb3e2d7", "order_number": 48, 
"status": "ACCEPTED", "actor_user_id": "6bb39ac8-3492-463e-a973-bc8855a75309", "actor_role": "FRONTDESK"}
{"ts": "2026-03-17T23:51:45.587115+00:00", "level": "INFO", "logger": "app.main", "message": "http.request", "event": 
"http.request", "method": "POST", "path": "/orders/62d11a06-15b7-46a5-b771-99fd8bb3e2d7/accept", "status_code": 200, 
"elapsed_ms": 17.22, "request_id": "601adf3b-3b32-491e-a08f-b0516fd047d8"}
{"ts": "2026-03-17T23:51:45.615390+00:00", "level": "INFO", "logger": "app.main", "message": "http.request", "event": 
"http.request", "method": "GET", "path": "/orders/62d11a06-15b7-46a5-b771-99fd8bb3e2d7", "status_code": 200, 
"elapsed_ms": 7.01, "request_id": "dd9413ed-f05a-40d4-b9a5-238e7cd595c3"}
{"ts": "2026-03-17T23:51:47.052623+00:00", "level": "INFO", "logger": "app.main", "message": "http.request", "event": 
"http.request", "method": "GET", "path": "/health", "status_code": 200, "elapsed_ms": 2.3, "request_id": 
"ec53705c-623d-4ace-a95c-a9e432fb3373"}
{"ts": "2026-03-17T23:51:47.098408+00:00", "level": "INFO", "logger": "app.main", "message": "http.request", "event": 
"http.request", "method": "GET", "path": "/health", "status_code": 200, "elapsed_ms": 0.93, "request_id": 
"66f15535-70ef-4907-9496-32abc44c4000"}
{"ts": "2026-03-17T23:51:47.728049+00:00", "level": "INFO", "logger": "app.services.order_service", "message": 
"order.accepted", "event": "order.accepted", "order_id": "b55c91a1-36a6-4531-9ea2-5491615245a2", "order_number": 45, 
"status": "ACCEPTED", "actor_user_id": "6bb39ac8-3492-463e-a973-bc8855a75309", "actor_role": "FRONTDESK"}
{"ts": "2026-03-17T23:51:47.734269+00:00", "level": "INFO", "logger": "app.main", "message": "http.request", "event": 
"http.request", "method": "POST", "path": "/orders/b55c91a1-36a6-4531-9ea2-5491615245a2/accept", "status_code": 200, 
"elapsed_ms": 16.29, "request_id": "ec69bde0-28a5-4db9-af94-e289d82147d6"}
{"ts": "2026-03-17T23:51:47.766573+00:00", "level": "INFO", "logger": "app.main", "message": "http.request", "event": 
"http.request", "method": "GET", "path": "/orders/b55c91a1-36a6-4531-9ea2-5491615245a2", "status_code": 200, 
"elapsed_ms": 10.79, "request_id": "16194964-33e6-4d07-9c90-f1a0abde60f5"}
{"ts": "2026-03-17T23:51:51.829887+00:00", "level": "INFO", "logger": "app.services.order_service", "message": 
"order.accepted", "event": "order.accepted", "order_id": "201f15b4-e14d-4cb4-b9b0-f704a5e1df37", "order_number": 44, 
"status": "ACCEPTED", "actor_user_id": "6bb39ac8-3492-463e-a973-bc8855a75309", "actor_role": "FRONTDESK"}
{"ts": "2026-03-17T23:51:51.836767+00:00", "level": "INFO", "logger": "app.main", "message": "http.request", "event": 
"http.request", "method": "POST", "path": "/orders/201f15b4-e14d-4cb4-b9b0-f704a5e1df37/accept", "status_code": 200, 
"elapsed_ms": 25.62, "request_id": "f6820787-291e-49c1-bed5-ed34ad66c939"}
{"ts": "2026-03-17T23:51:51.866458+00:00", "level": "INFO", "logger": "app.main", "message": "http.request", "event": 
"http.request", "method": "GET", "path": "/orders/201f15b4-e14d-4cb4-b9b0-f704a5e1df37", "status_code": 200, 
"elapsed_ms": 11.28, "request_id": "73822d63-80e9-4c5d-8c0f-2d585fcbb741"}
{"ts": "2026-03-17T23:51:54.652419+00:00", "level": "INFO", "logger": "app.services.order_service", "message": 
"order.accepted", "event": "order.accepted", "order_id": "4cf2cfca-26b4-42c4-bfd9-eb4eb086de75", "order_number": 43, 
"status": "ACCEPTED", "actor_user_id": "6bb39ac8-3492-463e-a973-bc8855a75309", "actor_role": "FRONTDESK"}
{"ts": "2026-03-17T23:51:54.659964+00:00", "level": "INFO", "logger": "app.main", "message": "http.request", "event": 
"http.request", "method": "POST", "path": "/orders/4cf2cfca-26b4-42c4-bfd9-eb4eb086de75/accept", "status_code": 200, 
"elapsed_ms": 25.36, "request_id": "9856046e-e696-41e4-bc58-a9f95ca7a5bc"}
{"ts": "2026-03-17T23:51:54.694032+00:00", "level": "INFO", "logger": "app.main", "message": "http.request", "event": 
"http.request", "method": "GET", "path": "/orders/4cf2cfca-26b4-42c4-bfd9-eb4eb086de75", "status_code": 200, 
"elapsed_ms": 8.59, "request_id": "f1a756c1-7991-41f6-9275-af2175a7bc77"}
{"ts": "2026-03-17T23:51:57.942733+00:00", "level": "INFO", "logger": "app.services.order_service", "message": 
"order.accepted", "event": "order.accepted", "order_id": "9a3ddae0-7198-4833-af2e-8e54ce769877", "order_number": 42, 
"status": "ACCEPTED", "actor_user_id": "6bb39ac8-3492-463e-a973-bc8855a75309", "actor_role": "FRONTDESK"}
{"ts": "2026-03-17T23:51:57.950273+00:00", "level": "INFO", "logger": "app.main", "message": "http.request", "event": 
"http.request", "method": "POST", "path": "/orders/9a3ddae0-7198-4833-af2e-8e54ce769877/accept", "status_code": 200, 
"elapsed_ms": 27.65, "request_id": "b271ff51-a176-4283-afbb-5dc7456433dc"}
{"ts": "2026-03-17T23:51:57.988234+00:00", "level": "INFO", "logger": "app.main", "message": "http.request", "event": 
"http.request", "method": "GET", "path": "/orders/9a3ddae0-7198-4833-af2e-8e54ce769877", "status_code": 200, 
"elapsed_ms": 8.33, "request_id": "0b3af245-636a-430c-8d38-1e70352e6329"}
{"ts": "2026-03-17T23:52:02.600954+00:00", "level": "INFO", "logger": "app.services.order_service", "message": 
"order.accepted", "event": "order.accepted", "order_id": "e093b4ca-52f9-42ea-a720-14eae52b9a31", "order_number": 40, 
"status": "ACCEPTED", "actor_user_id": "6bb39ac8-3492-463e-a973-bc8855a75309", "actor_role": "FRONTDESK"}
{"ts": "2026-03-17T23:52:02.606534+00:00", "level": "INFO", "logger": "app.main", "message": "http.request", "event": 
"http.request", "method": "POST", "path": "/orders/e093b4ca-52f9-42ea-a720-14eae52b9a31/accept", "status_code": 200, 
"elapsed_ms": 24.4, "request_id": "bedb30bf-84bb-4977-9319-d9bd5693591e"}
{"ts": "2026-03-17T23:52:02.628005+00:00", "level": "INFO", "logger": "app.main", "message": "http.request", "event": 
"http.request", "method": "GET", "path": "/orders/e093b4ca-52f9-42ea-a720-14eae52b9a31", "status_code": 200, 
"elapsed_ms": 7.06, "request_id": "6ad7688d-df22-4ddb-b68d-2c21d37cb6a1"}
{"ts": "2026-03-17T23:52:05.522059+00:00", "level": "INFO", "logger": "app.services.order_service", "message": 
"order.accepted", "event": "order.accepted", "order_id": "70017e16-0b6d-4267-ba81-c2cc33790983", "order_number": 38, 
"status": "ACCEPTED", "actor_user_id": "6bb39ac8-3492-463e-a973-bc8855a75309", "actor_role": "FRONTDESK"}
{"ts": "2026-03-17T23:52:05.527612+00:00", "level": "INFO", "logger": "app.main", "message": "http.request", "event": 
"http.request", "method": "POST", "path": "/orders/70017e16-0b6d-4267-ba81-c2cc33790983/accept", "status_code": 200, 
"elapsed_ms": 16.7, "request_id": "9c794a56-b7e1-4bef-b30f-a7497d321a09"}
{"ts": "2026-03-17T23:52:05.551180+00:00", "level": "INFO", "logger": "app.main", "message": "http.request", "event": 
"http.request", "method": "GET", "path": "/orders/70017e16-0b6d-4267-ba81-c2cc33790983", "status_code": 200, 
"elapsed_ms": 7.66, "request_id": "5555a6f8-abc3-4d97-bf47-c03d461240ad"}
{"ts": "2026-03-17T23:52:08.337343+00:00", "level": "INFO", "logger": "app.services.order_service", "message": 
"order.accepted", "event": "order.accepted", "order_id": "004489c7-e895-468c-b64d-60dca5e61781", "order_number": 39, 
"status": "ACCEPTED", "actor_user_id": "6bb39ac8-3492-463e-a973-bc8855a75309", "actor_role": "FRONTDESK"}
{"ts": "2026-03-17T23:52:08.343851+00:00", "level": "INFO", "logger": "app.main", "message": "http.request", "event": 
"http.request", "method": "POST", "path": "/orders/004489c7-e895-468c-b64d-60dca5e61781/accept", "status_code": 200, 
"elapsed_ms": 17.88, "request_id": "808de99a-8b27-41e5-afb8-42221655748c"}
{"ts": "2026-03-17T23:52:08.390579+00:00", "level": "INFO", "logger": "app.main", "message": "http.request", "event": 
"http.request", "method": "GET", "path": "/orders/004489c7-e895-468c-b64d-60dca5e61781", "status_code": 200, 
"elapsed_ms": 7.52, "request_id": "b8ccde2c-e4f3-4494-8286-ccd49341cac4"}
{"ts": "2026-03-17T23:52:11.734533+00:00", "level": "INFO", "logger": "app.services.order_service", "message": 
"order.accepted", "event": "order.accepted", "order_id": "bbf10c45-0991-4b4b-9b3c-b1a48a08cb4c", "order_number": 37, 
"status": "ACCEPTED", "actor_user_id": "6bb39ac8-3492-463e-a973-bc8855a75309", "actor_role": "FRONTDESK"}
{"ts": "2026-03-17T23:52:11.741483+00:00", "level": "INFO", "logger": "app.main", "message": "http.request", "event": 
"http.request", "method": "POST", "path": "/orders/bbf10c45-0991-4b4b-9b3c-b1a48a08cb4c/accept", "status_code": 200, 
"elapsed_ms": 18.46, "request_id": "71a60a0c-0dab-42b5-9cb4-cc980da5cb11"}
{"ts": "2026-03-17T23:52:11.772248+00:00", "level": "INFO", "logger": "app.main", "message": "http.request", "event": 
"http.request", "method": "GET", "path": "/orders/bbf10c45-0991-4b4b-9b3c-b1a48a08cb4c", "status_code": 200, 
"elapsed_ms": 7.09, "request_id": "f06500d3-95bb-4ac2-bd88-a5ecce4c89cf"}
{"ts": "2026-03-17T23:52:14.509579+00:00", "level": "INFO", "logger": "app.services.order_service", "message": 
"order.accepted", "event": "order.accepted", "order_id": "77e36ea6-b59a-49a0-ae15-5df09e44ffc2", "order_number": 36, 
"status": "ACCEPTED", "actor_user_id": "6bb39ac8-3492-463e-a973-bc8855a75309", "actor_role": "FRONTDESK"}
{"ts": "2026-03-17T23:52:14.515815+00:00", "level": "INFO", "logger": "app.main", "message": "http.request", "event": 
"http.request", "method": "POST", "path": "/orders/77e36ea6-b59a-49a0-ae15-5df09e44ffc2/accept", "status_code": 200, 
"elapsed_ms": 26.22, "request_id": "8269ef4b-0bb8-450c-8f59-76c36f1e4dcf"}
{"ts": "2026-03-17T23:52:14.552013+00:00", "level": "INFO", "logger": "app.main", "message": "http.request", "event": 
"http.request", "method": "GET", "path": "/orders/77e36ea6-b59a-49a0-ae15-5df09e44ffc2", "status_code": 200, 
"elapsed_ms": 6.78, "request_id": "69a5b250-bf7c-4774-90c0-9e67ddb6f80d"}
{"ts": "2026-03-17T23:52:17.643377+00:00", "level": "INFO", "logger": "app.services.order_service", "message": 
"order.accepted", "event": "order.accepted", "order_id": "9da0c9a7-7fa3-4ae8-aa35-8fc5d300af0d", "order_number": 35, 
"status": "ACCEPTED", "actor_user_id": "6bb39ac8-3492-463e-a973-bc8855a75309", "actor_role": "FRONTDESK"}
{"ts": "2026-03-17T23:52:17.649503+00:00", "level": "INFO", "logger": "app.main", "message": "http.request", "event": 
"http.request", "method": "POST", "path": "/orders/9da0c9a7-7fa3-4ae8-aa35-8fc5d300af0d/accept", "status_code": 200, 
"elapsed_ms": 17.68, "request_id": "6fcc5d9d-9231-46ca-9a6f-686cf56b13f8"}
{"ts": "2026-03-17T23:52:17.680232+00:00", "level": "INFO", "logger": "app.main", "message": "http.request", "event": 
"http.request", "method": "GET", "path": "/orders/9da0c9a7-7fa3-4ae8-aa35-8fc5d300af0d", "status_code": 200, 
"elapsed_ms": 7.02, "request_id": "f44f6f43-1f75-4c6e-b364-59f50df746cd"}
{"ts": "2026-03-17T23:52:20.539055+00:00", "level": "INFO", "logger": "app.services.order_service", "message": 
"order.accepted", "event": "order.accepted", "order_id": "de26aca6-f49c-46d8-9791-96c1d45112c6", "order_number": 34, 
"status": "ACCEPTED", "actor_user_id": "6bb39ac8-3492-463e-a973-bc8855a75309", "actor_role": "FRONTDESK"}
{"ts": "2026-03-17T23:52:20.545246+00:00", "level": "INFO", "logger": "app.main", "message": "http.request", "event": 
"http.request", "method": "POST", "path": "/orders/de26aca6-f49c-46d8-9791-96c1d45112c6/accept", "status_code": 200, 
"elapsed_ms": 19.69, "request_id": "e53e162e-6173-48d2-b2ea-9eba1832dbed"}
{"ts": "2026-03-17T23:52:20.569263+00:00", "level": "INFO", "logger": "app.main", "message": "http.request", "event": 
"http.request", "method": "GET", "path": "/orders/de26aca6-f49c-46d8-9791-96c1d45112c6", "status_code": 200, 
"elapsed_ms": 6.74, "request_id": "dbfb14fc-39b0-4352-b35f-d0992741c8f0"}
{"ts": "2026-03-17T23:52:23.329661+00:00", "level": "INFO", "logger": "app.services.order_service", "message": 
"order.accepted", "event": "order.accepted", "order_id": "3d6864e2-17db-4353-bf26-d64dcbd63895", "order_number": 33, 
"status": "ACCEPTED", "actor_user_id": "6bb39ac8-3492-463e-a973-bc8855a75309", "actor_role": "FRONTDESK"}
{"ts": "2026-03-17T23:52:23.340128+00:00", "level": "INFO", "logger": "app.main", "message": "http.request", "event": 
"http.request", "method": "POST", "path": "/orders/3d6864e2-17db-4353-bf26-d64dcbd63895/accept", "status_code": 200, 
"elapsed_ms": 20.34, "request_id": "62a4e9e1-4f3a-40de-aef3-f98050f9dd4a"}
{"ts": "2026-03-17T23:52:23.367181+00:00", "level": "INFO", "logger": "app.main", "message": "http.request", "event": 
"http.request", "method": "GET", "path": "/orders/3d6864e2-17db-4353-bf26-d64dcbd63895", "status_code": 200, 
"elapsed_ms": 7.43, "request_id": "6782331c-d16d-423f-9ae5-f7c0560fe6a8"}
INFO:     172.19.0.1:49864 - "GET /orders/8dec0fcb-06d2-4457-8a40-cb81c20225d4 HTTP/1.1" 200 OK
INFO:     172.19.0.1:49730 - "POST /orders/c929b791-183e-464f-a0b7-4723097e0f43/accept HTTP/1.1" 200 OK
INFO:     172.19.0.1:49730 - "GET /orders/c929b791-183e-464f-a0b7-4723097e0f43 HTTP/1.1" 200 OK
INFO:     172.19.0.1:49730 - "POST /orders/54703379-ce1b-46f0-bf17-947a7c9f2479/accept HTTP/1.1" 200 OK
INFO:     172.19.0.1:49730 - "GET /orders/54703379-ce1b-46f0-bf17-947a7c9f2479 HTTP/1.1" 200 OK
INFO:     172.19.0.1:37252 - "POST /orders/8dec0fcb-06d2-4457-8a40-cb81c20225d4/accept HTTP/1.1" 200 OK
INFO:     172.19.0.1:37252 - "GET /orders/8dec0fcb-06d2-4457-8a40-cb81c20225d4 HTTP/1.1" 200 OK
INFO:     172.19.0.1:37252 - "POST /orders/090b727d-7831-4dc7-b798-24ba24d47c36/accept HTTP/1.1" 200 OK
INFO:     172.19.0.1:37252 - "GET /orders/090b727d-7831-4dc7-b798-24ba24d47c36 HTTP/1.1" 200 OK
INFO:     172.19.0.1:37252 - "POST /orders/41dc2fc2-2cb0-4ed0-ae60-b17ebaeba5e2/accept HTTP/1.1" 200 OK
INFO:     172.19.0.1:37252 - "GET /orders/41dc2fc2-2cb0-4ed0-ae60-b17ebaeba5e2 HTTP/1.1" 200 OK
INFO:     172.19.0.1:37252 - "POST /orders/206a537d-af28-425c-912d-738e6705b5ce/accept HTTP/1.1" 200 OK
INFO:     172.19.0.1:37252 - "GET /orders/206a537d-af28-425c-912d-738e6705b5ce HTTP/1.1" 200 OK
INFO:     172.19.0.1:45986 - "POST /orders/8c7f953d-2cfd-496e-8ade-ead9939ceb8e/accept HTTP/1.1" 200 OK
INFO:     172.19.0.1:45986 - "GET /orders/8c7f953d-2cfd-496e-8ade-ead9939ceb8e HTTP/1.1" 200 OK
INFO:     172.19.0.1:45986 - "POST /orders/62d11a06-15b7-46a5-b771-99fd8bb3e2d7/accept HTTP/1.1" 200 OK
INFO:     172.19.0.1:45986 - "GET /orders/62d11a06-15b7-46a5-b771-99fd8bb3e2d7 HTTP/1.1" 200 OK
INFO:     172.19.0.1:33506 - "GET /health HTTP/1.1" 200 OK
INFO:     172.19.0.1:33520 - "GET /health HTTP/1.1" 200 OK
INFO:     172.19.0.1:45986 - "POST /orders/b55c91a1-36a6-4531-9ea2-5491615245a2/accept HTTP/1.1" 200 OK
INFO:     172.19.0.1:45986 - "GET /orders/b55c91a1-36a6-4531-9ea2-5491615245a2 HTTP/1.1" 200 OK
INFO:     172.19.0.1:45986 - "POST /orders/201f15b4-e14d-4cb4-b9b0-f704a5e1df37/accept HTTP/1.1" 200 OK
INFO:     172.19.0.1:45986 - "GET /orders/201f15b4-e14d-4cb4-b9b0-f704a5e1df37 HTTP/1.1" 200 OK
INFO:     172.19.0.1:45986 - "POST /orders/4cf2cfca-26b4-42c4-bfd9-eb4eb086de75/accept HTTP/1.1" 200 OK
INFO:     172.19.0.1:45986 - "GET /orders/4cf2cfca-26b4-42c4-bfd9-eb4eb086de75 HTTP/1.1" 200 OK
INFO:     172.19.0.1:45986 - "POST /orders/9a3ddae0-7198-4833-af2e-8e54ce769877/accept HTTP/1.1" 200 OK
INFO:     172.19.0.1:45986 - "GET /orders/9a3ddae0-7198-4833-af2e-8e54ce769877 HTTP/1.1" 200 OK
INFO:     172.19.0.1:45986 - "POST /orders/e093b4ca-52f9-42ea-a720-14eae52b9a31/accept HTTP/1.1" 200 OK
INFO:     172.19.0.1:45986 - "GET /orders/e093b4ca-52f9-42ea-a720-14eae52b9a31 HTTP/1.1" 200 OK
INFO:     172.19.0.1:45986 - "POST /orders/70017e16-0b6d-4267-ba81-c2cc33790983/accept HTTP/1.1" 200 OK
INFO:     172.19.0.1:45986 - "GET /orders/70017e16-0b6d-4267-ba81-c2cc33790983 HTTP/1.1" 200 OK
INFO:     172.19.0.1:45986 - "POST /orders/004489c7-e895-468c-b64d-60dca5e61781/accept HTTP/1.1" 200 OK
INFO:     172.19.0.1:45986 - "GET /orders/004489c7-e895-468c-b64d-60dca5e61781 HTTP/1.1" 200 OK
INFO:     172.19.0.1:45986 - "POST /orders/bbf10c45-0991-4b4b-9b3c-b1a48a08cb4c/accept HTTP/1.1" 200 OK
INFO:     172.19.0.1:45986 - "GET /orders/bbf10c45-0991-4b4b-9b3c-b1a48a08cb4c HTTP/1.1" 200 OK
INFO:     172.19.0.1:45986 - "POST /orders/77e36ea6-b59a-49a0-ae15-5df09e44ffc2/accept HTTP/1.1" 200 OK
INFO:     172.19.0.1:45986 - "GET /orders/77e36ea6-b59a-49a0-ae15-5df09e44ffc2 HTTP/1.1" 200 OK
INFO:     172.19.0.1:45986 - "POST /orders/9da0c9a7-7fa3-4ae8-aa35-8fc5d300af0d/accept HTTP/1.1" 200 OK
INFO:     172.19.0.1:45986 - "GET /orders/9da0c9a7-7fa3-4ae8-aa35-8fc5d300af0d HTTP/1.1" 200 OK
INFO:     172.19.0.1:45986 - "POST /orders/de26aca6-f49c-46d8-9791-96c1d45112c6/accept HTTP/1.1" 200 OK
INFO:     172.19.0.1:45986 - "GET /orders/de26aca6-f49c-46d8-9791-96c1d45112c6 HTTP/1.1" 200 OK
INFO:     172.19.0.1:45986 - "POST /orders/3d6864e2-17db-4353-bf26-d64dcbd63895/accept HTTP/1.1" 200 OK
INFO:     172.19.0.1:45986 - "GET /orders/3d6864e2-17db-4353-bf26-d64dcbd63895 HTTP/1.1" 200 OK
INFO:     172.19.0.1:45986 - "POST /orders/9ab1f368-50fe-4d87-9bd8-59fbd57c07f4/accept HTTP/1.1" 200 OK
INFO:     172.19.0.1:45986 - "GET /orders/9ab1f368-50fe-4d87-9bd8-59fbd57c07f4 HTTP/1.1" 200 OK
INFO:     172.19.0.1:45986 - "POST /orders/993128c4-8874-4423-878a-d92eb0dc514b/accept HTTP/1.1" 200 OK
INFO:     172.19.0.1:45986 - "GET /orders/993128c4-8874-4423-878a-d92eb0dc514b HTTP/1.1" 200 OK
INFO:     172.19.0.1:45986 - "POST /orders/691087ce-60a2-4007-b278-f9b6d2400e3b/accept HTTP/1.1" 200 OK
INFO:     172.19.0.1:45986 - "GET /orders/691087ce-60a2-4007-b278-f9b6d2400e3b HTTP/1.1" 200 OK
INFO:     172.19.0.1:45986 - "POST /orders/7cd99036-572d-43d0-ac2f-828b8d4661bd/accept HTTP/1.1" 200 OK
INFO:     172.19.0.1:45986 - "GET /orders/7cd99036-572d-43d0-ac2f-828b8d4661bd HTTP/1.1" 200 OK
INFO:     172.19.0.1:45986 - "POST /orders/e12b76f6-bde9-41bf-af60-1bd1308f7676/accept HTTP/1.1" 200 OK
{"ts": "2026-03-17T23:52:26.263968+00:00", "level": "INFO", "logger": "app.services.order_service", "message": 
"order.accepted", "event": "order.accepted", "order_id": "9ab1f368-50fe-4d87-9bd8-59fbd57c07f4", "order_number": 32, 
"status": "ACCEPTED", "actor_user_id": "6bb39ac8-3492-463e-a973-bc8855a75309", "actor_role": "FRONTDESK"}
{"ts": "2026-03-17T23:52:26.271580+00:00", "level": "INFO", "logger": "app.main", "message": "http.request", "event": 
"http.request", "method": "POST", "path": "/orders/9ab1f368-50fe-4d87-9bd8-59fbd57c07f4/accept", "status_code": 200, 
"elapsed_ms": 22.54, "request_id": "f5fb9bbe-720d-4b7a-b848-58a0297dc4eb"}
{"ts": "2026-03-17T23:52:26.320790+00:00", "level": "INFO", "logger": "app.main", "message": "http.request", "event": 
"http.request", "method": "GET", "path": "/orders/9ab1f368-50fe-4d87-9bd8-59fbd57c07f4", "status_code": 200, 
"elapsed_ms": 6.97, "request_id": "e23e1b66-d0a4-4828-be29-6f1dee929f32"}
{"ts": "2026-03-17T23:52:28.948663+00:00", "level": "INFO", "logger": "app.services.order_service", "message": 
"order.accepted", "event": "order.accepted", "order_id": "993128c4-8874-4423-878a-d92eb0dc514b", "order_number": 31, 
"status": "ACCEPTED", "actor_user_id": "6bb39ac8-3492-463e-a973-bc8855a75309", "actor_role": "FRONTDESK"}
{"ts": "2026-03-17T23:52:28.954534+00:00", "level": "INFO", "logger": "app.main", "message": "http.request", "event": 
"http.request", "method": "POST", "path": "/orders/993128c4-8874-4423-878a-d92eb0dc514b/accept", "status_code": 200, 
"elapsed_ms": 25.69, "request_id": "d0c5db8e-4cd8-46a3-b51f-2b24f5e647d1"}
{"ts": "2026-03-17T23:52:28.993715+00:00", "level": "INFO", "logger": "app.main", "message": "http.request", "event": 
"http.request", "method": "GET", "path": "/orders/993128c4-8874-4423-878a-d92eb0dc514b", "status_code": 200, 
"elapsed_ms": 8.28, "request_id": "f1defb74-e79f-45fa-b296-a5da8372099c"}
{"ts": "2026-03-17T23:52:33.766532+00:00", "level": "INFO", "logger": "app.services.order_service", "message": 
"order.accepted", "event": "order.accepted", "order_id": "691087ce-60a2-4007-b278-f9b6d2400e3b", "order_number": 30, 
"status": "ACCEPTED", "actor_user_id": "6bb39ac8-3492-463e-a973-bc8855a75309", "actor_role": "FRONTDESK"}
{"ts": "2026-03-17T23:52:33.774521+00:00", "level": "INFO", "logger": "app.main", "message": "http.request", "event": 
"http.request", "method": "POST", "path": "/orders/691087ce-60a2-4007-b278-f9b6d2400e3b/accept", "status_code": 200, 
"elapsed_ms": 21.54, "request_id": "5f9ad369-d6c7-4a3c-87c8-7de2ee8d2055"}
{"ts": "2026-03-17T23:52:33.805184+00:00", "level": "INFO", "logger": "app.main", "message": "http.request", "event": 
"http.request", "method": "GET", "path": "/orders/691087ce-60a2-4007-b278-f9b6d2400e3b", "status_code": 200, 
"elapsed_ms": 9.71, "request_id": "f7e533b2-53d6-4927-98e3-a2df21f8c97c"}
{"ts": "2026-03-17T23:52:37.556029+00:00", "level": "INFO", "logger": "app.services.order_service", "message": 
"order.accepted", "event": "order.accepted", "order_id": "7cd99036-572d-43d0-ac2f-828b8d4661bd", "order_number": 29, 
"status": "ACCEPTED", "actor_user_id": "6bb39ac8-3492-463e-a973-bc8855a75309", "actor_role": "FRONTDESK"}
{"ts": "2026-03-17T23:52:37.565440+00:00", "level": "INFO", "logger": "app.main", "message": "http.request", "event": 
"http.request", "method": "POST", "path": "/orders/7cd99036-572d-43d0-ac2f-828b8d4661bd/accept", "status_code": 200, 
"elapsed_ms": 23.61, "request_id": "d7c195b9-f6a7-4e5a-bf02-93798d1c72ff"}
{"ts": "2026-03-17T23:52:37.654818+00:00", "level": "INFO", "logger": "app.main", "message": "http.request", "event": 
"http.request", "method": "GET", "path": "/orders/7cd99036-572d-43d0-ac2f-828b8d4661bd", "status_code": 200, 
"elapsed_ms": 18.83, "request_id": "001f4c1b-fefa-4b6c-86e9-bea7ff6fd85d"}
{"ts": "2026-03-17T23:52:40.482098+00:00", "level": "INFO", "logger": "app.services.order_service", "message": 
"order.accepted", "event": "order.accepted", "order_id": "e12b76f6-bde9-41bf-af60-1bd1308f7676", "order_number": 28, 
"status": "ACCEPTED", "actor_user_id": "6bb39ac8-3492-463e-a973-bc8855a75309", "actor_role": "FRONTDESK"}
{"ts": "2026-03-17T23:52:40.489623+00:00", "level": "INFO", "logger": "app.main", "message": "http.request", "event": 
"http.request", "method": "POST", "path": "/orders/e12b76f6-bde9-41bf-af60-1bd1308f7676/accept", "status_code": 200, 
"elapsed_ms": 19.54, "request_id": "08c87edd-1e76-4f43-9fb5-c13f6618e591"}
{"ts": "2026-03-17T23:52:40.541063+00:00", "level": "INFO", "logger": "app.main", "message": "http.request", "event": 
"http.request", "method": "GET", "path": "/orders/e12b76f6-bde9-41bf-af60-1bd1308f7676", "status_code": 200, 
"elapsed_ms": 7.89, "request_id": "1d95efb6-b184-404c-8f64-866cf1d9d72a"}
{"ts": "2026-03-17T23:52:43.657082+00:00", "level": "INFO", "logger": "app.services.order_service", "message": 
"order.accepted", "event": "order.accepted", "order_id": "adb39e24-9a55-426e-82dd-5993d4a5f773", "order_number": 27, 
"status": "ACCEPTED", "actor_user_id": "6bb39ac8-3492-463e-a973-bc8855a75309", "actor_role": "FRONTDESK"}
{"ts": "2026-03-17T23:52:43.663895+00:00", "level": "INFO", "logger": "app.main", "message": "http.request", "event": 
"http.request", "method": "POST", "path": "/orders/adb39e24-9a55-426e-82dd-5993d4a5f773/accept", "status_code": 200, 
"elapsed_ms": 27.87, "request_id": "9b09595c-9e51-418d-b241-dd01e0d6e134"}
{"ts": "2026-03-17T23:52:43.717489+00:00", "level": "INFO", "logger": "app.main", "message": "http.request", "event": 
"http.request", "method": "GET", "path": "/orders/adb39e24-9a55-426e-82dd-5993d4a5f773", "status_code": 200, 
"elapsed_ms": 8.55, "request_id": "69590078-d4de-4023-aa5a-9b8345d8f916"}
{"ts": "2026-03-17T23:53:48.730715+00:00", "level": "INFO", "logger": "app.services.auth_service", "message": 
"auth.otp_sent", "event": "auth.otp_sent", "phone_number_last4": "3346"}
{"ts": "2026-03-17T23:53:48.731234+00:00", "level": "INFO", "logger": "app.main", "message": "http.request", "event": 
"http.request", "method": "POST", "path": "/auth/send-otp", "status_code": 200, "elapsed_ms": 2.23, "request_id": 
"118ca28e-07cd-4e55-884f-c57bab1c21d8"}
{"ts": "2026-03-17T23:53:53.407442+00:00", "level": "INFO", "logger": "app.services.auth_service", "message": 
"auth.login_success", "event": "auth.login_success", "user_id": "a7ea98c9-e02b-433e-b92f-9121d957a691", "role": 
"CLIENT"}
{"ts": "2026-03-17T23:53:53.408431+00:00", "level": "INFO", "logger": "app.main", "message": "http.request", "event": 
"http.request", "method": "POST", "path": "/auth/verify-otp", "status_code": 200, "elapsed_ms": 7.44, "request_id": 
"d43623b8-77db-4b45-b808-73291409d076"}
{"ts": "2026-03-17T23:53:53.516084+00:00", "level": "INFO", "logger": "app.main", "message": "http.request", "event": 
"http.request", "method": "GET", "path": "/menu", "status_code": 200, "elapsed_ms": 16.54, "request_id": 
"835fe712-febf-4bba-876e-a025ed11f876"}
{"ts": "2026-03-17T23:53:53.519753+00:00", "level": "INFO", "logger": "app.main", "message": "http.request", "event": 
"http.request", "method": "GET", "path": "/promotions/active", "status_code": 200, "elapsed_ms": 10.93, "request_id": 
"a1410a43-2ad3-4d0f-888c-b7657ea016a5"}
{"ts": "2026-03-17T23:53:53.572276+00:00", "level": "INFO", "logger": "app.main", "message": "http.request", "event": 
"http.request", "method": "GET", "path": "/menu", "status_code": 200, "elapsed_ms": 11.41, "request_id": 
"3238a9ab-825c-4934-8b5e-4fc495b9cf22"}
{"ts": "2026-03-17T23:53:53.582483+00:00", "level": "INFO", "logger": "app.main", "message": "http.request", "event": 
"http.request", "method": "GET", "path": "/promotions/active", "status_code": 200, "elapsed_ms": 4.09, "request_id": 
"cd2c3d19-203a-4fd9-8ac1-10c2002d6ec5"}
{"ts": "2026-03-17T23:53:57.818887+00:00", "level": "INFO", "logger": "app.main", "message": "http.request", "event": 
"http.request", "method": "GET", "path": "/promotions/active", "status_code": 200, "elapsed_ms": 5.34, "request_id": 
"90cf8433-d79a-43c3-bc6f-b15f2882e955"}
{"ts": "2026-03-17T23:53:57.835957+00:00", "level": "INFO", "logger": "app.main", "message": "http.request", "event": 
"http.request", "method": "GET", "path": "/orders/user/a7ea98c9-e02b-433e-b92f-9121d957a691", "status_code": 200, 
"elapsed_ms": 22.5, "request_id": "e2be1f8b-e7af-410b-ad6a-b3e8e0d1c822"}
{"ts": "2026-03-17T23:54:00.474406+00:00", "level": "INFO", "logger": "app.main", "message": "http.request", "event": 
"http.request", "method": "GET", "path": "/promotions/active", "status_code": 200, "elapsed_ms": 5.14, "request_id": 
"3606a0fd-8486-431e-a56c-b9ec252c3369"}
{"ts": "2026-03-17T23:54:00.479745+00:00", "level": "INFO", "logger": "app.main", "message": "http.request", "event": 
"http.request", "method": "GET", "path": "/orders/user/a7ea98c9-e02b-433e-b92f-9121d957a691", "status_code": 200, 
"elapsed_ms": 10.36, "request_id": "31875616-964a-4a28-bf50-f30e969eb0d3"}
{"ts": "2026-03-17T23:54:16.704133+00:00", "level": "INFO", "logger": "app.main", "message": "http.request", "event": 
"http.request", "method": "POST", "path": "/orders", "status_code": 500, "elapsed_ms": 10.21, "request_id": 
"08e7ca07-3d5c-4e29-aaf1-64c74f89492e"}
INFO:     172.19.0.1:45986 - "GET /orders/e12b76f6-bde9-41bf-af60-1bd1308f7676 HTTP/1.1" 200 OK
INFO:     172.19.0.1:45986 - "POST /orders/adb39e24-9a55-426e-82dd-5993d4a5f773/accept HTTP/1.1" 200 OK
INFO:     172.19.0.1:45986 - "GET /orders/adb39e24-9a55-426e-82dd-5993d4a5f773 HTTP/1.1" 200 OK
INFO:     172.19.0.1:52736 - "POST /auth/send-otp HTTP/1.1" 200 OK
INFO:     172.19.0.1:52736 - "POST /auth/verify-otp HTTP/1.1" 200 OK
INFO:     172.19.0.1:52736 - "GET /menu HTTP/1.1" 200 OK
INFO:     172.19.0.1:52750 - "GET /promotions/active HTTP/1.1" 200 OK
INFO:     172.19.0.1:52736 - "GET /menu HTTP/1.1" 200 OK
INFO:     172.19.0.1:52750 - "GET /promotions/active HTTP/1.1" 200 OK
INFO:     172.19.0.1:52736 - "GET /promotions/active HTTP/1.1" 200 OK
INFO:     172.19.0.1:52750 - "GET /orders/user/a7ea98c9-e02b-433e-b92f-9121d957a691 HTTP/1.1" 200 OK
INFO:     172.19.0.1:52736 - "GET /promotions/active HTTP/1.1" 200 OK
INFO:     172.19.0.1:52750 - "GET /orders/user/a7ea98c9-e02b-433e-b92f-9121d957a691 HTTP/1.1" 200 OK
INFO:     172.19.0.1:48280 - "POST /orders HTTP/1.1" 500 Internal Server Error
