INFO:     172.19.0.1:48472 - "POST /auth/send-otp HTTP/1.1" 200 OK
INFO:     172.19.0.1:48478 - "POST /auth/verify-otp HTTP/1.1" 200 OK
INFO:     172.19.0.1:48484 - "GET /menu HTTP/1.1" 200 OK
INFO:     172.19.0.1:48496 - "POST /orders HTTP/1.1" 201 Created
INFO:     172.19.0.1:48544 - "POST /orders HTTP/1.1" 500 Internal Server Error
docker : {"ts": "2026-03-17T23:47:06.880029+00:00", "level": "INFO", "logger": "app.services.auth_service", "message": 
"auth.otp_sent", "event": "auth.otp_sent", "phone_number_last4": "0101"}
At line:2 char:68
+ ... _recent2.log'; docker logs --since 1m take_a_sip_backend 2>&1 | Out-F ...
+                    ~~~~~~~~~~~~~~~~~~~~~~~~~~~~~~~~~~~~~~~~~~~~~~
    + CategoryInfo          : NotSpecified: ({"ts": "2026-03...last4": "0101"}:String) [], RemoteException
    + FullyQualifiedErrorId : NativeCommandError
 
{"ts": "2026-03-17T23:47:06.880278+00:00", "level": "INFO", "logger": "app.main", "message": "http.request", "event": 
"http.request", "method": "POST", "path": "/auth/send-otp", "status_code": 200, "elapsed_ms": 1.7, "request_id": 
"3c5b120c-f25f-493d-a9a5-39aeabef38b2"}
{"ts": "2026-03-17T23:47:06.915582+00:00", "level": "INFO", "logger": "app.services.auth_service", "message": 
"auth.login_success", "event": "auth.login_success", "user_id": "0ce35dca-d398-4600-9607-c80a9c594f93", "role": 
"CLIENT"}
{"ts": "2026-03-17T23:47:06.916301+00:00", "level": "INFO", "logger": "app.main", "message": "http.request", "event": 
"http.request", "method": "POST", "path": "/auth/verify-otp", "status_code": 200, "elapsed_ms": 6.46, "request_id": 
"ab96289c-3aa1-4766-ae2b-a914264c03e9"}
{"ts": "2026-03-17T23:47:06.956080+00:00", "level": "INFO", "logger": "app.main", "message": "http.request", "event": 
"http.request", "method": "GET", "path": "/menu", "status_code": 200, "elapsed_ms": 35.6, "request_id": 
"8f2497db-b99e-41c7-b52e-69cdb2a1c51f"}
{"ts": "2026-03-17T23:47:07.110625+00:00", "level": "INFO", "logger": "app.services.order_service", "message": 
"order.created", "event": "order.created", "order_id": "a5390e24-8a65-428e-8174-f685587be8d0", "order_number": 10, 
"order_type": "pickup", "status": "NEW", "actor_user_id": "0ce35dca-d398-4600-9607-c80a9c594f93"}
{"ts": "2026-03-17T23:47:07.133645+00:00", "level": "INFO", "logger": "app.main", "message": "http.request", "event": 
"http.request", "method": "POST", "path": "/orders", "status_code": 201, "elapsed_ms": 169.27, "request_id": 
"e6d06e03-d9a1-4c31-ad3a-32ec4b5def16"}
{"ts": "2026-03-17T23:47:07.148239+00:00", "level": "INFO", "logger": "app.services.order_service", "message": 
"order.created", "event": "order.created", "order_id": "0a3cee76-8c8a-4b2e-96a7-6139e67642e0", "order_number": 11, 
"order_type": "pickup", "status": "NEW", "actor_user_id": "0ce35dca-d398-4600-9607-c80a9c594f93"}
{"ts": "2026-03-17T23:47:07.161604+00:00", "level": "ERROR", "logger": "app.main", "message": "http.request_failed", 
"event": "http.request_failed", "method": "POST", "path": "/orders", "status_code": 500, "elapsed_ms": 192.46, 
"request_id": "bd4b8a0f-021c-42e5-8c18-b3b7271f50f3"}
{"ts": "2026-03-17T23:47:07.161893+00:00", "level": "ERROR", "logger": "app.main", "message": "http.request_failed", 
"event": "http.request_failed", "method": "POST", "path": "/orders", "status_code": 500, "elapsed_ms": 193.42, 
"request_id": "f27d9cb7-b989-4e8b-b6a3-a254430e81cf"}
ERROR:    Exception in ASGI application
  + Exception Group Traceback (most recent call last):
  |   File "/usr/local/lib/python3.12/site-packages/starlette/_utils.py", line 79, in collapse_excgroups
  |     yield
  |   File "/usr/local/lib/python3.12/site-packages/starlette/middleware/base.py", line 183, in __call__
  |     async with anyio.create_task_group() as task_group:
  |                ^^^^^^^^^^^^^^^^^^^^^^^^^
  |   File "/usr/local/lib/python3.12/site-packages/anyio/_backends/_asyncio.py", line 783, in __aexit__
  |     raise BaseExceptionGroup(
  | ExceptionGroup: unhandled errors in a TaskGroup (1 sub-exception)
  +-+---------------- 1 ----------------
    | Traceback (most recent call last):
    |   File "/usr/local/lib/python3.12/site-packages/uvicorn/protocols/http/httptools_impl.py", line 409, in run_asgi
    |     result = await app(  # type: ignore[func-returns-value]
    |              ^^^^^^^^^^^^^^^^^^^^^^^^^^^^^^^^^^^^^^^^^^^^^^
    |   File "/usr/local/lib/python3.12/site-packages/uvicorn/middleware/proxy_headers.py", line 60, in __call__
    |     return await self.app(scope, receive, send)
    |            ^^^^^^^^^^^^^^^^^^^^^^^^^^^^^^^^^^^^
    |   File "/usr/local/lib/python3.12/site-packages/fastapi/applications.py", line 1054, in __call__
    |     await super().__call__(scope, receive, send)
    |   File "/usr/local/lib/python3.12/site-packages/starlette/applications.py", line 113, in __call__
    |     await self.middleware_stack(scope, receive, send)
    |   File "/usr/local/lib/python3.12/site-packages/starlette/middleware/errors.py", line 186, in __call__
    |     raise exc
    |   File "/usr/local/lib/python3.12/site-packages/starlette/middleware/errors.py", line 164, in __call__
    |     await self.app(scope, receive, _send)
    |   File "/usr/local/lib/python3.12/site-packages/starlette/middleware/base.py", line 182, in __call__
    |     with recv_stream, send_stream, collapse_excgroups():
    |                                    ^^^^^^^^^^^^^^^^^^^^
    |   File "/usr/local/lib/python3.12/contextlib.py", line 158, in __exit__
    |     self.gen.throw(value)
    |   File "/usr/local/lib/python3.12/site-packages/starlette/_utils.py", line 85, in collapse_excgroups
    |     raise exc
    |   File "/usr/local/lib/python3.12/site-packages/starlette/middleware/base.py", line 184, in __call__
    |     response = await self.dispatch_func(request, call_next)
    |                ^^^^^^^^^^^^^^^^^^^^^^^^^^^^^^^^^^^^^^^^^^^^
    |   File "/app/app/main.py", line 35, in request_context_middleware
    |     response = await call_next(request)
    |                ^^^^^^^^^^^^^^^^^^^^^^^^
    |   File "/usr/local/lib/python3.12/site-packages/starlette/middleware/base.py", line 159, in call_next
    |     raise app_exc
    |   File "/usr/local/lib/python3.12/site-packages/starlette/middleware/base.py", line 144, in coro
    |     await self.app(scope, receive_or_disconnect, send_no_error)
    |   File "/usr/local/lib/python3.12/site-packages/starlette/middleware/exceptions.py", line 63, in __call__
    |     await wrap_app_handling_exceptions(self.app, conn)(scope, receive, send)
    |   File "/usr/local/lib/python3.12/site-packages/starlette/_exception_handler.py", line 53, in wrapped_app
    |     raise exc
    |   File "/usr/local/lib/python3.12/site-packages/starlette/_exception_handler.py", line 42, in wrapped_app
    |     await app(scope, receive, sender)
    |   File "/usr/local/lib/python3.12/site-packages/starlette/routing.py", line 716, in __call__
    |     await self.middleware_stack(scope, receive, send)
    |   File "/usr/local/lib/python3.12/site-packages/starlette/routing.py", line 736, in app
    |     await route.handle(scope, receive, send)
    |   File "/usr/local/lib/python3.12/site-packages/starlette/routing.py", line 290, in handle
    |     await self.app(scope, receive, send)
    |   File "/usr/local/lib/python3.12/site-packages/starlette/routing.py", line 78, in app
    |     await wrap_app_handling_exceptions(app, request)(scope, receive, send)
    |   File "/usr/local/lib/python3.12/site-packages/starlette/_exception_handler.py", line 53, in wrapped_app
    |     raise exc
    |   File "/usr/local/lib/python3.12/site-packages/starlette/_exception_handler.py", line 42, in wrapped_app
    |     await app(scope, receive, sender)
    |   File "/usr/local/lib/python3.12/site-packages/starlette/routing.py", line 75, in app
    |     response = await f(request)
    |                ^^^^^^^^^^^^^^^^
    |   File "/usr/local/lib/python3.12/site-packages/fastapi/routing.py", line 302, in app
    |     raw_response = await run_endpoint_function(
    |                    ^^^^^^^^^^^^^^^^^^^^^^^^^^^^
    |   File "/usr/local/lib/python3.12/site-packages/fastapi/routing.py", line 213, in run_endpoint_function
    |     return await dependant.call(**values)
    |            ^^^^^^^^^^^^^^^^^^^^^^^^^^^^^^
    |   File "/app/app/api/routes/orders.py", line 55, in create_order_endpoint
    |     order = await create_order(db, current_user, payload)
    |             ^^^^^^^^^^^^^^^^^^^^^^^^^^^^^^^^^^^^^^^^^^^^^
    |   File "/app/app/services/order_service.py", line 308, in create_order
    |     {'attempt': attempt + 1, 'actor_user_id': str(user.id)},
    |                                                   ^^^^^^^
    |   File "/usr/local/lib/python3.12/site-packages/sqlalchemy/orm/attributes.py", line 569, in __get__
    |     return self.impl.get(state, dict_)  # type: ignore[no-any-return]
    |            ^^^^^^^^^^^^^^^^^^^^^^^^^^^
    |   File "/usr/local/lib/python3.12/site-packages/sqlalchemy/orm/attributes.py", line 1096, in get
    |     value = self._fire_loader_callables(state, key, passive)
    |             ^^^^^^^^^^^^^^^^^^^^^^^^^^^^^^^^^^^^^^^^^^^^^^^^
    |   File "/usr/local/lib/python3.12/site-packages/sqlalchemy/orm/attributes.py", line 1126, in 
_fire_loader_callables
    |     return state._load_expired(state, passive)
    |            ^^^^^^^^^^^^^^^^^^^^^^^^^^^^^^^^^^^
    |   File "/usr/local/lib/python3.12/site-packages/sqlalchemy/orm/state.py", line 803, in _load_expired
    |     self.manager.expired_attribute_loader(self, toload, passive)
    |   File "/usr/local/lib/python3.12/site-packages/sqlalchemy/orm/loading.py", line 1674, in load_scalar_attributes
    |     result = load_on_ident(
    |              ^^^^^^^^^^^^^^
    |   File "/usr/local/lib/python3.12/site-packages/sqlalchemy/orm/loading.py", line 510, in load_on_ident
    |     return load_on_pk_identity(
    |            ^^^^^^^^^^^^^^^^^^^^
    |   File "/usr/local/lib/python3.12/site-packages/sqlalchemy/orm/loading.py", line 695, in load_on_pk_identity
    |     session.execute(
    |   File "/usr/local/lib/python3.12/site-packages/sqlalchemy/orm/session.py", line 2365, in execute
    |     return self._execute_internal(
    |            ^^^^^^^^^^^^^^^^^^^^^^^
    |   File "/usr/local/lib/python3.12/site-packages/sqlalchemy/orm/session.py", line 2241, in _execute_internal
    |     conn = self._connection_for_bind(bind)
    |            ^^^^^^^^^^^^^^^^^^^^^^^^^^^^^^^
    |   File "/usr/local/lib/python3.12/site-packages/sqlalchemy/orm/session.py", line 2110, in _connection_for_bind
    |     return trans._connection_for_bind(engine, execution_options)
    |            ^^^^^^^^^^^^^^^^^^^^^^^^^^^^^^^^^^^^^^^^^^^^^^^^^^^^^
    |   File "<string>", line 2, in _connection_for_bind
    |   File "/usr/local/lib/python3.12/site-packages/sqlalchemy/orm/state_changes.py", line 137, in _go
    |     ret_value = fn(self, *arg, **kw)
    |                 ^^^^^^^^^^^^^^^^^^^^
    |   File "/usr/local/lib/python3.12/site-packages/sqlalchemy/orm/session.py", line 1189, in _connection_for_bind
    |     conn = bind.connect()
    |            ^^^^^^^^^^^^^^
    |   File "/usr/local/lib/python3.12/site-packages/sqlalchemy/engine/base.py", line 3277, in connect
    |     return self._connection_cls(self)
    |            ^^^^^^^^^^^^^^^^^^^^^^^^^^
    |   File "/usr/local/lib/python3.12/site-packages/sqlalchemy/engine/base.py", line 143, in __init__
    |     self._dbapi_connection = engine.raw_connection()
    |                              ^^^^^^^^^^^^^^^^^^^^^^^
    |   File "/usr/local/lib/python3.12/site-packages/sqlalchemy/engine/base.py", line 3301, in raw_connection
    |     return self.pool.connect()
    |            ^^^^^^^^^^^^^^^^^^^
    |   File "/usr/local/lib/python3.12/site-packages/sqlalchemy/pool/base.py", line 447, in connect
    |     return _ConnectionFairy._checkout(self)
    |            ^^^^^^^^^^^^^^^^^^^^^^^^^^^^^^^^
    |   File "/usr/local/lib/python3.12/site-packages/sqlalchemy/pool/base.py", line 1363, in _checkout
    |     with util.safe_reraise():
    |          ^^^^^^^^^^^^^^^^^^^
    |   File "/usr/local/lib/python3.12/site-packages/sqlalchemy/util/langhelpers.py", line 224, in __exit__
    |     raise exc_value.with_traceback(exc_tb)
    |   File "/usr/local/lib/python3.12/site-packages/sqlalchemy/pool/base.py", line 1301, in _checkout
    |     result = pool._dialect._do_ping_w_event(
    |              ^^^^^^^^^^^^^^^^^^^^^^^^^^^^^^^
    |   File "/usr/local/lib/python3.12/site-packages/sqlalchemy/engine/default.py", line 728, in _do_ping_w_event
    |     return self.do_ping(dbapi_connection)
    |            ^^^^^^^^^^^^^^^^^^^^^^^^^^^^^^
    |   File "/usr/local/lib/python3.12/site-packages/sqlalchemy/dialects/postgresql/asyncpg.py", line 1169, in do_ping
    |     dbapi_connection.ping()
    |   File "/usr/local/lib/python3.12/site-packages/sqlalchemy/dialects/postgresql/asyncpg.py", line 813, in ping
    |     self._handle_exception(error)
    |   File "/usr/local/lib/python3.12/site-packages/sqlalchemy/dialects/postgresql/asyncpg.py", line 794, in 
_handle_exception
    |     raise error
    |   File "/usr/local/lib/python3.12/site-packages/sqlalchemy/dialects/postgresql/asyncpg.py", line 811, in ping
    |     _ = self.await_(self._async_ping())
    |         ^^^^^^^^^^^^^^^^^^^^^^^^^^^^^^^
    |   File "/usr/local/lib/python3.12/site-packages/sqlalchemy/util/_concurrency_py3k.py", line 123, in await_only
    |     raise exc.MissingGreenlet(
    | sqlalchemy.exc.MissingGreenlet: greenlet_spawn has not been called; can't call await_only() here. Was IO 
attempted in an unexpected place? (Background on this error at: https://sqlalche.me/e/20/xd2s)
    +------------------------------------

During handling of the above exception, another exception occurred:

Traceback (most recent call last):
  File "/usr/local/lib/python3.12/site-packages/uvicorn/protocols/http/httptools_impl.py", line 409, in run_asgi
    result = await app(  # type: ignore[func-returns-value]
             ^^^^^^^^^^^^^^^^^^^^^^^^^^^^^^^^^^^^^^^^^^^^^^
  File "/usr/local/lib/python3.12/site-packages/uvicorn/middleware/proxy_headers.py", line 60, in __call__
    return await self.app(scope, receive, send)
           ^^^^^^^^^^^^^^^^^^^^^^^^^^^^^^^^^^^^
  File "/usr/local/lib/python3.12/site-packages/fastapi/applications.py", line 1054, in __call__
    await super().__call__(scope, receive, send)
  File "/usr/local/lib/python3.12/site-packages/starlette/applications.py", line 113, in __call__
    await self.middleware_stack(scope, receive, send)
  File "/usr/local/lib/python3.12/site-packages/starlette/middleware/errors.py", line 186, in __call__
    raise exc
  File "/usr/local/lib/python3.12/site-packages/starlette/middleware/errors.py", line 164, in __call__
    await self.app(scope, receive, _send)
  File "/usr/local/lib/python3.12/site-packages/starlette/middleware/base.py", line 182, in __call__
    with recv_stream, send_stream, collapse_excgroups():
                                   ^^^^^^^^^^^^^^^^^^^^
  File "/usr/local/lib/python3.12/contextlib.py", line 158, in __exit__
    self.gen.throw(value)
  File "/usr/local/lib/python3.12/site-packages/starlette/_utils.py", line 85, in collapse_excgroups
    raise exc
  File "/usr/local/lib/python3.12/site-packages/starlette/middleware/base.py", line 184, in __call__
    response = await self.dispatch_func(request, call_next)
               ^^^^^^^^^^^^^^^^^^^^^^^^^^^^^^^^^^^^^^^^^^^^
  File "/app/app/main.py", line 35, in request_context_middleware
    response = await call_next(request)
               ^^^^^^^^^^^^^^^^^^^^^^^^
  File "/usr/local/lib/python3.12/site-packages/starlette/middleware/base.py", line 159, in call_next
    raise app_exc
  File "/usr/local/lib/python3.12/site-packages/starlette/middleware/base.py", line 144, in coro
    await self.app(scope, receive_or_disconnect, send_no_error)
  File "/usr/local/lib/python3.12/site-packages/starlette/middleware/exceptions.py", line 63, in __call__
    await wrap_app_handling_exceptions(self.app, conn)(scope, receive, send)
  File "/usr/local/lib/python3.12/site-packages/starlette/_exception_handler.py", line 53, in wrapped_app
    raise exc
  File "/usr/local/lib/python3.12/site-packages/starlette/_exception_handler.py", line 42, in wrapped_app
    await app(scope, receive, sender)
  File "/usr/local/lib/python3.12/site-packages/starlette/routing.py", line 716, in __call__
    await self.middleware_stack(scope, receive, send)
  File "/usr/local/lib/python3.12/site-packages/starlette/routing.py", line 736, in app
    await route.handle(scope, receive, send)
  File "/usr/local/lib/python3.12/site-packages/starlette/routing.py", line 290, in handle
INFO:     172.19.0.1:48528 - "POST /orders HTTP/1.1" 500 Internal Server Error
    await self.app(scope, receive, send)
  File "/usr/local/lib/python3.12/site-packages/starlette/routing.py", line 78, in app
    await wrap_app_handling_exceptions(app, request)(scope, receive, send)
  File "/usr/local/lib/python3.12/site-packages/starlette/_exception_handler.py", line 53, in wrapped_app
    raise exc
  File "/usr/local/lib/python3.12/site-packages/starlette/_exception_handler.py", line 42, in wrapped_app
    await app(scope, receive, sender)
  File "/usr/local/lib/python3.12/site-packages/starlette/routing.py", line 75, in app
    response = await f(request)
               ^^^^^^^^^^^^^^^^
  File "/usr/local/lib/python3.12/site-packages/fastapi/routing.py", line 302, in app
    raw_response = await run_endpoint_function(
                   ^^^^^^^^^^^^^^^^^^^^^^^^^^^^
  File "/usr/local/lib/python3.12/site-packages/fastapi/routing.py", line 213, in run_endpoint_function
    return await dependant.call(**values)
           ^^^^^^^^^^^^^^^^^^^^^^^^^^^^^^
  File "/app/app/api/routes/orders.py", line 55, in create_order_endpoint
    order = await create_order(db, current_user, payload)
            ^^^^^^^^^^^^^^^^^^^^^^^^^^^^^^^^^^^^^^^^^^^^^
  File "/app/app/services/order_service.py", line 308, in create_order
    {'attempt': attempt + 1, 'actor_user_id': str(user.id)},
                                                  ^^^^^^^
  File "/usr/local/lib/python3.12/site-packages/sqlalchemy/orm/attributes.py", line 569, in __get__
    return self.impl.get(state, dict_)  # type: ignore[no-any-return]
           ^^^^^^^^^^^^^^^^^^^^^^^^^^^
  File "/usr/local/lib/python3.12/site-packages/sqlalchemy/orm/attributes.py", line 1096, in get
    value = self._fire_loader_callables(state, key, passive)
            ^^^^^^^^^^^^^^^^^^^^^^^^^^^^^^^^^^^^^^^^^^^^^^^^
  File "/usr/local/lib/python3.12/site-packages/sqlalchemy/orm/attributes.py", line 1126, in _fire_loader_callables
    return state._load_expired(state, passive)
           ^^^^^^^^^^^^^^^^^^^^^^^^^^^^^^^^^^^
  File "/usr/local/lib/python3.12/site-packages/sqlalchemy/orm/state.py", line 803, in _load_expired
    self.manager.expired_attribute_loader(self, toload, passive)
  File "/usr/local/lib/python3.12/site-packages/sqlalchemy/orm/loading.py", line 1674, in load_scalar_attributes
    result = load_on_ident(
             ^^^^^^^^^^^^^^
  File "/usr/local/lib/python3.12/site-packages/sqlalchemy/orm/loading.py", line 510, in load_on_ident
    return load_on_pk_identity(
           ^^^^^^^^^^^^^^^^^^^^
  File "/usr/local/lib/python3.12/site-packages/sqlalchemy/orm/loading.py", line 695, in load_on_pk_identity
    session.execute(
  File "/usr/local/lib/python3.12/site-packages/sqlalchemy/orm/session.py", line 2365, in execute
    return self._execute_internal(
           ^^^^^^^^^^^^^^^^^^^^^^^
  File "/usr/local/lib/python3.12/site-packages/sqlalchemy/orm/session.py", line 2241, in _execute_internal
    conn = self._connection_for_bind(bind)
           ^^^^^^^^^^^^^^^^^^^^^^^^^^^^^^^
  File "/usr/local/lib/python3.12/site-packages/sqlalchemy/orm/session.py", line 2110, in _connection_for_bind
    return trans._connection_for_bind(engine, execution_options)
           ^^^^^^^^^^^^^^^^^^^^^^^^^^^^^^^^^^^^^^^^^^^^^^^^^^^^^
  File "<string>", line 2, in _connection_for_bind
  File "/usr/local/lib/python3.12/site-packages/sqlalchemy/orm/state_changes.py", line 137, in _go
    ret_value = fn(self, *arg, **kw)
                ^^^^^^^^^^^^^^^^^^^^
  File "/usr/local/lib/python3.12/site-packages/sqlalchemy/orm/session.py", line 1189, in _connection_for_bind
    conn = bind.connect()
           ^^^^^^^^^^^^^^
  File "/usr/local/lib/python3.12/site-packages/sqlalchemy/engine/base.py", line 3277, in connect
    return self._connection_cls(self)
           ^^^^^^^^^^^^^^^^^^^^^^^^^^
  File "/usr/local/lib/python3.12/site-packages/sqlalchemy/engine/base.py", line 143, in __init__
    self._dbapi_connection = engine.raw_connection()
                             ^^^^^^^^^^^^^^^^^^^^^^^
  File "/usr/local/lib/python3.12/site-packages/sqlalchemy/engine/base.py", line 3301, in raw_connection
    return self.pool.connect()
           ^^^^^^^^^^^^^^^^^^^
  File "/usr/local/lib/python3.12/site-packages/sqlalchemy/pool/base.py", line 447, in connect
    return _ConnectionFairy._checkout(self)
           ^^^^^^^^^^^^^^^^^^^^^^^^^^^^^^^^
  File "/usr/local/lib/python3.12/site-packages/sqlalchemy/pool/base.py", line 1363, in _checkout
    with util.safe_reraise():
         ^^^^^^^^^^^^^^^^^^^
  File "/usr/local/lib/python3.12/site-packages/sqlalchemy/util/langhelpers.py", line 224, in __exit__
    raise exc_value.with_traceback(exc_tb)
  File "/usr/local/lib/python3.12/site-packages/sqlalchemy/pool/base.py", line 1301, in _checkout
    result = pool._dialect._do_ping_w_event(
             ^^^^^^^^^^^^^^^^^^^^^^^^^^^^^^^
  File "/usr/local/lib/python3.12/site-packages/sqlalchemy/engine/default.py", line 728, in _do_ping_w_event
    return self.do_ping(dbapi_connection)
           ^^^^^^^^^^^^^^^^^^^^^^^^^^^^^^
  File "/usr/local/lib/python3.12/site-packages/sqlalchemy/dialects/postgresql/asyncpg.py", line 1169, in do_ping
    dbapi_connection.ping()
  File "/usr/local/lib/python3.12/site-packages/sqlalchemy/dialects/postgresql/asyncpg.py", line 813, in ping
    self._handle_exception(error)
  File "/usr/local/lib/python3.12/site-packages/sqlalchemy/dialects/postgresql/asyncpg.py", line 794, in 
_handle_exception
    raise error
  File "/usr/local/lib/python3.12/site-packages/sqlalchemy/dialects/postgresql/asyncpg.py", line 811, in ping
    _ = self.await_(self._async_ping())
        ^^^^^^^^^^^^^^^^^^^^^^^^^^^^^^^
  File "/usr/local/lib/python3.12/site-packages/sqlalchemy/util/_concurrency_py3k.py", line 123, in await_only
    raise exc.MissingGreenlet(
sqlalchemy.exc.MissingGreenlet: greenlet_spawn has not been called; can't call await_only() here. Was IO attempted in 
an unexpected place? (Background on this error at: https://sqlalche.me/e/20/xd2s)
ERROR:    Exception in ASGI application
  + Exception Group Traceback (most recent call last):
  |   File "/usr/local/lib/python3.12/site-packages/starlette/_utils.py", line 79, in collapse_excgroups
  |     yield
  |   File "/usr/local/lib/python3.12/site-packages/starlette/middleware/base.py", line 183, in __call__
  |     async with anyio.create_task_group() as task_group:
  |                ^^^^^^^^^^^^^^^^^^^^^^^^^
  |   File "/usr/local/lib/python3.12/site-packages/anyio/_backends/_asyncio.py", line 783, in __aexit__
  |     raise BaseExceptionGroup(
  | ExceptionGroup: unhandled errors in a TaskGroup (1 sub-exception)
  +-+---------------- 1 ----------------
    | Traceback (most recent call last):
    |   File "/usr/local/lib/python3.12/site-packages/uvicorn/protocols/http/httptools_impl.py", line 409, in run_asgi
    |     result = await app(  # type: ignore[func-returns-value]
    |              ^^^^^^^^^^^^^^^^^^^^^^^^^^^^^^^^^^^^^^^^^^^^^^
    |   File "/usr/local/lib/python3.12/site-packages/uvicorn/middleware/proxy_headers.py", line 60, in __call__
    |     return await self.app(scope, receive, send)
    |            ^^^^^^^^^^^^^^^^^^^^^^^^^^^^^^^^^^^^
    |   File "/usr/local/lib/python3.12/site-packages/fastapi/applications.py", line 1054, in __call__
    |     await super().__call__(scope, receive, send)
    |   File "/usr/local/lib/python3.12/site-packages/starlette/applications.py", line 113, in __call__
    |     await self.middleware_stack(scope, receive, send)
    |   File "/usr/local/lib/python3.12/site-packages/starlette/middleware/errors.py", line 186, in __call__
    |     raise exc
    |   File "/usr/local/lib/python3.12/site-packages/starlette/middleware/errors.py", line 164, in __call__
    |     await self.app(scope, receive, _send)
    |   File "/usr/local/lib/python3.12/site-packages/starlette/middleware/base.py", line 182, in __call__
    |     with recv_stream, send_stream, collapse_excgroups():
    |                                    ^^^^^^^^^^^^^^^^^^^^
    |   File "/usr/local/lib/python3.12/contextlib.py", line 158, in __exit__
    |     self.gen.throw(value)
    |   File "/usr/local/lib/python3.12/site-packages/starlette/_utils.py", line 85, in collapse_excgroups
    |     raise exc
    |   File "/usr/local/lib/python3.12/site-packages/starlette/middleware/base.py", line 184, in __call__
    |     response = await self.dispatch_func(request, call_next)
    |                ^^^^^^^^^^^^^^^^^^^^^^^^^^^^^^^^^^^^^^^^^^^^
    |   File "/app/app/main.py", line 35, in request_context_middleware
    |     response = await call_next(request)
    |                ^^^^^^^^^^^^^^^^^^^^^^^^
    |   File "/usr/local/lib/python3.12/site-packages/starlette/middleware/base.py", line 159, in call_next
    |     raise app_exc
    |   File "/usr/local/lib/python3.12/site-packages/starlette/middleware/base.py", line 144, in coro
    |     await self.app(scope, receive_or_disconnect, send_no_error)
    |   File "/usr/local/lib/python3.12/site-packages/starlette/middleware/exceptions.py", line 63, in __call__
    |     await wrap_app_handling_exceptions(self.app, conn)(scope, receive, send)
    |   File "/usr/local/lib/python3.12/site-packages/starlette/_exception_handler.py", line 53, in wrapped_app
    |     raise exc
    |   File "/usr/local/lib/python3.12/site-packages/starlette/_exception_handler.py", line 42, in wrapped_app
    |     await app(scope, receive, sender)
    |   File "/usr/local/lib/python3.12/site-packages/starlette/routing.py", line 716, in __call__
    |     await self.middleware_stack(scope, receive, send)
    |   File "/usr/local/lib/python3.12/site-packages/starlette/routing.py", line 736, in app
    |     await route.handle(scope, receive, send)
    |   File "/usr/local/lib/python3.12/site-packages/starlette/routing.py", line 290, in handle
    |     await self.app(scope, receive, send)
    |   File "/usr/local/lib/python3.12/site-packages/starlette/routing.py", line 78, in app
    |     await wrap_app_handling_exceptions(app, request)(scope, receive, send)
    |   File "/usr/local/lib/python3.12/site-packages/starlette/_exception_handler.py", line 53, in wrapped_app
    |     raise exc
    |   File "/usr/local/lib/python3.12/site-packages/starlette/_exception_handler.py", line 42, in wrapped_app
    |     await app(scope, receive, sender)
    |   File "/usr/local/lib/python3.12/site-packages/starlette/routing.py", line 75, in app
    |     response = await f(request)
    |                ^^^^^^^^^^^^^^^^
    |   File "/usr/local/lib/python3.12/site-packages/fastapi/routing.py", line 302, in app
    |     raw_response = await run_endpoint_function(
    |                    ^^^^^^^^^^^^^^^^^^^^^^^^^^^^
    |   File "/usr/local/lib/python3.12/site-packages/fastapi/routing.py", line 213, in run_endpoint_function
    |     return await dependant.call(**values)
    |            ^^^^^^^^^^^^^^^^^^^^^^^^^^^^^^
    |   File "/app/app/api/routes/orders.py", line 55, in create_order_endpoint
    |     order = await create_order(db, current_user, payload)
    |             ^^^^^^^^^^^^^^^^^^^^^^^^^^^^^^^^^^^^^^^^^^^^^
    |   File "/app/app/services/order_service.py", line 308, in create_order
    |     {'attempt': attempt + 1, 'actor_user_id': str(user.id)},
    |                                                   ^^^^^^^
    |   File "/usr/local/lib/python3.12/site-packages/sqlalchemy/orm/attributes.py", line 569, in __get__
    |     return self.impl.get(state, dict_)  # type: ignore[no-any-return]
    |            ^^^^^^^^^^^^^^^^^^^^^^^^^^^
    |   File "/usr/local/lib/python3.12/site-packages/sqlalchemy/orm/attributes.py", line 1096, in get
    |     value = self._fire_loader_callables(state, key, passive)
    |             ^^^^^^^^^^^^^^^^^^^^^^^^^^^^^^^^^^^^^^^^^^^^^^^^
    |   File "/usr/local/lib/python3.12/site-packages/sqlalchemy/orm/attributes.py", line 1126, in 
_fire_loader_callables
    |     return state._load_expired(state, passive)
    |            ^^^^^^^^^^^^^^^^^^^^^^^^^^^^^^^^^^^
    |   File "/usr/local/lib/python3.12/site-packages/sqlalchemy/orm/state.py", line 803, in _load_expired
    |     self.manager.expired_attribute_loader(self, toload, passive)
    |   File "/usr/local/lib/python3.12/site-packages/sqlalchemy/orm/loading.py", line 1674, in load_scalar_attributes
    |     result = load_on_ident(
    |              ^^^^^^^^^^^^^^
    |   File "/usr/local/lib/python3.12/site-packages/sqlalchemy/orm/loading.py", line 510, in load_on_ident
    |     return load_on_pk_identity(
    |            ^^^^^^^^^^^^^^^^^^^^
    |   File "/usr/local/lib/python3.12/site-packages/sqlalchemy/orm/loading.py", line 695, in load_on_pk_identity
    |     session.execute(
    |   File "/usr/local/lib/python3.12/site-packages/sqlalchemy/orm/session.py", line 2365, in execute
    |     return self._execute_internal(
    |            ^^^^^^^^^^^^^^^^^^^^^^^
    |   File "/usr/local/lib/python3.12/site-packages/sqlalchemy/orm/session.py", line 2241, in _execute_internal
    |     conn = self._connection_for_bind(bind)
    |            ^^^^^^^^^^^^^^^^^^^^^^^^^^^^^^^
    |   File "/usr/local/lib/python3.12/site-packages/sqlalchemy/orm/session.py", line 2110, in _connection_for_bind
    |     return trans._connection_for_bind(engine, execution_options)
    |            ^^^^^^^^^^^^^^^^^^^^^^^^^^^^^^^^^^^^^^^^^^^^^^^^^^^^^
    |   File "<string>", line 2, in _connection_for_bind
    |   File "/usr/local/lib/python3.12/site-packages/sqlalchemy/orm/state_changes.py", line 137, in _go
    |     ret_value = fn(self, *arg, **kw)
    |                 ^^^^^^^^^^^^^^^^^^^^
    |   File "/usr/local/lib/python3.12/site-packages/sqlalchemy/orm/session.py", line 1189, in _connection_for_bind
    |     conn = bind.connect()
    |            ^^^^^^^^^^^^^^
    |   File "/usr/local/lib/python3.12/site-packages/sqlalchemy/engine/base.py", line 3277, in connect
    |     return self._connection_cls(self)
    |            ^^^^^^^^^^^^^^^^^^^^^^^^^^
    |   File "/usr/local/lib/python3.12/site-packages/sqlalchemy/engine/base.py", line 143, in __init__
    |     self._dbapi_connection = engine.raw_connection()
    |                              ^^^^^^^^^^^^^^^^^^^^^^^
    |   File "/usr/local/lib/python3.12/site-packages/sqlalchemy/engine/base.py", line 3301, in raw_connection
    |     return self.pool.connect()
    |            ^^^^^^^^^^^^^^^^^^^
    |   File "/usr/local/lib/python3.12/site-packages/sqlalchemy/pool/base.py", line 447, in connect
    |     return _ConnectionFairy._checkout(self)
    |            ^^^^^^^^^^^^^^^^^^^^^^^^^^^^^^^^
    |   File "/usr/local/lib/python3.12/site-packages/sqlalchemy/pool/base.py", line 1363, in _checkout
    |     with util.safe_reraise():
    |          ^^^^^^^^^^^^^^^^^^^
    |   File "/usr/local/lib/python3.12/site-packages/sqlalchemy/util/langhelpers.py", line 224, in __exit__
    |     raise exc_value.with_traceback(exc_tb)
    |   File "/usr/local/lib/python3.12/site-packages/sqlalchemy/pool/base.py", line 1301, in _checkout
    |     result = pool._dialect._do_ping_w_event(
    |              ^^^^^^^^^^^^^^^^^^^^^^^^^^^^^^^
    |   File "/usr/local/lib/python3.12/site-packages/sqlalchemy/engine/default.py", line 728, in _do_ping_w_event
    |     return self.do_ping(dbapi_connection)
    |            ^^^^^^^^^^^^^^^^^^^^^^^^^^^^^^
    |   File "/usr/local/lib/python3.12/site-packages/sqlalchemy/dialects/postgresql/asyncpg.py", line 1169, in do_ping
    |     dbapi_connection.ping()
    |   File "/usr/local/lib/python3.12/site-packages/sqlalchemy/dialects/postgresql/asyncpg.py", line 813, in ping
    |     self._handle_exception(error)
    |   File "/usr/local/lib/python3.12/site-packages/sqlalchemy/dialects/postgresql/asyncpg.py", line 794, in 
_handle_exception
    |     raise error
    |   File "/usr/local/lib/python3.12/site-packages/sqlalchemy/dialects/postgresql/asyncpg.py", line 811, in ping
    |     _ = self.await_(self._async_ping())
    |         ^^^^^^^^^^^^^^^^^^^^^^^^^^^^^^^
    |   File "/usr/local/lib/python3.12/site-packages/sqlalchemy/util/_concurrency_py3k.py", line 123, in await_only
    |     raise exc.MissingGreenlet(
    | sqlalchemy.exc.MissingGreenlet: greenlet_spawn has not been called; can't call await_only() here. Was IO 
attempted in an unexpected place? (Background on this error at: https://sqlalche.me/e/20/xd2s)
    +------------------------------------

During handling of the above exception, another exception occurred:

Traceback (most recent call last):
  File "/usr/local/lib/python3.12/site-packages/uvicorn/protocols/http/httptools_impl.py", line 409, in run_asgi
    result = await app(  # type: ignore[func-returns-value]
             ^^^^^^^^^^^^^^^^^^^^^^^^^^^^^^^^^^^^^^^^^^^^^^
  File "/usr/local/lib/python3.12/site-packages/uvicorn/middleware/proxy_headers.py", line 60, in __call__
    return await self.app(scope, receive, send)
           ^^^^^^^^^^^^^^^^^^^^^^^^^^^^^^^^^^^^
  File "/usr/local/lib/python3.12/site-packages/fastapi/applications.py", line 1054, in __call__
    await super().__call__(scope, receive, send)
  File "/usr/local/lib/python3.12/site-packages/starlette/applications.py", line 113, in __call__
    await self.middleware_stack(scope, receive, send)
  File "/usr/local/lib/python3.12/site-packages/starlette/middleware/errors.py", line 186, in __call__
    raise exc
  File "/usr/local/lib/python3.12/site-packages/starlette/middleware/errors.py", line 164, in __call__
    await self.app(scope, receive, _send)
  File "/usr/local/lib/python3.12/site-packages/starlette/middleware/base.py", line 182, in __call__
    with recv_stream, send_stream, collapse_excgroups():
                                   ^^^^^^^^^^^^^^^^^^^^
  File "/usr/local/lib/python3.12/contextlib.py", line 158, in __exit__
    self.gen.throw(value)
  File "/usr/local/lib/python3.12/site-packages/starlette/_utils.py", line 85, in collapse_excgroups
    raise exc
  File "/usr/local/lib/python3.12/site-packages/starlette/middleware/base.py", line 184, in __call__
    response = await self.dispatch_func(request, call_next)
               ^^^^^^^^^^^^^^^^^^^^^^^^^^^^^^^^^^^^^^^^^^^^
  File "/app/app/main.py", line 35, in request_context_middleware
    response = await call_next(request)
               ^^^^^^^^^^^^^^^^^^^^^^^^
  File "/usr/local/lib/python3.12/site-packages/starlette/middleware/base.py", line 159, in call_next
    raise app_exc
  File "/usr/local/lib/python3.12/site-packages/starlette/middleware/base.py", line 144, in coro
    await self.app(scope, receive_or_disconnect, send_no_error)
  File "/usr/local/lib/python3.12/site-packages/starlette/middleware/exceptions.py", line 63, in __call__
    await wrap_app_handling_exceptions(self.app, conn)(scope, receive, send)
  File "/usr/local/lib/python3.12/site-packages/starlette/_exception_handler.py", line 53, in wrapped_app
    raise exc
  File "/usr/local/lib/python3.12/site-packages/starlette/_exception_handler.py", line 42, in wrapped_app
    await app(scope, receive, sender)
  File "/usr/local/lib/python3.12/site-packages/starlette/routing.py", line 716, in __call__
    await self.middleware_stack(scope, receive, send)
  File "/usr/local/lib/python3.12/site-packages/starlette/routing.py", line 736, in app
    await route.handle(scope, receive, send)
  File "/usr/local/lib/python3.12/site-packages/starlette/routing.py", line 290, in handle
    await self.app(scope, receive, send)
  File "/usr/local/lib/python3.12/site-packages/starlette/routing.py", line 78, in app
    await wrap_app_handling_exceptions(app, request)(scope, receive, send)
  File "/usr/local/lib/python3.12/site-packages/starlette/_exception_handler.py", line 53, in wrapped_app
    raise exc
  File "/usr/local/lib/python3.12/site-packages/starlette/_exception_handler.py", line 42, in wrapped_app
    await app(scope, receive, sender)
  File "/usr/local/lib/python3.12/site-packages/starlette/routing.py", line 75, in app
    response = await f(request)
               ^^^^^^^^^^^^^^^^
  File "/usr/local/lib/python3.12/site-packages/fastapi/routing.py", line 302, in app
    raw_response = await run_endpoint_function(
                   ^^^^^^^^^^^^^^^^^^^^^^^^^^^^
  File "/usr/local/lib/python3.12/site-packages/fastapi/routing.py", line 213, in run_endpoint_function
    return await dependant.call(**values)
           ^^^^^^^^^^^^^^^^^^^^^^^^^^^^^^
INFO:     172.19.0.1:48518 - "POST /orders HTTP/1.1" 500 Internal Server Error
  File "/app/app/api/routes/orders.py", line 55, in create_order_endpoint
    order = await create_order(db, current_user, payload)
            ^^^^^^^^^^^^^^^^^^^^^^^^^^^^^^^^^^^^^^^^^^^^^
  File "/app/app/services/order_service.py", line 308, in create_order
    {'attempt': attempt + 1, 'actor_user_id': str(user.id)},
                                                  ^^^^^^^
  File "/usr/local/lib/python3.12/site-packages/sqlalchemy/orm/attributes.py", line 569, in __get__
    return self.impl.get(state, dict_)  # type: ignore[no-any-return]
           ^^^^^^^^^^^^^^^^^^^^^^^^^^^
  File "/usr/local/lib/python3.12/site-packages/sqlalchemy/orm/attributes.py", line 1096, in get
    value = self._fire_loader_callables(state, key, passive)
            ^^^^^^^^^^^^^^^^^^^^^^^^^^^^^^^^^^^^^^^^^^^^^^^^
  File "/usr/local/lib/python3.12/site-packages/sqlalchemy/orm/attributes.py", line 1126, in _fire_loader_callables
    return state._load_expired(state, passive)
           ^^^^^^^^^^^^^^^^^^^^^^^^^^^^^^^^^^^
  File "/usr/local/lib/python3.12/site-packages/sqlalchemy/orm/state.py", line 803, in _load_expired
    self.manager.expired_attribute_loader(self, toload, passive)
  File "/usr/local/lib/python3.12/site-packages/sqlalchemy/orm/loading.py", line 1674, in load_scalar_attributes
    result = load_on_ident(
             ^^^^^^^^^^^^^^
  File "/usr/local/lib/python3.12/site-packages/sqlalchemy/orm/loading.py", line 510, in load_on_ident
    return load_on_pk_identity(
           ^^^^^^^^^^^^^^^^^^^^
  File "/usr/local/lib/python3.12/site-packages/sqlalchemy/orm/loading.py", line 695, in load_on_pk_identity
    session.execute(
  File "/usr/local/lib/python3.12/site-packages/sqlalchemy/orm/session.py", line 2365, in execute
    return self._execute_internal(
           ^^^^^^^^^^^^^^^^^^^^^^^
  File "/usr/local/lib/python3.12/site-packages/sqlalchemy/orm/session.py", line 2241, in _execute_internal
    conn = self._connection_for_bind(bind)
           ^^^^^^^^^^^^^^^^^^^^^^^^^^^^^^^
  File "/usr/local/lib/python3.12/site-packages/sqlalchemy/orm/session.py", line 2110, in _connection_for_bind
    return trans._connection_for_bind(engine, execution_options)
           ^^^^^^^^^^^^^^^^^^^^^^^^^^^^^^^^^^^^^^^^^^^^^^^^^^^^^
  File "<string>", line 2, in _connection_for_bind
  File "/usr/local/lib/python3.12/site-packages/sqlalchemy/orm/state_changes.py", line 137, in _go
    ret_value = fn(self, *arg, **kw)
                ^^^^^^^^^^^^^^^^^^^^
  File "/usr/local/lib/python3.12/site-packages/sqlalchemy/orm/session.py", line 1189, in _connection_for_bind
    conn = bind.connect()
           ^^^^^^^^^^^^^^
  File "/usr/local/lib/python3.12/site-packages/sqlalchemy/engine/base.py", line 3277, in connect
    return self._connection_cls(self)
           ^^^^^^^^^^^^^^^^^^^^^^^^^^
  File "/usr/local/lib/python3.12/site-packages/sqlalchemy/engine/base.py", line 143, in __init__
    self._dbapi_connection = engine.raw_connection()
                             ^^^^^^^^^^^^^^^^^^^^^^^
  File "/usr/local/lib/python3.12/site-packages/sqlalchemy/engine/base.py", line 3301, in raw_connection
    return self.pool.connect()
           ^^^^^^^^^^^^^^^^^^^
  File "/usr/local/lib/python3.12/site-packages/sqlalchemy/pool/base.py", line 447, in connect
    return _ConnectionFairy._checkout(self)
           ^^^^^^^^^^^^^^^^^^^^^^^^^^^^^^^^
  File "/usr/local/lib/python3.12/site-packages/sqlalchemy/pool/base.py", line 1363, in _checkout
    with util.safe_reraise():
         ^^^^^^^^^^^^^^^^^^^
  File "/usr/local/lib/python3.12/site-packages/sqlalchemy/util/langhelpers.py", line 224, in __exit__
    raise exc_value.with_traceback(exc_tb)
  File "/usr/local/lib/python3.12/site-packages/sqlalchemy/pool/base.py", line 1301, in _checkout
    result = pool._dialect._do_ping_w_event(
             ^^^^^^^^^^^^^^^^^^^^^^^^^^^^^^^
  File "/usr/local/lib/python3.12/site-packages/sqlalchemy/engine/default.py", line 728, in _do_ping_w_event
    return self.do_ping(dbapi_connection)
           ^^^^^^^^^^^^^^^^^^^^^^^^^^^^^^
  File "/usr/local/lib/python3.12/site-packages/sqlalchemy/dialects/postgresql/asyncpg.py", line 1169, in do_ping
    dbapi_connection.ping()
  File "/usr/local/lib/python3.12/site-packages/sqlalchemy/dialects/postgresql/asyncpg.py", line 813, in ping
    self._handle_exception(error)
  File "/usr/local/lib/python3.12/site-packages/sqlalchemy/dialects/postgresql/asyncpg.py", line 794, in 
_handle_exception
    raise error
  File "/usr/local/lib/python3.12/site-packages/sqlalchemy/dialects/postgresql/asyncpg.py", line 811, in ping
    _ = self.await_(self._async_ping())
        ^^^^^^^^^^^^^^^^^^^^^^^^^^^^^^^
  File "/usr/local/lib/python3.12/site-packages/sqlalchemy/util/_concurrency_py3k.py", line 123, in await_only
    raise exc.MissingGreenlet(
sqlalchemy.exc.MissingGreenlet: greenlet_spawn has not been called; can't call await_only() here. Was IO attempted in 
an unexpected place? (Background on this error at: https://sqlalche.me/e/20/xd2s)
{"ts": "2026-03-17T23:47:07.258641+00:00", "level": "ERROR", "logger": "app.main", "message": "http.request_failed", 
"event": "http.request_failed", "method": "POST", "path": "/orders", "status_code": 500, "elapsed_ms": 290.56, 
"request_id": "79322b00-054e-46bb-8ba3-da52bfef9716"}
{"ts": "2026-03-17T23:47:07.258846+00:00", "level": "ERROR", "logger": "app.main", "message": "http.request_failed", 
"event": "http.request_failed", "method": "POST", "path": "/orders", "status_code": 500, "elapsed_ms": 290.06, 
"request_id": "1e815273-a5f9-4123-9dd9-5aecaa5719d2"}
ERROR:    Exception in ASGI application
  + Exception Group Traceback (most recent call last):
  |   File "/usr/local/lib/python3.12/site-packages/starlette/_utils.py", line 79, in collapse_excgroups
  |     yield
  |   File "/usr/local/lib/python3.12/site-packages/starlette/middleware/base.py", line 183, in __call__
  |     async with anyio.create_task_group() as task_group:
  |                ^^^^^^^^^^^^^^^^^^^^^^^^^
  |   File "/usr/local/lib/python3.12/site-packages/anyio/_backends/_asyncio.py", line 783, in __aexit__
  |     raise BaseExceptionGroup(
  | ExceptionGroup: unhandled errors in a TaskGroup (1 sub-exception)
  +-+---------------- 1 ----------------
    | Traceback (most recent call last):
    |   File "/usr/local/lib/python3.12/site-packages/uvicorn/protocols/http/httptools_impl.py", line 409, in run_asgi
    |     result = await app(  # type: ignore[func-returns-value]
    |              ^^^^^^^^^^^^^^^^^^^^^^^^^^^^^^^^^^^^^^^^^^^^^^
    |   File "/usr/local/lib/python3.12/site-packages/uvicorn/middleware/proxy_headers.py", line 60, in __call__
    |     return await self.app(scope, receive, send)
    |            ^^^^^^^^^^^^^^^^^^^^^^^^^^^^^^^^^^^^
    |   File "/usr/local/lib/python3.12/site-packages/fastapi/applications.py", line 1054, in __call__
    |     await super().__call__(scope, receive, send)
    |   File "/usr/local/lib/python3.12/site-packages/starlette/applications.py", line 113, in __call__
    |     await self.middleware_stack(scope, receive, send)
    |   File "/usr/local/lib/python3.12/site-packages/starlette/middleware/errors.py", line 186, in __call__
    |     raise exc
    |   File "/usr/local/lib/python3.12/site-packages/starlette/middleware/errors.py", line 164, in __call__
    |     await self.app(scope, receive, _send)
    |   File "/usr/local/lib/python3.12/site-packages/starlette/middleware/base.py", line 182, in __call__
    |     with recv_stream, send_stream, collapse_excgroups():
    |                                    ^^^^^^^^^^^^^^^^^^^^
    |   File "/usr/local/lib/python3.12/contextlib.py", line 158, in __exit__
    |     self.gen.throw(value)
    |   File "/usr/local/lib/python3.12/site-packages/starlette/_utils.py", line 85, in collapse_excgroups
    |     raise exc
    |   File "/usr/local/lib/python3.12/site-packages/starlette/middleware/base.py", line 184, in __call__
    |     response = await self.dispatch_func(request, call_next)
    |                ^^^^^^^^^^^^^^^^^^^^^^^^^^^^^^^^^^^^^^^^^^^^
    |   File "/app/app/main.py", line 35, in request_context_middleware
    |     response = await call_next(request)
    |                ^^^^^^^^^^^^^^^^^^^^^^^^
    |   File "/usr/local/lib/python3.12/site-packages/starlette/middleware/base.py", line 159, in call_next
    |     raise app_exc
    |   File "/usr/local/lib/python3.12/site-packages/starlette/middleware/base.py", line 144, in coro
    |     await self.app(scope, receive_or_disconnect, send_no_error)
    |   File "/usr/local/lib/python3.12/site-packages/starlette/middleware/exceptions.py", line 63, in __call__
    |     await wrap_app_handling_exceptions(self.app, conn)(scope, receive, send)
    |   File "/usr/local/lib/python3.12/site-packages/starlette/_exception_handler.py", line 53, in wrapped_app
    |     raise exc
    |   File "/usr/local/lib/python3.12/site-packages/starlette/_exception_handler.py", line 42, in wrapped_app
    |     await app(scope, receive, sender)
    |   File "/usr/local/lib/python3.12/site-packages/starlette/routing.py", line 716, in __call__
    |     await self.middleware_stack(scope, receive, send)
    |   File "/usr/local/lib/python3.12/site-packages/starlette/routing.py", line 736, in app
    |     await route.handle(scope, receive, send)
    |   File "/usr/local/lib/python3.12/site-packages/starlette/routing.py", line 290, in handle
    |     await self.app(scope, receive, send)
    |   File "/usr/local/lib/python3.12/site-packages/starlette/routing.py", line 78, in app
    |     await wrap_app_handling_exceptions(app, request)(scope, receive, send)
    |   File "/usr/local/lib/python3.12/site-packages/starlette/_exception_handler.py", line 53, in wrapped_app
    |     raise exc
    |   File "/usr/local/lib/python3.12/site-packages/starlette/_exception_handler.py", line 42, in wrapped_app
    |     await app(scope, receive, sender)
    |   File "/usr/local/lib/python3.12/site-packages/starlette/routing.py", line 75, in app
    |     response = await f(request)
    |                ^^^^^^^^^^^^^^^^
    |   File "/usr/local/lib/python3.12/site-packages/fastapi/routing.py", line 302, in app
    |     raw_response = await run_endpoint_function(
    |                    ^^^^^^^^^^^^^^^^^^^^^^^^^^^^
    |   File "/usr/local/lib/python3.12/site-packages/fastapi/routing.py", line 213, in run_endpoint_function
    |     return await dependant.call(**values)
    |            ^^^^^^^^^^^^^^^^^^^^^^^^^^^^^^
    |   File "/app/app/api/routes/orders.py", line 55, in create_order_endpoint
    |     order = await create_order(db, current_user, payload)
    |             ^^^^^^^^^^^^^^^^^^^^^^^^^^^^^^^^^^^^^^^^^^^^^
    |   File "/app/app/services/order_service.py", line 308, in create_order
    |     {'attempt': attempt + 1, 'actor_user_id': str(user.id)},
    |                                                   ^^^^^^^
    |   File "/usr/local/lib/python3.12/site-packages/sqlalchemy/orm/attributes.py", line 569, in __get__
    |     return self.impl.get(state, dict_)  # type: ignore[no-any-return]
    |            ^^^^^^^^^^^^^^^^^^^^^^^^^^^
    |   File "/usr/local/lib/python3.12/site-packages/sqlalchemy/orm/attributes.py", line 1096, in get
    |     value = self._fire_loader_callables(state, key, passive)
    |             ^^^^^^^^^^^^^^^^^^^^^^^^^^^^^^^^^^^^^^^^^^^^^^^^
    |   File "/usr/local/lib/python3.12/site-packages/sqlalchemy/orm/attributes.py", line 1126, in 
_fire_loader_callables
    |     return state._load_expired(state, passive)
    |            ^^^^^^^^^^^^^^^^^^^^^^^^^^^^^^^^^^^
    |   File "/usr/local/lib/python3.12/site-packages/sqlalchemy/orm/state.py", line 803, in _load_expired
    |     self.manager.expired_attribute_loader(self, toload, passive)
    |   File "/usr/local/lib/python3.12/site-packages/sqlalchemy/orm/loading.py", line 1674, in load_scalar_attributes
    |     result = load_on_ident(
    |              ^^^^^^^^^^^^^^
    |   File "/usr/local/lib/python3.12/site-packages/sqlalchemy/orm/loading.py", line 510, in load_on_ident
    |     return load_on_pk_identity(
    |            ^^^^^^^^^^^^^^^^^^^^
    |   File "/usr/local/lib/python3.12/site-packages/sqlalchemy/orm/loading.py", line 695, in load_on_pk_identity
    |     session.execute(
    |   File "/usr/local/lib/python3.12/site-packages/sqlalchemy/orm/session.py", line 2365, in execute
    |     return self._execute_internal(
    |            ^^^^^^^^^^^^^^^^^^^^^^^
    |   File "/usr/local/lib/python3.12/site-packages/sqlalchemy/orm/session.py", line 2241, in _execute_internal
    |     conn = self._connection_for_bind(bind)
    |            ^^^^^^^^^^^^^^^^^^^^^^^^^^^^^^^
    |   File "/usr/local/lib/python3.12/site-packages/sqlalchemy/orm/session.py", line 2110, in _connection_for_bind
    |     return trans._connection_for_bind(engine, execution_options)
    |            ^^^^^^^^^^^^^^^^^^^^^^^^^^^^^^^^^^^^^^^^^^^^^^^^^^^^^
    |   File "<string>", line 2, in _connection_for_bind
    |   File "/usr/local/lib/python3.12/site-packages/sqlalchemy/orm/state_changes.py", line 137, in _go
    |     ret_value = fn(self, *arg, **kw)
    |                 ^^^^^^^^^^^^^^^^^^^^
    |   File "/usr/local/lib/python3.12/site-packages/sqlalchemy/orm/session.py", line 1189, in _connection_for_bind
    |     conn = bind.connect()
    |            ^^^^^^^^^^^^^^
    |   File "/usr/local/lib/python3.12/site-packages/sqlalchemy/engine/base.py", line 3277, in connect
    |     return self._connection_cls(self)
    |            ^^^^^^^^^^^^^^^^^^^^^^^^^^
    |   File "/usr/local/lib/python3.12/site-packages/sqlalchemy/engine/base.py", line 143, in __init__
    |     self._dbapi_connection = engine.raw_connection()
    |                              ^^^^^^^^^^^^^^^^^^^^^^^
    |   File "/usr/local/lib/python3.12/site-packages/sqlalchemy/engine/base.py", line 3301, in raw_connection
    |     return self.pool.connect()
    |            ^^^^^^^^^^^^^^^^^^^
    |   File "/usr/local/lib/python3.12/site-packages/sqlalchemy/pool/base.py", line 447, in connect
    |     return _ConnectionFairy._checkout(self)
    |            ^^^^^^^^^^^^^^^^^^^^^^^^^^^^^^^^
    |   File "/usr/local/lib/python3.12/site-packages/sqlalchemy/pool/base.py", line 1264, in _checkout
    |     fairy = _ConnectionRecord.checkout(pool)
    |             ^^^^^^^^^^^^^^^^^^^^^^^^^^^^^^^^
    |   File "/usr/local/lib/python3.12/site-packages/sqlalchemy/pool/base.py", line 716, in checkout
    |     with util.safe_reraise():
    |          ^^^^^^^^^^^^^^^^^^^
    |   File "/usr/local/lib/python3.12/site-packages/sqlalchemy/util/langhelpers.py", line 224, in __exit__
    |     raise exc_value.with_traceback(exc_tb)
    |   File "/usr/local/lib/python3.12/site-packages/sqlalchemy/pool/base.py", line 714, in checkout
    |     dbapi_connection = rec.get_connection()
    |                        ^^^^^^^^^^^^^^^^^^^^
    |   File "/usr/local/lib/python3.12/site-packages/sqlalchemy/pool/base.py", line 836, in get_connection
    |     self.__connect()
    |   File "/usr/local/lib/python3.12/site-packages/sqlalchemy/pool/base.py", line 899, in __connect
    |     with util.safe_reraise():
    |          ^^^^^^^^^^^^^^^^^^^
    |   File "/usr/local/lib/python3.12/site-packages/sqlalchemy/util/langhelpers.py", line 224, in __exit__
    |     raise exc_value.with_traceback(exc_tb)
    |   File "/usr/local/lib/python3.12/site-packages/sqlalchemy/pool/base.py", line 895, in __connect
    |     self.dbapi_connection = connection = pool._invoke_creator(self)
    |                                          ^^^^^^^^^^^^^^^^^^^^^^^^^^
    |   File "/usr/local/lib/python3.12/site-packages/sqlalchemy/engine/create.py", line 661, in connect
    |     return dialect.connect(*cargs, **cparams)
    |            ^^^^^^^^^^^^^^^^^^^^^^^^^^^^^^^^^^
    |   File "/usr/local/lib/python3.12/site-packages/sqlalchemy/engine/default.py", line 629, in connect
    |     return self.loaded_dbapi.connect(*cargs, **cparams)  # type: ignore[no-any-return]  # NOQA: E501
    |            ^^^^^^^^^^^^^^^^^^^^^^^^^^^^^^^^^^^^^^^^^^^^
    |   File "/usr/local/lib/python3.12/site-packages/sqlalchemy/dialects/postgresql/asyncpg.py", line 964, in connect
    |     await_only(creator_fn(*arg, **kw)),
    |     ^^^^^^^^^^^^^^^^^^^^^^^^^^^^^^^^^^
    |   File "/usr/local/lib/python3.12/site-packages/sqlalchemy/util/_concurrency_py3k.py", line 123, in await_only
    |     raise exc.MissingGreenlet(
    | sqlalchemy.exc.MissingGreenlet: greenlet_spawn has not been called; can't call await_only() here. Was IO 
attempted in an unexpected place? (Background on this error at: https://sqlalche.me/e/20/xd2s)
    +------------------------------------

During handling of the above exception, another exception occurred:

Traceback (most recent call last):
  File "/usr/local/lib/python3.12/site-packages/uvicorn/protocols/http/httptools_impl.py", line 409, in run_asgi
    result = await app(  # type: ignore[func-returns-value]
             ^^^^^^^^^^^^^^^^^^^^^^^^^^^^^^^^^^^^^^^^^^^^^^
  File "/usr/local/lib/python3.12/site-packages/uvicorn/middleware/proxy_headers.py", line 60, in __call__
    return await self.app(scope, receive, send)
           ^^^^^^^^^^^^^^^^^^^^^^^^^^^^^^^^^^^^
  File "/usr/local/lib/python3.12/site-packages/fastapi/applications.py", line 1054, in __call__
    await super().__call__(scope, receive, send)
  File "/usr/local/lib/python3.12/site-packages/starlette/applications.py", line 113, in __call__
    await self.middleware_stack(scope, receive, send)
  File "/usr/local/lib/python3.12/site-packages/starlette/middleware/errors.py", line 186, in __call__
    raise exc
  File "/usr/local/lib/python3.12/site-packages/starlette/middleware/errors.py", line 164, in __call__
    await self.app(scope, receive, _send)
  File "/usr/local/lib/python3.12/site-packages/starlette/middleware/base.py", line 182, in __call__
    with recv_stream, send_stream, collapse_excgroups():
                                   ^^^^^^^^^^^^^^^^^^^^
  File "/usr/local/lib/python3.12/contextlib.py", line 158, in __exit__
    self.gen.throw(value)
  File "/usr/local/lib/python3.12/site-packages/starlette/_utils.py", line 85, in collapse_excgroups
    raise exc
  File "/usr/local/lib/python3.12/site-packages/starlette/middleware/base.py", line 184, in __call__
    response = await self.dispatch_func(request, call_next)
               ^^^^^^^^^^^^^^^^^^^^^^^^^^^^^^^^^^^^^^^^^^^^
  File "/app/app/main.py", line 35, in request_context_middleware
    response = await call_next(request)
               ^^^^^^^^^^^^^^^^^^^^^^^^
  File "/usr/local/lib/python3.12/site-packages/starlette/middleware/base.py", line 159, in call_next
    raise app_exc
  File "/usr/local/lib/python3.12/site-packages/starlette/middleware/base.py", line 144, in coro
    await self.app(scope, receive_or_disconnect, send_no_error)
  File "/usr/local/lib/python3.12/site-packages/starlette/middleware/exceptions.py", line 63, in __call__
    await wrap_app_handling_exceptions(self.app, conn)(scope, receive, send)
  File "/usr/local/lib/python3.12/site-packages/starlette/_exception_handler.py", line 53, in wrapped_app
    raise exc
  File "/usr/local/lib/python3.12/site-packages/starlette/_exception_handler.py", line 42, in wrapped_app
    await app(scope, receive, sender)
  File "/usr/local/lib/python3.12/site-packages/starlette/routing.py", line 716, in __call__
    await self.middleware_stack(scope, receive, send)
  File "/usr/local/lib/python3.12/site-packages/starlette/routing.py", line 736, in app
    await route.handle(scope, receive, send)
  File "/usr/local/lib/python3.12/site-packages/starlette/routing.py", line 290, in handle
    await self.app(scope, receive, send)
  File "/usr/local/lib/python3.12/site-packages/starlette/routing.py", line 78, in app
    await wrap_app_handling_exceptions(app, request)(scope, receive, send)
  File "/usr/local/lib/python3.12/site-packages/starlette/_exception_handler.py", line 53, in wrapped_app
    raise exc
  File "/usr/local/lib/python3.12/site-packages/starlette/_exception_handler.py", line 42, in wrapped_app
    await app(scope, receive, sender)
  File "/usr/local/lib/python3.12/site-packages/starlette/routing.py", line 75, in app
    response = await f(request)
               ^^^^^^^^^^^^^^^^
  File "/usr/local/lib/python3.12/site-packages/fastapi/routing.py", line 302, in app
    raw_response = await run_endpoint_function(
                   ^^^^^^^^^^^^^^^^^^^^^^^^^^^^
  File "/usr/local/lib/python3.12/site-packages/fastapi/routing.py", line 213, in run_endpoint_function
    return await dependant.call(**values)
           ^^^^^^^^^^^^^^^^^^^^^^^^^^^^^^
  File "/app/app/api/routes/orders.py", line 55, in create_order_endpoint
    order = await create_order(db, current_user, payload)
            ^^^^^^^^^^^^^^^^^^^^^^^^^^^^^^^^^^^^^^^^^^^^^
  File "/app/app/services/order_service.py", line 308, in create_order
    {'attempt': attempt + 1, 'actor_user_id': str(user.id)},
                                                  ^^^^^^^
  File "/usr/local/lib/python3.12/site-packages/sqlalchemy/orm/attributes.py", line 569, in __get__
    return self.impl.get(state, dict_)  # type: ignore[no-any-return]
           ^^^^^^^^^^^^^^^^^^^^^^^^^^^
  File "/usr/local/lib/python3.12/site-packages/sqlalchemy/orm/attributes.py", line 1096, in get
    value = self._fire_loader_callables(state, key, passive)
            ^^^^^^^^^^^^^^^^^^^^^^^^^^^^^^^^^^^^^^^^^^^^^^^^
  File "/usr/local/lib/python3.12/site-packages/sqlalchemy/orm/attributes.py", line 1126, in _fire_loader_callables
    return state._load_expired(state, passive)
           ^^^^^^^^^^^^^^^^^^^^^^^^^^^^^^^^^^^
  File "/usr/local/lib/python3.12/site-packages/sqlalchemy/orm/state.py", line 803, in _load_expired
    self.manager.expired_attribute_loader(self, toload, passive)
  File "/usr/local/lib/python3.12/site-packages/sqlalchemy/orm/loading.py", line 1674, in load_scalar_attributes
    result = load_on_ident(
             ^^^^^^^^^^^^^^
  File "/usr/local/lib/python3.12/site-packages/sqlalchemy/orm/loading.py", line 510, in load_on_ident
    return load_on_pk_identity(
           ^^^^^^^^^^^^^^^^^^^^
  File "/usr/local/lib/python3.12/site-packages/sqlalchemy/orm/loading.py", line 695, in load_on_pk_identity
    session.execute(
  File "/usr/local/lib/python3.12/site-packages/sqlalchemy/orm/session.py", line 2365, in execute
    return self._execute_internal(
           ^^^^^^^^^^^^^^^^^^^^^^^
  File "/usr/local/lib/python3.12/site-packages/sqlalchemy/orm/session.py", line 2241, in _execute_internal
    conn = self._connection_for_bind(bind)
           ^^^^^^^^^^^^^^^^^^^^^^^^^^^^^^^
  File "/usr/local/lib/python3.12/site-packages/sqlalchemy/orm/session.py", line 2110, in _connection_for_bind
    return trans._connection_for_bind(engine, execution_options)
           ^^^^^^^^^^^^^^^^^^^^^^^^^^^^^^^^^^^^^^^^^^^^^^^^^^^^^
  File "<string>", line 2, in _connection_for_bind
  File "/usr/local/lib/python3.12/site-packages/sqlalchemy/orm/state_changes.py", line 137, in _go
    ret_value = fn(self, *arg, **kw)
                ^^^^^^^^^^^^^^^^^^^^
  File "/usr/local/lib/python3.12/site-packages/sqlalchemy/orm/session.py", line 1189, in _connection_for_bind
    conn = bind.connect()
           ^^^^^^^^^^^^^^
  File "/usr/local/lib/python3.12/site-packages/sqlalchemy/engine/base.py", line 3277, in connect
    return self._connection_cls(self)
           ^^^^^^^^^^^^^^^^^^^^^^^^^^
  File "/usr/local/lib/python3.12/site-packages/sqlalchemy/engine/base.py", line 143, in __init__
    self._dbapi_connection = engine.raw_connection()
                             ^^^^^^^^^^^^^^^^^^^^^^^
  File "/usr/local/lib/python3.12/site-packages/sqlalchemy/engine/base.py", line 3301, in raw_connection
    return self.pool.connect()
           ^^^^^^^^^^^^^^^^^^^
  File "/usr/local/lib/python3.12/site-packages/sqlalchemy/pool/base.py", line 447, in connect
    return _ConnectionFairy._checkout(self)
           ^^^^^^^^^^^^^^^^^^^^^^^^^^^^^^^^
  File "/usr/local/lib/python3.12/site-packages/sqlalchemy/pool/base.py", line 1264, in _checkout
    fairy = _ConnectionRecord.checkout(pool)
            ^^^^^^^^^^^^^^^^^^^^^^^^^^^^^^^^
  File "/usr/local/lib/python3.12/site-packages/sqlalchemy/pool/base.py", line 716, in checkout
    with util.safe_reraise():
         ^^^^^^^^^^^^^^^^^^^
  File "/usr/local/lib/python3.12/site-packages/sqlalchemy/util/langhelpers.py", line 224, in __exit__
    raise exc_value.with_traceback(exc_tb)
  File "/usr/local/lib/python3.12/site-packages/sqlalchemy/pool/base.py", line 714, in checkout
    dbapi_connection = rec.get_connection()
                       ^^^^^^^^^^^^^^^^^^^^
  File "/usr/local/lib/python3.12/site-packages/sqlalchemy/pool/base.py", line 836, in get_connection
    self.__connect()
  File "/usr/local/lib/python3.12/site-packages/sqlalchemy/pool/base.py", line 899, in __connect
    with util.safe_reraise():
         ^^^^^^^^^^^^^^^^^^^
  File "/usr/local/lib/python3.12/site-packages/sqlalchemy/util/langhelpers.py", line 224, in __exit__
    raise exc_value.with_traceback(exc_tb)
  File "/usr/local/lib/python3.12/site-packages/sqlalchemy/pool/base.py", line 895, in __connect
    self.dbapi_connection = connection = pool._invoke_creator(self)
                                         ^^^^^^^^^^^^^^^^^^^^^^^^^^
  File "/usr/local/lib/python3.12/site-packages/sqlalchemy/engine/create.py", line 661, in connect
    return dialect.connect(*cargs, **cparams)
           ^^^^^^^^^^^^^^^^^^^^^^^^^^^^^^^^^^
  File "/usr/local/lib/python3.12/site-packages/sqlalchemy/engine/default.py", line 629, in connect
    return self.loaded_dbapi.connect(*cargs, **cparams)  # type: ignore[no-any-return]  # NOQA: E501
           ^^^^^^^^^^^^^^^^^^^^^^^^^^^^^^^^^^^^^^^^^^^^
  File "/usr/local/lib/python3.12/site-packages/sqlalchemy/dialects/postgresql/asyncpg.py", line 964, in connect
    await_only(creator_fn(*arg, **kw)),
    ^^^^^^^^^^^^^^^^^^^^^^^^^^^^^^^^^^
  File "/usr/local/lib/python3.12/site-packages/sqlalchemy/util/_concurrency_py3k.py", line 123, in await_only
    raise exc.MissingGreenlet(
sqlalchemy.exc.MissingGreenlet: greenlet_spawn has not been called; can't call await_only() here. Was IO attempted in 
an unexpected place? (Background on this error at: https://sqlalche.me/e/20/xd2s)
ERROR:    Exception in ASGI application
  + Exception Group Traceback (most recent call last):
  |   File "/usr/local/lib/python3.12/site-packages/starlette/_utils.py", line 79, in collapse_excgroups
  |     yield
  |   File "/usr/local/lib/python3.12/site-packages/starlette/middleware/base.py", line 183, in __call__
  |     async with anyio.create_task_group() as task_group:
  |                ^^^^^^^^^^^^^^^^^^^^^^^^^
  |   File "/usr/local/lib/python3.12/site-packages/anyio/_backends/_asyncio.py", line 783, in __aexit__
  |     raise BaseExceptionGroup(
  | ExceptionGroup: unhandled errors in a TaskGroup (1 sub-exception)
  +-+---------------- 1 ----------------
    | Traceback (most recent call last):
    |   File "/usr/local/lib/python3.12/site-packages/uvicorn/protocols/http/httptools_impl.py", line 409, in run_asgi
    |     result = await app(  # type: ignore[func-returns-value]
    |              ^^^^^^^^^^^^^^^^^^^^^^^^^^^^^^^^^^^^^^^^^^^^^^
    |   File "/usr/local/lib/python3.12/site-packages/uvicorn/middleware/proxy_headers.py", line 60, in __call__
    |     return await self.app(scope, receive, send)
    |            ^^^^^^^^^^^^^^^^^^^^^^^^^^^^^^^^^^^^
    |   File "/usr/local/lib/python3.12/site-packages/fastapi/applications.py", line 1054, in __call__
    |     await super().__call__(scope, receive, send)
    |   File "/usr/local/lib/python3.12/site-packages/starlette/applications.py", line 113, in __call__
    |     await self.middleware_stack(scope, receive, send)
    |   File "/usr/local/lib/python3.12/site-packages/starlette/middleware/errors.py", line 186, in __call__
INFO:     172.19.0.1:48540 - "POST /orders HTTP/1.1" 500 Internal Server Error
    |     raise exc
    |   File "/usr/local/lib/python3.12/site-packages/starlette/middleware/errors.py", line 164, in __call__
    |     await self.app(scope, receive, _send)
    |   File "/usr/local/lib/python3.12/site-packages/starlette/middleware/base.py", line 182, in __call__
    |     with recv_stream, send_stream, collapse_excgroups():
    |                                    ^^^^^^^^^^^^^^^^^^^^
    |   File "/usr/local/lib/python3.12/contextlib.py", line 158, in __exit__
    |     self.gen.throw(value)
    |   File "/usr/local/lib/python3.12/site-packages/starlette/_utils.py", line 85, in collapse_excgroups
    |     raise exc
    |   File "/usr/local/lib/python3.12/site-packages/starlette/middleware/base.py", line 184, in __call__
    |     response = await self.dispatch_func(request, call_next)
    |                ^^^^^^^^^^^^^^^^^^^^^^^^^^^^^^^^^^^^^^^^^^^^
    |   File "/app/app/main.py", line 35, in request_context_middleware
    |     response = await call_next(request)
    |                ^^^^^^^^^^^^^^^^^^^^^^^^
    |   File "/usr/local/lib/python3.12/site-packages/starlette/middleware/base.py", line 159, in call_next
    |     raise app_exc
    |   File "/usr/local/lib/python3.12/site-packages/starlette/middleware/base.py", line 144, in coro
    |     await self.app(scope, receive_or_disconnect, send_no_error)
    |   File "/usr/local/lib/python3.12/site-packages/starlette/middleware/exceptions.py", line 63, in __call__
    |     await wrap_app_handling_exceptions(self.app, conn)(scope, receive, send)
    |   File "/usr/local/lib/python3.12/site-packages/starlette/_exception_handler.py", line 53, in wrapped_app
    |     raise exc
    |   File "/usr/local/lib/python3.12/site-packages/starlette/_exception_handler.py", line 42, in wrapped_app
    |     await app(scope, receive, sender)
    |   File "/usr/local/lib/python3.12/site-packages/starlette/routing.py", line 716, in __call__
    |     await self.middleware_stack(scope, receive, send)
    |   File "/usr/local/lib/python3.12/site-packages/starlette/routing.py", line 736, in app
    |     await route.handle(scope, receive, send)
    |   File "/usr/local/lib/python3.12/site-packages/starlette/routing.py", line 290, in handle
    |     await self.app(scope, receive, send)
    |   File "/usr/local/lib/python3.12/site-packages/starlette/routing.py", line 78, in app
    |     await wrap_app_handling_exceptions(app, request)(scope, receive, send)
    |   File "/usr/local/lib/python3.12/site-packages/starlette/_exception_handler.py", line 53, in wrapped_app
    |     raise exc
    |   File "/usr/local/lib/python3.12/site-packages/starlette/_exception_handler.py", line 42, in wrapped_app
    |     await app(scope, receive, sender)
    |   File "/usr/local/lib/python3.12/site-packages/starlette/routing.py", line 75, in app
    |     response = await f(request)
    |                ^^^^^^^^^^^^^^^^
    |   File "/usr/local/lib/python3.12/site-packages/fastapi/routing.py", line 302, in app
    |     raw_response = await run_endpoint_function(
    |                    ^^^^^^^^^^^^^^^^^^^^^^^^^^^^
    |   File "/usr/local/lib/python3.12/site-packages/fastapi/routing.py", line 213, in run_endpoint_function
    |     return await dependant.call(**values)
    |            ^^^^^^^^^^^^^^^^^^^^^^^^^^^^^^
    |   File "/app/app/api/routes/orders.py", line 55, in create_order_endpoint
    |     order = await create_order(db, current_user, payload)
    |             ^^^^^^^^^^^^^^^^^^^^^^^^^^^^^^^^^^^^^^^^^^^^^
    |   File "/app/app/services/order_service.py", line 308, in create_order
    |     {'attempt': attempt + 1, 'actor_user_id': str(user.id)},
    |                                                   ^^^^^^^
    |   File "/usr/local/lib/python3.12/site-packages/sqlalchemy/orm/attributes.py", line 569, in __get__
    |     return self.impl.get(state, dict_)  # type: ignore[no-any-return]
    |            ^^^^^^^^^^^^^^^^^^^^^^^^^^^
    |   File "/usr/local/lib/python3.12/site-packages/sqlalchemy/orm/attributes.py", line 1096, in get
    |     value = self._fire_loader_callables(state, key, passive)
    |             ^^^^^^^^^^^^^^^^^^^^^^^^^^^^^^^^^^^^^^^^^^^^^^^^
    |   File "/usr/local/lib/python3.12/site-packages/sqlalchemy/orm/attributes.py", line 1126, in 
_fire_loader_callables
    |     return state._load_expired(state, passive)
    |            ^^^^^^^^^^^^^^^^^^^^^^^^^^^^^^^^^^^
    |   File "/usr/local/lib/python3.12/site-packages/sqlalchemy/orm/state.py", line 803, in _load_expired
    |     self.manager.expired_attribute_loader(self, toload, passive)
    |   File "/usr/local/lib/python3.12/site-packages/sqlalchemy/orm/loading.py", line 1674, in load_scalar_attributes
    |     result = load_on_ident(
    |              ^^^^^^^^^^^^^^
    |   File "/usr/local/lib/python3.12/site-packages/sqlalchemy/orm/loading.py", line 510, in load_on_ident
    |     return load_on_pk_identity(
    |            ^^^^^^^^^^^^^^^^^^^^
    |   File "/usr/local/lib/python3.12/site-packages/sqlalchemy/orm/loading.py", line 695, in load_on_pk_identity
    |     session.execute(
    |   File "/usr/local/lib/python3.12/site-packages/sqlalchemy/orm/session.py", line 2365, in execute
    |     return self._execute_internal(
    |            ^^^^^^^^^^^^^^^^^^^^^^^
    |   File "/usr/local/lib/python3.12/site-packages/sqlalchemy/orm/session.py", line 2241, in _execute_internal
    |     conn = self._connection_for_bind(bind)
    |            ^^^^^^^^^^^^^^^^^^^^^^^^^^^^^^^
    |   File "/usr/local/lib/python3.12/site-packages/sqlalchemy/orm/session.py", line 2110, in _connection_for_bind
    |     return trans._connection_for_bind(engine, execution_options)
    |            ^^^^^^^^^^^^^^^^^^^^^^^^^^^^^^^^^^^^^^^^^^^^^^^^^^^^^
    |   File "<string>", line 2, in _connection_for_bind
    |   File "/usr/local/lib/python3.12/site-packages/sqlalchemy/orm/state_changes.py", line 137, in _go
    |     ret_value = fn(self, *arg, **kw)
    |                 ^^^^^^^^^^^^^^^^^^^^
    |   File "/usr/local/lib/python3.12/site-packages/sqlalchemy/orm/session.py", line 1189, in _connection_for_bind
    |     conn = bind.connect()
    |            ^^^^^^^^^^^^^^
    |   File "/usr/local/lib/python3.12/site-packages/sqlalchemy/engine/base.py", line 3277, in connect
    |     return self._connection_cls(self)
    |            ^^^^^^^^^^^^^^^^^^^^^^^^^^
    |   File "/usr/local/lib/python3.12/site-packages/sqlalchemy/engine/base.py", line 143, in __init__
    |     self._dbapi_connection = engine.raw_connection()
    |                              ^^^^^^^^^^^^^^^^^^^^^^^
    |   File "/usr/local/lib/python3.12/site-packages/sqlalchemy/engine/base.py", line 3301, in raw_connection
    |     return self.pool.connect()
    |            ^^^^^^^^^^^^^^^^^^^
    |   File "/usr/local/lib/python3.12/site-packages/sqlalchemy/pool/base.py", line 447, in connect
    |     return _ConnectionFairy._checkout(self)
    |            ^^^^^^^^^^^^^^^^^^^^^^^^^^^^^^^^
    |   File "/usr/local/lib/python3.12/site-packages/sqlalchemy/pool/base.py", line 1363, in _checkout
    |     with util.safe_reraise():
    |          ^^^^^^^^^^^^^^^^^^^
    |   File "/usr/local/lib/python3.12/site-packages/sqlalchemy/util/langhelpers.py", line 224, in __exit__
    |     raise exc_value.with_traceback(exc_tb)
    |   File "/usr/local/lib/python3.12/site-packages/sqlalchemy/pool/base.py", line 1301, in _checkout
    |     result = pool._dialect._do_ping_w_event(
    |              ^^^^^^^^^^^^^^^^^^^^^^^^^^^^^^^
    |   File "/usr/local/lib/python3.12/site-packages/sqlalchemy/engine/default.py", line 728, in _do_ping_w_event
    |     return self.do_ping(dbapi_connection)
    |            ^^^^^^^^^^^^^^^^^^^^^^^^^^^^^^
    |   File "/usr/local/lib/python3.12/site-packages/sqlalchemy/dialects/postgresql/asyncpg.py", line 1169, in do_ping
    |     dbapi_connection.ping()
    |   File "/usr/local/lib/python3.12/site-packages/sqlalchemy/dialects/postgresql/asyncpg.py", line 813, in ping
    |     self._handle_exception(error)
    |   File "/usr/local/lib/python3.12/site-packages/sqlalchemy/dialects/postgresql/asyncpg.py", line 794, in 
_handle_exception
    |     raise error
    |   File "/usr/local/lib/python3.12/site-packages/sqlalchemy/dialects/postgresql/asyncpg.py", line 811, in ping
    |     _ = self.await_(self._async_ping())
    |         ^^^^^^^^^^^^^^^^^^^^^^^^^^^^^^^
    |   File "/usr/local/lib/python3.12/site-packages/sqlalchemy/util/_concurrency_py3k.py", line 123, in await_only
    |     raise exc.MissingGreenlet(
    | sqlalchemy.exc.MissingGreenlet: greenlet_spawn has not been called; can't call await_only() here. Was IO 
attempted in an unexpected place? (Background on this error at: https://sqlalche.me/e/20/xd2s)
    +------------------------------------

During handling of the above exception, another exception occurred:

Traceback (most recent call last):
  File "/usr/local/lib/python3.12/site-packages/uvicorn/protocols/http/httptools_impl.py", line 409, in run_asgi
    result = await app(  # type: ignore[func-returns-value]
             ^^^^^^^^^^^^^^^^^^^^^^^^^^^^^^^^^^^^^^^^^^^^^^
  File "/usr/local/lib/python3.12/site-packages/uvicorn/middleware/proxy_headers.py", line 60, in __call__
    return await self.app(scope, receive, send)
           ^^^^^^^^^^^^^^^^^^^^^^^^^^^^^^^^^^^^
  File "/usr/local/lib/python3.12/site-packages/fastapi/applications.py", line 1054, in __call__
    await super().__call__(scope, receive, send)
  File "/usr/local/lib/python3.12/site-packages/starlette/applications.py", line 113, in __call__
    await self.middleware_stack(scope, receive, send)
  File "/usr/local/lib/python3.12/site-packages/starlette/middleware/errors.py", line 186, in __call__
    raise exc
  File "/usr/local/lib/python3.12/site-packages/starlette/middleware/errors.py", line 164, in __call__
    await self.app(scope, receive, _send)
  File "/usr/local/lib/python3.12/site-packages/starlette/middleware/base.py", line 182, in __call__
    with recv_stream, send_stream, collapse_excgroups():
                                   ^^^^^^^^^^^^^^^^^^^^
  File "/usr/local/lib/python3.12/contextlib.py", line 158, in __exit__
    self.gen.throw(value)
  File "/usr/local/lib/python3.12/site-packages/starlette/_utils.py", line 85, in collapse_excgroups
    raise exc
  File "/usr/local/lib/python3.12/site-packages/starlette/middleware/base.py", line 184, in __call__
    response = await self.dispatch_func(request, call_next)
               ^^^^^^^^^^^^^^^^^^^^^^^^^^^^^^^^^^^^^^^^^^^^
  File "/app/app/main.py", line 35, in request_context_middleware
    response = await call_next(request)
               ^^^^^^^^^^^^^^^^^^^^^^^^
  File "/usr/local/lib/python3.12/site-packages/starlette/middleware/base.py", line 159, in call_next
    raise app_exc
  File "/usr/local/lib/python3.12/site-packages/starlette/middleware/base.py", line 144, in coro
    await self.app(scope, receive_or_disconnect, send_no_error)
  File "/usr/local/lib/python3.12/site-packages/starlette/middleware/exceptions.py", line 63, in __call__
    await wrap_app_handling_exceptions(self.app, conn)(scope, receive, send)
  File "/usr/local/lib/python3.12/site-packages/starlette/_exception_handler.py", line 53, in wrapped_app
    raise exc
  File "/usr/local/lib/python3.12/site-packages/starlette/_exception_handler.py", line 42, in wrapped_app
    await app(scope, receive, sender)
  File "/usr/local/lib/python3.12/site-packages/starlette/routing.py", line 716, in __call__
    await self.middleware_stack(scope, receive, send)
  File "/usr/local/lib/python3.12/site-packages/starlette/routing.py", line 736, in app
    await route.handle(scope, receive, send)
  File "/usr/local/lib/python3.12/site-packages/starlette/routing.py", line 290, in handle
    await self.app(scope, receive, send)
  File "/usr/local/lib/python3.12/site-packages/starlette/routing.py", line 78, in app
    await wrap_app_handling_exceptions(app, request)(scope, receive, send)
  File "/usr/local/lib/python3.12/site-packages/starlette/_exception_handler.py", line 53, in wrapped_app
    raise exc
  File "/usr/local/lib/python3.12/site-packages/starlette/_exception_handler.py", line 42, in wrapped_app
    await app(scope, receive, sender)
  File "/usr/local/lib/python3.12/site-packages/starlette/routing.py", line 75, in app
    response = await f(request)
               ^^^^^^^^^^^^^^^^
  File "/usr/local/lib/python3.12/site-packages/fastapi/routing.py", line 302, in app
    raw_response = await run_endpoint_function(
                   ^^^^^^^^^^^^^^^^^^^^^^^^^^^^
  File "/usr/local/lib/python3.12/site-packages/fastapi/routing.py", line 213, in run_endpoint_function
    return await dependant.call(**values)
           ^^^^^^^^^^^^^^^^^^^^^^^^^^^^^^
  File "/app/app/api/routes/orders.py", line 55, in create_order_endpoint
    order = await create_order(db, current_user, payload)
            ^^^^^^^^^^^^^^^^^^^^^^^^^^^^^^^^^^^^^^^^^^^^^
  File "/app/app/services/order_service.py", line 308, in create_order
    {'attempt': attempt + 1, 'actor_user_id': str(user.id)},
                                                  ^^^^^^^
  File "/usr/local/lib/python3.12/site-packages/sqlalchemy/orm/attributes.py", line 569, in __get__
    return self.impl.get(state, dict_)  # type: ignore[no-any-return]
           ^^^^^^^^^^^^^^^^^^^^^^^^^^^
  File "/usr/local/lib/python3.12/site-packages/sqlalchemy/orm/attributes.py", line 1096, in get
    value = self._fire_loader_callables(state, key, passive)
            ^^^^^^^^^^^^^^^^^^^^^^^^^^^^^^^^^^^^^^^^^^^^^^^^
  File "/usr/local/lib/python3.12/site-packages/sqlalchemy/orm/attributes.py", line 1126, in _fire_loader_callables
    return state._load_expired(state, passive)
           ^^^^^^^^^^^^^^^^^^^^^^^^^^^^^^^^^^^
  File "/usr/local/lib/python3.12/site-packages/sqlalchemy/orm/state.py", line 803, in _load_expired
    self.manager.expired_attribute_loader(self, toload, passive)
  File "/usr/local/lib/python3.12/site-packages/sqlalchemy/orm/loading.py", line 1674, in load_scalar_attributes
    result = load_on_ident(
             ^^^^^^^^^^^^^^
  File "/usr/local/lib/python3.12/site-packages/sqlalchemy/orm/loading.py", line 510, in load_on_ident
    return load_on_pk_identity(
           ^^^^^^^^^^^^^^^^^^^^
  File "/usr/local/lib/python3.12/site-packages/sqlalchemy/orm/loading.py", line 695, in load_on_pk_identity
    session.execute(
  File "/usr/local/lib/python3.12/site-packages/sqlalchemy/orm/session.py", line 2365, in execute
    return self._execute_internal(
           ^^^^^^^^^^^^^^^^^^^^^^^
  File "/usr/local/lib/python3.12/site-packages/sqlalchemy/orm/session.py", line 2241, in _execute_internal
    conn = self._connection_for_bind(bind)
           ^^^^^^^^^^^^^^^^^^^^^^^^^^^^^^^
  File "/usr/local/lib/python3.12/site-packages/sqlalchemy/orm/session.py", line 2110, in _connection_for_bind
    return trans._connection_for_bind(engine, execution_options)
           ^^^^^^^^^^^^^^^^^^^^^^^^^^^^^^^^^^^^^^^^^^^^^^^^^^^^^
  File "<string>", line 2, in _connection_for_bind
  File "/usr/local/lib/python3.12/site-packages/sqlalchemy/orm/state_changes.py", line 137, in _go
    ret_value = fn(self, *arg, **kw)
                ^^^^^^^^^^^^^^^^^^^^
  File "/usr/local/lib/python3.12/site-packages/sqlalchemy/orm/session.py", line 1189, in _connection_for_bind
    conn = bind.connect()
           ^^^^^^^^^^^^^^
  File "/usr/local/lib/python3.12/site-packages/sqlalchemy/engine/base.py", line 3277, in connect
    return self._connection_cls(self)
           ^^^^^^^^^^^^^^^^^^^^^^^^^^
  File "/usr/local/lib/python3.12/site-packages/sqlalchemy/engine/base.py", line 143, in __init__
    self._dbapi_connection = engine.raw_connection()
                             ^^^^^^^^^^^^^^^^^^^^^^^
  File "/usr/local/lib/python3.12/site-packages/sqlalchemy/engine/base.py", line 3301, in raw_connection
    return self.pool.connect()
           ^^^^^^^^^^^^^^^^^^^
  File "/usr/local/lib/python3.12/site-packages/sqlalchemy/pool/base.py", line 447, in connect
    return _ConnectionFairy._checkout(self)
           ^^^^^^^^^^^^^^^^^^^^^^^^^^^^^^^^
  File "/usr/local/lib/python3.12/site-packages/sqlalchemy/pool/base.py", line 1363, in _checkout
    with util.safe_reraise():
         ^^^^^^^^^^^^^^^^^^^
  File "/usr/local/lib/python3.12/site-packages/sqlalchemy/util/langhelpers.py", line 224, in __exit__
    raise exc_value.with_traceback(exc_tb)
  File "/usr/local/lib/python3.12/site-packages/sqlalchemy/pool/base.py", line 1301, in _checkout
    result = pool._dialect._do_ping_w_event(
             ^^^^^^^^^^^^^^^^^^^^^^^^^^^^^^^
  File "/usr/local/lib/python3.12/site-packages/sqlalchemy/engine/default.py", line 728, in _do_ping_w_event
    return self.do_ping(dbapi_connection)
           ^^^^^^^^^^^^^^^^^^^^^^^^^^^^^^
  File "/usr/local/lib/python3.12/site-packages/sqlalchemy/dialects/postgresql/asyncpg.py", line 1169, in do_ping
    dbapi_connection.ping()
  File "/usr/local/lib/python3.12/site-packages/sqlalchemy/dialects/postgresql/asyncpg.py", line 813, in ping
    self._handle_exception(error)
  File "/usr/local/lib/python3.12/site-packages/sqlalchemy/dialects/postgresql/asyncpg.py", line 794, in 
_handle_exception
    raise error
  File "/usr/local/lib/python3.12/site-packages/sqlalchemy/dialects/postgresql/asyncpg.py", line 811, in ping
    _ = self.await_(self._async_ping())
        ^^^^^^^^^^^^^^^^^^^^^^^^^^^^^^^
  File "/usr/local/lib/python3.12/site-packages/sqlalchemy/util/_concurrency_py3k.py", line 123, in await_only
    raise exc.MissingGreenlet(
sqlalchemy.exc.MissingGreenlet: greenlet_spawn has not been called; can't call await_only() here. Was IO attempted in 
an unexpected place? (Background on this error at: https://sqlalche.me/e/20/xd2s)
{"ts": "2026-03-17T23:47:07.338303+00:00", "level": "INFO", "logger": "app.main", "message": "http.request", "event": 
"http.request", "method": "POST", "path": "/orders", "status_code": 201, "elapsed_ms": 373.26, "request_id": 
"00bc7d0d-07db-4e28-80e0-ab21e21682d8"}
{"ts": "2026-03-17T23:47:07.478405+00:00", "level": "INFO", "logger": "app.services.order_service", "message": 
"order.created", "event": "order.created", "order_id": "d0c020dd-b4c2-427d-a31b-d73fb6048859", "order_number": 12, 
"order_type": "pickup", "status": "NEW", "actor_user_id": "0ce35dca-d398-4600-9607-c80a9c594f93"}
{"ts": "2026-03-17T23:47:07.479285+00:00", "level": "INFO", "logger": "app.main", "message": "http.request", "event": 
"http.request", "method": "GET", "path": "/orders/0a3cee76-8c8a-4b2e-96a7-6139e67642e0", "status_code": 200, 
"elapsed_ms": 109.45, "request_id": "cfdc446a-e447-42ee-825d-9210b12d2696"}
{"ts": "2026-03-17T23:47:07.484618+00:00", "level": "ERROR", "logger": "app.main", "message": "http.request_failed", 
"event": "http.request_failed", "method": "POST", "path": "/orders", "status_code": 500, "elapsed_ms": 149.36, 
"request_id": "931bd2c5-92dc-4b4b-accb-357313ef8b4b"}
ERROR:    Exception in ASGI application
  + Exception Group Traceback (most recent call last):
  |   File "/usr/local/lib/python3.12/site-packages/starlette/_utils.py", line 79, in collapse_excgroups
  |     yield
  |   File "/usr/local/lib/python3.12/site-packages/starlette/middleware/base.py", line 183, in __call__
  |     async with anyio.create_task_group() as task_group:
  |                ^^^^^^^^^^^^^^^^^^^^^^^^^
  |   File "/usr/local/lib/python3.12/site-packages/anyio/_backends/_asyncio.py", line 783, in __aexit__
  |     raise BaseExceptionGroup(
  | ExceptionGroup: unhandled errors in a TaskGroup (1 sub-exception)
  +-+---------------- 1 ----------------
    | Traceback (most recent call last):
    |   File "/usr/local/lib/python3.12/site-packages/uvicorn/protocols/http/httptools_impl.py", line 409, in run_asgi
    |     result = await app(  # type: ignore[func-returns-value]
    |              ^^^^^^^^^^^^^^^^^^^^^^^^^^^^^^^^^^^^^^^^^^^^^^
    |   File "/usr/local/lib/python3.12/site-packages/uvicorn/middleware/proxy_headers.py", line 60, in __call__
    |     return await self.app(scope, receive, send)
    |            ^^^^^^^^^^^^^^^^^^^^^^^^^^^^^^^^^^^^
    |   File "/usr/local/lib/python3.12/site-packages/fastapi/applications.py", line 1054, in __call__
    |     await super().__call__(scope, receive, send)
    |   File "/usr/local/lib/python3.12/site-packages/starlette/applications.py", line 113, in __call__
    |     await self.middleware_stack(scope, receive, send)
    |   File "/usr/local/lib/python3.12/site-packages/starlette/middleware/errors.py", line 186, in __call__
    |     raise exc
    |   File "/usr/local/lib/python3.12/site-packages/starlette/middleware/errors.py", line 164, in __call__
    |     await self.app(scope, receive, _send)
    |   File "/usr/local/lib/python3.12/site-packages/starlette/middleware/base.py", line 182, in __call__
    |     with recv_stream, send_stream, collapse_excgroups():
    |                                    ^^^^^^^^^^^^^^^^^^^^
    |   File "/usr/local/lib/python3.12/contextlib.py", line 158, in __exit__
    |     self.gen.throw(value)
INFO:     172.19.0.1:48508 - "POST /orders HTTP/1.1" 201 Created
INFO:     172.19.0.1:48606 - "GET /orders/0a3cee76-8c8a-4b2e-96a7-6139e67642e0 HTTP/1.1" 200 OK
INFO:     172.19.0.1:48568 - "POST /orders HTTP/1.1" 500 Internal Server Error
    |   File "/usr/local/lib/python3.12/site-packages/starlette/_utils.py", line 85, in collapse_excgroups
    |     raise exc
    |   File "/usr/local/lib/python3.12/site-packages/starlette/middleware/base.py", line 184, in __call__
    |     response = await self.dispatch_func(request, call_next)
    |                ^^^^^^^^^^^^^^^^^^^^^^^^^^^^^^^^^^^^^^^^^^^^
    |   File "/app/app/main.py", line 35, in request_context_middleware
    |     response = await call_next(request)
    |                ^^^^^^^^^^^^^^^^^^^^^^^^
    |   File "/usr/local/lib/python3.12/site-packages/starlette/middleware/base.py", line 159, in call_next
    |     raise app_exc
    |   File "/usr/local/lib/python3.12/site-packages/starlette/middleware/base.py", line 144, in coro
    |     await self.app(scope, receive_or_disconnect, send_no_error)
    |   File "/usr/local/lib/python3.12/site-packages/starlette/middleware/exceptions.py", line 63, in __call__
    |     await wrap_app_handling_exceptions(self.app, conn)(scope, receive, send)
    |   File "/usr/local/lib/python3.12/site-packages/starlette/_exception_handler.py", line 53, in wrapped_app
    |     raise exc
    |   File "/usr/local/lib/python3.12/site-packages/starlette/_exception_handler.py", line 42, in wrapped_app
    |     await app(scope, receive, sender)
    |   File "/usr/local/lib/python3.12/site-packages/starlette/routing.py", line 716, in __call__
    |     await self.middleware_stack(scope, receive, send)
    |   File "/usr/local/lib/python3.12/site-packages/starlette/routing.py", line 736, in app
    |     await route.handle(scope, receive, send)
    |   File "/usr/local/lib/python3.12/site-packages/starlette/routing.py", line 290, in handle
    |     await self.app(scope, receive, send)
    |   File "/usr/local/lib/python3.12/site-packages/starlette/routing.py", line 78, in app
    |     await wrap_app_handling_exceptions(app, request)(scope, receive, send)
    |   File "/usr/local/lib/python3.12/site-packages/starlette/_exception_handler.py", line 53, in wrapped_app
    |     raise exc
    |   File "/usr/local/lib/python3.12/site-packages/starlette/_exception_handler.py", line 42, in wrapped_app
    |     await app(scope, receive, sender)
    |   File "/usr/local/lib/python3.12/site-packages/starlette/routing.py", line 75, in app
    |     response = await f(request)
    |                ^^^^^^^^^^^^^^^^
    |   File "/usr/local/lib/python3.12/site-packages/fastapi/routing.py", line 302, in app
    |     raw_response = await run_endpoint_function(
    |                    ^^^^^^^^^^^^^^^^^^^^^^^^^^^^
    |   File "/usr/local/lib/python3.12/site-packages/fastapi/routing.py", line 213, in run_endpoint_function
    |     return await dependant.call(**values)
    |            ^^^^^^^^^^^^^^^^^^^^^^^^^^^^^^
    |   File "/app/app/api/routes/orders.py", line 55, in create_order_endpoint
    |     order = await create_order(db, current_user, payload)
    |             ^^^^^^^^^^^^^^^^^^^^^^^^^^^^^^^^^^^^^^^^^^^^^
    |   File "/app/app/services/order_service.py", line 308, in create_order
    |     {'attempt': attempt + 1, 'actor_user_id': str(user.id)},
    |                                                   ^^^^^^^
    |   File "/usr/local/lib/python3.12/site-packages/sqlalchemy/orm/attributes.py", line 569, in __get__
    |     return self.impl.get(state, dict_)  # type: ignore[no-any-return]
    |            ^^^^^^^^^^^^^^^^^^^^^^^^^^^
    |   File "/usr/local/lib/python3.12/site-packages/sqlalchemy/orm/attributes.py", line 1096, in get
    |     value = self._fire_loader_callables(state, key, passive)
    |             ^^^^^^^^^^^^^^^^^^^^^^^^^^^^^^^^^^^^^^^^^^^^^^^^
    |   File "/usr/local/lib/python3.12/site-packages/sqlalchemy/orm/attributes.py", line 1126, in 
_fire_loader_callables
    |     return state._load_expired(state, passive)
    |            ^^^^^^^^^^^^^^^^^^^^^^^^^^^^^^^^^^^
    |   File "/usr/local/lib/python3.12/site-packages/sqlalchemy/orm/state.py", line 803, in _load_expired
    |     self.manager.expired_attribute_loader(self, toload, passive)
    |   File "/usr/local/lib/python3.12/site-packages/sqlalchemy/orm/loading.py", line 1674, in load_scalar_attributes
    |     result = load_on_ident(
    |              ^^^^^^^^^^^^^^
    |   File "/usr/local/lib/python3.12/site-packages/sqlalchemy/orm/loading.py", line 510, in load_on_ident
    |     return load_on_pk_identity(
    |            ^^^^^^^^^^^^^^^^^^^^
    |   File "/usr/local/lib/python3.12/site-packages/sqlalchemy/orm/loading.py", line 695, in load_on_pk_identity
    |     session.execute(
    |   File "/usr/local/lib/python3.12/site-packages/sqlalchemy/orm/session.py", line 2365, in execute
    |     return self._execute_internal(
    |            ^^^^^^^^^^^^^^^^^^^^^^^
    |   File "/usr/local/lib/python3.12/site-packages/sqlalchemy/orm/session.py", line 2241, in _execute_internal
    |     conn = self._connection_for_bind(bind)
    |            ^^^^^^^^^^^^^^^^^^^^^^^^^^^^^^^
    |   File "/usr/local/lib/python3.12/site-packages/sqlalchemy/orm/session.py", line 2110, in _connection_for_bind
    |     return trans._connection_for_bind(engine, execution_options)
    |            ^^^^^^^^^^^^^^^^^^^^^^^^^^^^^^^^^^^^^^^^^^^^^^^^^^^^^
    |   File "<string>", line 2, in _connection_for_bind
    |   File "/usr/local/lib/python3.12/site-packages/sqlalchemy/orm/state_changes.py", line 137, in _go
    |     ret_value = fn(self, *arg, **kw)
    |                 ^^^^^^^^^^^^^^^^^^^^
    |   File "/usr/local/lib/python3.12/site-packages/sqlalchemy/orm/session.py", line 1189, in _connection_for_bind
    |     conn = bind.connect()
    |            ^^^^^^^^^^^^^^
    |   File "/usr/local/lib/python3.12/site-packages/sqlalchemy/engine/base.py", line 3277, in connect
    |     return self._connection_cls(self)
    |            ^^^^^^^^^^^^^^^^^^^^^^^^^^
    |   File "/usr/local/lib/python3.12/site-packages/sqlalchemy/engine/base.py", line 143, in __init__
    |     self._dbapi_connection = engine.raw_connection()
    |                              ^^^^^^^^^^^^^^^^^^^^^^^
    |   File "/usr/local/lib/python3.12/site-packages/sqlalchemy/engine/base.py", line 3301, in raw_connection
    |     return self.pool.connect()
    |            ^^^^^^^^^^^^^^^^^^^
    |   File "/usr/local/lib/python3.12/site-packages/sqlalchemy/pool/base.py", line 447, in connect
    |     return _ConnectionFairy._checkout(self)
    |            ^^^^^^^^^^^^^^^^^^^^^^^^^^^^^^^^
    |   File "/usr/local/lib/python3.12/site-packages/sqlalchemy/pool/base.py", line 1363, in _checkout
    |     with util.safe_reraise():
    |          ^^^^^^^^^^^^^^^^^^^
    |   File "/usr/local/lib/python3.12/site-packages/sqlalchemy/util/langhelpers.py", line 224, in __exit__
    |     raise exc_value.with_traceback(exc_tb)
    |   File "/usr/local/lib/python3.12/site-packages/sqlalchemy/pool/base.py", line 1301, in _checkout
    |     result = pool._dialect._do_ping_w_event(
    |              ^^^^^^^^^^^^^^^^^^^^^^^^^^^^^^^
    |   File "/usr/local/lib/python3.12/site-packages/sqlalchemy/engine/default.py", line 728, in _do_ping_w_event
    |     return self.do_ping(dbapi_connection)
    |            ^^^^^^^^^^^^^^^^^^^^^^^^^^^^^^
    |   File "/usr/local/lib/python3.12/site-packages/sqlalchemy/dialects/postgresql/asyncpg.py", line 1169, in do_ping
    |     dbapi_connection.ping()
    |   File "/usr/local/lib/python3.12/site-packages/sqlalchemy/dialects/postgresql/asyncpg.py", line 813, in ping
    |     self._handle_exception(error)
    |   File "/usr/local/lib/python3.12/site-packages/sqlalchemy/dialects/postgresql/asyncpg.py", line 794, in 
_handle_exception
    |     raise error
    |   File "/usr/local/lib/python3.12/site-packages/sqlalchemy/dialects/postgresql/asyncpg.py", line 811, in ping
    |     _ = self.await_(self._async_ping())
    |         ^^^^^^^^^^^^^^^^^^^^^^^^^^^^^^^
    |   File "/usr/local/lib/python3.12/site-packages/sqlalchemy/util/_concurrency_py3k.py", line 123, in await_only
    |     raise exc.MissingGreenlet(
    | sqlalchemy.exc.MissingGreenlet: greenlet_spawn has not been called; can't call await_only() here. Was IO 
attempted in an unexpected place? (Background on this error at: https://sqlalche.me/e/20/xd2s)
    +------------------------------------

During handling of the above exception, another exception occurred:

Traceback (most recent call last):
  File "/usr/local/lib/python3.12/site-packages/uvicorn/protocols/http/httptools_impl.py", line 409, in run_asgi
    result = await app(  # type: ignore[func-returns-value]
             ^^^^^^^^^^^^^^^^^^^^^^^^^^^^^^^^^^^^^^^^^^^^^^
  File "/usr/local/lib/python3.12/site-packages/uvicorn/middleware/proxy_headers.py", line 60, in __call__
    return await self.app(scope, receive, send)
           ^^^^^^^^^^^^^^^^^^^^^^^^^^^^^^^^^^^^
  File "/usr/local/lib/python3.12/site-packages/fastapi/applications.py", line 1054, in __call__
    await super().__call__(scope, receive, send)
  File "/usr/local/lib/python3.12/site-packages/starlette/applications.py", line 113, in __call__
    await self.middleware_stack(scope, receive, send)
  File "/usr/local/lib/python3.12/site-packages/starlette/middleware/errors.py", line 186, in __call__
    raise exc
  File "/usr/local/lib/python3.12/site-packages/starlette/middleware/errors.py", line 164, in __call__
    await self.app(scope, receive, _send)
  File "/usr/local/lib/python3.12/site-packages/starlette/middleware/base.py", line 182, in __call__
    with recv_stream, send_stream, collapse_excgroups():
                                   ^^^^^^^^^^^^^^^^^^^^
  File "/usr/local/lib/python3.12/contextlib.py", line 158, in __exit__
    self.gen.throw(value)
  File "/usr/local/lib/python3.12/site-packages/starlette/_utils.py", line 85, in collapse_excgroups
    raise exc
  File "/usr/local/lib/python3.12/site-packages/starlette/middleware/base.py", line 184, in __call__
    response = await self.dispatch_func(request, call_next)
               ^^^^^^^^^^^^^^^^^^^^^^^^^^^^^^^^^^^^^^^^^^^^
  File "/app/app/main.py", line 35, in request_context_middleware
    response = await call_next(request)
               ^^^^^^^^^^^^^^^^^^^^^^^^
  File "/usr/local/lib/python3.12/site-packages/starlette/middleware/base.py", line 159, in call_next
    raise app_exc
  File "/usr/local/lib/python3.12/site-packages/starlette/middleware/base.py", line 144, in coro
    await self.app(scope, receive_or_disconnect, send_no_error)
  File "/usr/local/lib/python3.12/site-packages/starlette/middleware/exceptions.py", line 63, in __call__
    await wrap_app_handling_exceptions(self.app, conn)(scope, receive, send)
  File "/usr/local/lib/python3.12/site-packages/starlette/_exception_handler.py", line 53, in wrapped_app
    raise exc
  File "/usr/local/lib/python3.12/site-packages/starlette/_exception_handler.py", line 42, in wrapped_app
    await app(scope, receive, sender)
  File "/usr/local/lib/python3.12/site-packages/starlette/routing.py", line 716, in __call__
    await self.middleware_stack(scope, receive, send)
  File "/usr/local/lib/python3.12/site-packages/starlette/routing.py", line 736, in app
    await route.handle(scope, receive, send)
  File "/usr/local/lib/python3.12/site-packages/starlette/routing.py", line 290, in handle
    await self.app(scope, receive, send)
  File "/usr/local/lib/python3.12/site-packages/starlette/routing.py", line 78, in app
    await wrap_app_handling_exceptions(app, request)(scope, receive, send)
  File "/usr/local/lib/python3.12/site-packages/starlette/_exception_handler.py", line 53, in wrapped_app
    raise exc
  File "/usr/local/lib/python3.12/site-packages/starlette/_exception_handler.py", line 42, in wrapped_app
    await app(scope, receive, sender)
  File "/usr/local/lib/python3.12/site-packages/starlette/routing.py", line 75, in app
    response = await f(request)
               ^^^^^^^^^^^^^^^^
  File "/usr/local/lib/python3.12/site-packages/fastapi/routing.py", line 302, in app
    raw_response = await run_endpoint_function(
                   ^^^^^^^^^^^^^^^^^^^^^^^^^^^^
  File "/usr/local/lib/python3.12/site-packages/fastapi/routing.py", line 213, in run_endpoint_function
    return await dependant.call(**values)
           ^^^^^^^^^^^^^^^^^^^^^^^^^^^^^^
  File "/app/app/api/routes/orders.py", line 55, in create_order_endpoint
    order = await create_order(db, current_user, payload)
            ^^^^^^^^^^^^^^^^^^^^^^^^^^^^^^^^^^^^^^^^^^^^^
  File "/app/app/services/order_service.py", line 308, in create_order
    {'attempt': attempt + 1, 'actor_user_id': str(user.id)},
                                                  ^^^^^^^
  File "/usr/local/lib/python3.12/site-packages/sqlalchemy/orm/attributes.py", line 569, in __get__
    return self.impl.get(state, dict_)  # type: ignore[no-any-return]
           ^^^^^^^^^^^^^^^^^^^^^^^^^^^
  File "/usr/local/lib/python3.12/site-packages/sqlalchemy/orm/attributes.py", line 1096, in get
    value = self._fire_loader_callables(state, key, passive)
            ^^^^^^^^^^^^^^^^^^^^^^^^^^^^^^^^^^^^^^^^^^^^^^^^
  File "/usr/local/lib/python3.12/site-packages/sqlalchemy/orm/attributes.py", line 1126, in _fire_loader_callables
    return state._load_expired(state, passive)
           ^^^^^^^^^^^^^^^^^^^^^^^^^^^^^^^^^^^
  File "/usr/local/lib/python3.12/site-packages/sqlalchemy/orm/state.py", line 803, in _load_expired
    self.manager.expired_attribute_loader(self, toload, passive)
  File "/usr/local/lib/python3.12/site-packages/sqlalchemy/orm/loading.py", line 1674, in load_scalar_attributes
    result = load_on_ident(
             ^^^^^^^^^^^^^^
  File "/usr/local/lib/python3.12/site-packages/sqlalchemy/orm/loading.py", line 510, in load_on_ident
    return load_on_pk_identity(
           ^^^^^^^^^^^^^^^^^^^^
  File "/usr/local/lib/python3.12/site-packages/sqlalchemy/orm/loading.py", line 695, in load_on_pk_identity
    session.execute(
  File "/usr/local/lib/python3.12/site-packages/sqlalchemy/orm/session.py", line 2365, in execute
    return self._execute_internal(
           ^^^^^^^^^^^^^^^^^^^^^^^
  File "/usr/local/lib/python3.12/site-packages/sqlalchemy/orm/session.py", line 2241, in _execute_internal
    conn = self._connection_for_bind(bind)
INFO:     172.19.0.1:48564 - "GET /orders/a5390e24-8a65-428e-8174-f685587be8d0 HTTP/1.1" 200 OK
INFO:     172.19.0.1:48556 - "POST /orders HTTP/1.1" 201 Created
INFO:     172.19.0.1:48590 - "POST /orders HTTP/1.1" 500 Internal Server Error
           ^^^^^^^^^^^^^^^^^^^^^^^^^^^^^^^
  File "/usr/local/lib/python3.12/site-packages/sqlalchemy/orm/session.py", line 2110, in _connection_for_bind
    return trans._connection_for_bind(engine, execution_options)
           ^^^^^^^^^^^^^^^^^^^^^^^^^^^^^^^^^^^^^^^^^^^^^^^^^^^^^
  File "<string>", line 2, in _connection_for_bind
  File "/usr/local/lib/python3.12/site-packages/sqlalchemy/orm/state_changes.py", line 137, in _go
    ret_value = fn(self, *arg, **kw)
                ^^^^^^^^^^^^^^^^^^^^
  File "/usr/local/lib/python3.12/site-packages/sqlalchemy/orm/session.py", line 1189, in _connection_for_bind
    conn = bind.connect()
           ^^^^^^^^^^^^^^
  File "/usr/local/lib/python3.12/site-packages/sqlalchemy/engine/base.py", line 3277, in connect
    return self._connection_cls(self)
           ^^^^^^^^^^^^^^^^^^^^^^^^^^
  File "/usr/local/lib/python3.12/site-packages/sqlalchemy/engine/base.py", line 143, in __init__
    self._dbapi_connection = engine.raw_connection()
                             ^^^^^^^^^^^^^^^^^^^^^^^
  File "/usr/local/lib/python3.12/site-packages/sqlalchemy/engine/base.py", line 3301, in raw_connection
    return self.pool.connect()
           ^^^^^^^^^^^^^^^^^^^
  File "/usr/local/lib/python3.12/site-packages/sqlalchemy/pool/base.py", line 447, in connect
    return _ConnectionFairy._checkout(self)
           ^^^^^^^^^^^^^^^^^^^^^^^^^^^^^^^^
  File "/usr/local/lib/python3.12/site-packages/sqlalchemy/pool/base.py", line 1363, in _checkout
    with util.safe_reraise():
         ^^^^^^^^^^^^^^^^^^^
  File "/usr/local/lib/python3.12/site-packages/sqlalchemy/util/langhelpers.py", line 224, in __exit__
    raise exc_value.with_traceback(exc_tb)
  File "/usr/local/lib/python3.12/site-packages/sqlalchemy/pool/base.py", line 1301, in _checkout
    result = pool._dialect._do_ping_w_event(
             ^^^^^^^^^^^^^^^^^^^^^^^^^^^^^^^
  File "/usr/local/lib/python3.12/site-packages/sqlalchemy/engine/default.py", line 728, in _do_ping_w_event
    return self.do_ping(dbapi_connection)
           ^^^^^^^^^^^^^^^^^^^^^^^^^^^^^^
  File "/usr/local/lib/python3.12/site-packages/sqlalchemy/dialects/postgresql/asyncpg.py", line 1169, in do_ping
    dbapi_connection.ping()
  File "/usr/local/lib/python3.12/site-packages/sqlalchemy/dialects/postgresql/asyncpg.py", line 813, in ping
    self._handle_exception(error)
  File "/usr/local/lib/python3.12/site-packages/sqlalchemy/dialects/postgresql/asyncpg.py", line 794, in 
_handle_exception
    raise error
  File "/usr/local/lib/python3.12/site-packages/sqlalchemy/dialects/postgresql/asyncpg.py", line 811, in ping
    _ = self.await_(self._async_ping())
        ^^^^^^^^^^^^^^^^^^^^^^^^^^^^^^^
  File "/usr/local/lib/python3.12/site-packages/sqlalchemy/util/_concurrency_py3k.py", line 123, in await_only
    raise exc.MissingGreenlet(
sqlalchemy.exc.MissingGreenlet: greenlet_spawn has not been called; can't call await_only() here. Was IO attempted in 
an unexpected place? (Background on this error at: https://sqlalche.me/e/20/xd2s)
{"ts": "2026-03-17T23:47:07.533278+00:00", "level": "INFO", "logger": "app.main", "message": "http.request", "event": 
"http.request", "method": "GET", "path": "/orders/a5390e24-8a65-428e-8174-f685587be8d0", "status_code": 200, 
"elapsed_ms": 370.94, "request_id": "984bba68-f50a-4526-b9a1-a4e2dfb0c35b"}
{"ts": "2026-03-17T23:47:07.535846+00:00", "level": "INFO", "logger": "app.main", "message": "http.request", "event": 
"http.request", "method": "POST", "path": "/orders", "status_code": 201, "elapsed_ms": 376.37, "request_id": 
"957beab9-e5af-47bb-8a4f-c6dda4e2ab08"}
{"ts": "2026-03-17T23:47:07.556654+00:00", "level": "INFO", "logger": "app.services.order_service", "message": 
"order.created", "event": "order.created", "order_id": "3ecd6408-1602-4b97-bd48-4b1036182fa4", "order_number": 13, 
"order_type": "pickup", "status": "NEW", "actor_user_id": "0ce35dca-d398-4600-9607-c80a9c594f93"}
{"ts": "2026-03-17T23:47:07.560879+00:00", "level": "ERROR", "logger": "app.main", "message": "http.request_failed", 
"event": "http.request_failed", "method": "POST", "path": "/orders", "status_code": 500, "elapsed_ms": 221.55, 
"request_id": "c7cdabba-c7c9-43fd-8ae6-e5ec1a78a53c"}
ERROR:    Exception in ASGI application
  + Exception Group Traceback (most recent call last):
  |   File "/usr/local/lib/python3.12/site-packages/starlette/_utils.py", line 79, in collapse_excgroups
  |     yield
  |   File "/usr/local/lib/python3.12/site-packages/starlette/middleware/base.py", line 183, in __call__
  |     async with anyio.create_task_group() as task_group:
  |                ^^^^^^^^^^^^^^^^^^^^^^^^^
  |   File "/usr/local/lib/python3.12/site-packages/anyio/_backends/_asyncio.py", line 783, in __aexit__
  |     raise BaseExceptionGroup(
  | ExceptionGroup: unhandled errors in a TaskGroup (1 sub-exception)
  +-+---------------- 1 ----------------
    | Traceback (most recent call last):
    |   File "/usr/local/lib/python3.12/site-packages/uvicorn/protocols/http/httptools_impl.py", line 409, in run_asgi
    |     result = await app(  # type: ignore[func-returns-value]
    |              ^^^^^^^^^^^^^^^^^^^^^^^^^^^^^^^^^^^^^^^^^^^^^^
    |   File "/usr/local/lib/python3.12/site-packages/uvicorn/middleware/proxy_headers.py", line 60, in __call__
    |     return await self.app(scope, receive, send)
    |            ^^^^^^^^^^^^^^^^^^^^^^^^^^^^^^^^^^^^
    |   File "/usr/local/lib/python3.12/site-packages/fastapi/applications.py", line 1054, in __call__
    |     await super().__call__(scope, receive, send)
    |   File "/usr/local/lib/python3.12/site-packages/starlette/applications.py", line 113, in __call__
    |     await self.middleware_stack(scope, receive, send)
    |   File "/usr/local/lib/python3.12/site-packages/starlette/middleware/errors.py", line 186, in __call__
    |     raise exc
    |   File "/usr/local/lib/python3.12/site-packages/starlette/middleware/errors.py", line 164, in __call__
    |     await self.app(scope, receive, _send)
    |   File "/usr/local/lib/python3.12/site-packages/starlette/middleware/base.py", line 182, in __call__
    |     with recv_stream, send_stream, collapse_excgroups():
    |                                    ^^^^^^^^^^^^^^^^^^^^
    |   File "/usr/local/lib/python3.12/contextlib.py", line 158, in __exit__
    |     self.gen.throw(value)
    |   File "/usr/local/lib/python3.12/site-packages/starlette/_utils.py", line 85, in collapse_excgroups
    |     raise exc
    |   File "/usr/local/lib/python3.12/site-packages/starlette/middleware/base.py", line 184, in __call__
    |     response = await self.dispatch_func(request, call_next)
    |                ^^^^^^^^^^^^^^^^^^^^^^^^^^^^^^^^^^^^^^^^^^^^
    |   File "/app/app/main.py", line 35, in request_context_middleware
    |     response = await call_next(request)
    |                ^^^^^^^^^^^^^^^^^^^^^^^^
    |   File "/usr/local/lib/python3.12/site-packages/starlette/middleware/base.py", line 159, in call_next
    |     raise app_exc
    |   File "/usr/local/lib/python3.12/site-packages/starlette/middleware/base.py", line 144, in coro
    |     await self.app(scope, receive_or_disconnect, send_no_error)
    |   File "/usr/local/lib/python3.12/site-packages/starlette/middleware/exceptions.py", line 63, in __call__
    |     await wrap_app_handling_exceptions(self.app, conn)(scope, receive, send)
    |   File "/usr/local/lib/python3.12/site-packages/starlette/_exception_handler.py", line 53, in wrapped_app
    |     raise exc
    |   File "/usr/local/lib/python3.12/site-packages/starlette/_exception_handler.py", line 42, in wrapped_app
    |     await app(scope, receive, sender)
    |   File "/usr/local/lib/python3.12/site-packages/starlette/routing.py", line 716, in __call__
    |     await self.middleware_stack(scope, receive, send)
    |   File "/usr/local/lib/python3.12/site-packages/starlette/routing.py", line 736, in app
    |     await route.handle(scope, receive, send)
    |   File "/usr/local/lib/python3.12/site-packages/starlette/routing.py", line 290, in handle
    |     await self.app(scope, receive, send)
    |   File "/usr/local/lib/python3.12/site-packages/starlette/routing.py", line 78, in app
    |     await wrap_app_handling_exceptions(app, request)(scope, receive, send)
    |   File "/usr/local/lib/python3.12/site-packages/starlette/_exception_handler.py", line 53, in wrapped_app
    |     raise exc
    |   File "/usr/local/lib/python3.12/site-packages/starlette/_exception_handler.py", line 42, in wrapped_app
    |     await app(scope, receive, sender)
    |   File "/usr/local/lib/python3.12/site-packages/starlette/routing.py", line 75, in app
    |     response = await f(request)
    |                ^^^^^^^^^^^^^^^^
    |   File "/usr/local/lib/python3.12/site-packages/fastapi/routing.py", line 302, in app
    |     raw_response = await run_endpoint_function(
    |                    ^^^^^^^^^^^^^^^^^^^^^^^^^^^^
    |   File "/usr/local/lib/python3.12/site-packages/fastapi/routing.py", line 213, in run_endpoint_function
    |     return await dependant.call(**values)
    |            ^^^^^^^^^^^^^^^^^^^^^^^^^^^^^^
    |   File "/app/app/api/routes/orders.py", line 55, in create_order_endpoint
    |     order = await create_order(db, current_user, payload)
    |             ^^^^^^^^^^^^^^^^^^^^^^^^^^^^^^^^^^^^^^^^^^^^^
    |   File "/app/app/services/order_service.py", line 308, in create_order
    |     {'attempt': attempt + 1, 'actor_user_id': str(user.id)},
    |                                                   ^^^^^^^
    |   File "/usr/local/lib/python3.12/site-packages/sqlalchemy/orm/attributes.py", line 569, in __get__
    |     return self.impl.get(state, dict_)  # type: ignore[no-any-return]
    |            ^^^^^^^^^^^^^^^^^^^^^^^^^^^
    |   File "/usr/local/lib/python3.12/site-packages/sqlalchemy/orm/attributes.py", line 1096, in get
    |     value = self._fire_loader_callables(state, key, passive)
    |             ^^^^^^^^^^^^^^^^^^^^^^^^^^^^^^^^^^^^^^^^^^^^^^^^
    |   File "/usr/local/lib/python3.12/site-packages/sqlalchemy/orm/attributes.py", line 1126, in 
_fire_loader_callables
    |     return state._load_expired(state, passive)
    |            ^^^^^^^^^^^^^^^^^^^^^^^^^^^^^^^^^^^
    |   File "/usr/local/lib/python3.12/site-packages/sqlalchemy/orm/state.py", line 803, in _load_expired
    |     self.manager.expired_attribute_loader(self, toload, passive)
    |   File "/usr/local/lib/python3.12/site-packages/sqlalchemy/orm/loading.py", line 1674, in load_scalar_attributes
    |     result = load_on_ident(
    |              ^^^^^^^^^^^^^^
    |   File "/usr/local/lib/python3.12/site-packages/sqlalchemy/orm/loading.py", line 510, in load_on_ident
    |     return load_on_pk_identity(
    |            ^^^^^^^^^^^^^^^^^^^^
    |   File "/usr/local/lib/python3.12/site-packages/sqlalchemy/orm/loading.py", line 695, in load_on_pk_identity
    |     session.execute(
    |   File "/usr/local/lib/python3.12/site-packages/sqlalchemy/orm/session.py", line 2365, in execute
    |     return self._execute_internal(
    |            ^^^^^^^^^^^^^^^^^^^^^^^
    |   File "/usr/local/lib/python3.12/site-packages/sqlalchemy/orm/session.py", line 2241, in _execute_internal
    |     conn = self._connection_for_bind(bind)
    |            ^^^^^^^^^^^^^^^^^^^^^^^^^^^^^^^
    |   File "/usr/local/lib/python3.12/site-packages/sqlalchemy/orm/session.py", line 2110, in _connection_for_bind
    |     return trans._connection_for_bind(engine, execution_options)
    |            ^^^^^^^^^^^^^^^^^^^^^^^^^^^^^^^^^^^^^^^^^^^^^^^^^^^^^
    |   File "<string>", line 2, in _connection_for_bind
    |   File "/usr/local/lib/python3.12/site-packages/sqlalchemy/orm/state_changes.py", line 137, in _go
    |     ret_value = fn(self, *arg, **kw)
    |                 ^^^^^^^^^^^^^^^^^^^^
    |   File "/usr/local/lib/python3.12/site-packages/sqlalchemy/orm/session.py", line 1189, in _connection_for_bind
    |     conn = bind.connect()
    |            ^^^^^^^^^^^^^^
    |   File "/usr/local/lib/python3.12/site-packages/sqlalchemy/engine/base.py", line 3277, in connect
    |     return self._connection_cls(self)
    |            ^^^^^^^^^^^^^^^^^^^^^^^^^^
    |   File "/usr/local/lib/python3.12/site-packages/sqlalchemy/engine/base.py", line 143, in __init__
    |     self._dbapi_connection = engine.raw_connection()
    |                              ^^^^^^^^^^^^^^^^^^^^^^^
    |   File "/usr/local/lib/python3.12/site-packages/sqlalchemy/engine/base.py", line 3301, in raw_connection
    |     return self.pool.connect()
    |            ^^^^^^^^^^^^^^^^^^^
    |   File "/usr/local/lib/python3.12/site-packages/sqlalchemy/pool/base.py", line 447, in connect
    |     return _ConnectionFairy._checkout(self)
    |            ^^^^^^^^^^^^^^^^^^^^^^^^^^^^^^^^
    |   File "/usr/local/lib/python3.12/site-packages/sqlalchemy/pool/base.py", line 1264, in _checkout
    |     fairy = _ConnectionRecord.checkout(pool)
    |             ^^^^^^^^^^^^^^^^^^^^^^^^^^^^^^^^
    |   File "/usr/local/lib/python3.12/site-packages/sqlalchemy/pool/base.py", line 716, in checkout
    |     with util.safe_reraise():
    |          ^^^^^^^^^^^^^^^^^^^
    |   File "/usr/local/lib/python3.12/site-packages/sqlalchemy/util/langhelpers.py", line 224, in __exit__
    |     raise exc_value.with_traceback(exc_tb)
    |   File "/usr/local/lib/python3.12/site-packages/sqlalchemy/pool/base.py", line 714, in checkout
    |     dbapi_connection = rec.get_connection()
    |                        ^^^^^^^^^^^^^^^^^^^^
    |   File "/usr/local/lib/python3.12/site-packages/sqlalchemy/pool/base.py", line 836, in get_connection
    |     self.__connect()
    |   File "/usr/local/lib/python3.12/site-packages/sqlalchemy/pool/base.py", line 899, in __connect
    |     with util.safe_reraise():
    |          ^^^^^^^^^^^^^^^^^^^
    |   File "/usr/local/lib/python3.12/site-packages/sqlalchemy/util/langhelpers.py", line 224, in __exit__
    |     raise exc_value.with_traceback(exc_tb)
    |   File "/usr/local/lib/python3.12/site-packages/sqlalchemy/pool/base.py", line 895, in __connect
    |     self.dbapi_connection = connection = pool._invoke_creator(self)
    |                                          ^^^^^^^^^^^^^^^^^^^^^^^^^^
    |   File "/usr/local/lib/python3.12/site-packages/sqlalchemy/engine/create.py", line 661, in connect
    |     return dialect.connect(*cargs, **cparams)
    |            ^^^^^^^^^^^^^^^^^^^^^^^^^^^^^^^^^^
    |   File "/usr/local/lib/python3.12/site-packages/sqlalchemy/engine/default.py", line 629, in connect
    |     return self.loaded_dbapi.connect(*cargs, **cparams)  # type: ignore[no-any-return]  # NOQA: E501
    |            ^^^^^^^^^^^^^^^^^^^^^^^^^^^^^^^^^^^^^^^^^^^^
    |   File "/usr/local/lib/python3.12/site-packages/sqlalchemy/dialects/postgresql/asyncpg.py", line 964, in connect
    |     await_only(creator_fn(*arg, **kw)),
    |     ^^^^^^^^^^^^^^^^^^^^^^^^^^^^^^^^^^
    |   File "/usr/local/lib/python3.12/site-packages/sqlalchemy/util/_concurrency_py3k.py", line 123, in await_only
    |     raise exc.MissingGreenlet(
    | sqlalchemy.exc.MissingGreenlet: greenlet_spawn has not been called; can't call await_only() here. Was IO 
attempted in an unexpected place? (Background on this error at: https://sqlalche.me/e/20/xd2s)
    +------------------------------------

During handling of the above exception, another exception occurred:

Traceback (most recent call last):
  File "/usr/local/lib/python3.12/site-packages/uvicorn/protocols/http/httptools_impl.py", line 409, in run_asgi
    result = await app(  # type: ignore[func-returns-value]
             ^^^^^^^^^^^^^^^^^^^^^^^^^^^^^^^^^^^^^^^^^^^^^^
  File "/usr/local/lib/python3.12/site-packages/uvicorn/middleware/proxy_headers.py", line 60, in __call__
    return await self.app(scope, receive, send)
           ^^^^^^^^^^^^^^^^^^^^^^^^^^^^^^^^^^^^
  File "/usr/local/lib/python3.12/site-packages/fastapi/applications.py", line 1054, in __call__
    await super().__call__(scope, receive, send)
  File "/usr/local/lib/python3.12/site-packages/starlette/applications.py", line 113, in __call__
    await self.middleware_stack(scope, receive, send)
  File "/usr/local/lib/python3.12/site-packages/starlette/middleware/errors.py", line 186, in __call__
    raise exc
  File "/usr/local/lib/python3.12/site-packages/starlette/middleware/errors.py", line 164, in __call__
    await self.app(scope, receive, _send)
  File "/usr/local/lib/python3.12/site-packages/starlette/middleware/base.py", line 182, in __call__
    with recv_stream, send_stream, collapse_excgroups():
                                   ^^^^^^^^^^^^^^^^^^^^
  File "/usr/local/lib/python3.12/contextlib.py", line 158, in __exit__
    self.gen.throw(value)
  File "/usr/local/lib/python3.12/site-packages/starlette/_utils.py", line 85, in collapse_excgroups
    raise exc
  File "/usr/local/lib/python3.12/site-packages/starlette/middleware/base.py", line 184, in __call__
    response = await self.dispatch_func(request, call_next)
               ^^^^^^^^^^^^^^^^^^^^^^^^^^^^^^^^^^^^^^^^^^^^
  File "/app/app/main.py", line 35, in request_context_middleware
    response = await call_next(request)
               ^^^^^^^^^^^^^^^^^^^^^^^^
  File "/usr/local/lib/python3.12/site-packages/starlette/middleware/base.py", line 159, in call_next
    raise app_exc
  File "/usr/local/lib/python3.12/site-packages/starlette/middleware/base.py", line 144, in coro
    await self.app(scope, receive_or_disconnect, send_no_error)
  File "/usr/local/lib/python3.12/site-packages/starlette/middleware/exceptions.py", line 63, in __call__
    await wrap_app_handling_exceptions(self.app, conn)(scope, receive, send)
  File "/usr/local/lib/python3.12/site-packages/starlette/_exception_handler.py", line 53, in wrapped_app
    raise exc
  File "/usr/local/lib/python3.12/site-packages/starlette/_exception_handler.py", line 42, in wrapped_app
    await app(scope, receive, sender)
  File "/usr/local/lib/python3.12/site-packages/starlette/routing.py", line 716, in __call__
    await self.middleware_stack(scope, receive, send)
  File "/usr/local/lib/python3.12/site-packages/starlette/routing.py", line 736, in app
    await route.handle(scope, receive, send)
  File "/usr/local/lib/python3.12/site-packages/starlette/routing.py", line 290, in handle
    await self.app(scope, receive, send)
  File "/usr/local/lib/python3.12/site-packages/starlette/routing.py", line 78, in app
    await wrap_app_handling_exceptions(app, request)(scope, receive, send)
  File "/usr/local/lib/python3.12/site-packages/starlette/_exception_handler.py", line 53, in wrapped_app
    raise exc
  File "/usr/local/lib/python3.12/site-packages/starlette/_exception_handler.py", line 42, in wrapped_app
    await app(scope, receive, sender)
  File "/usr/local/lib/python3.12/site-packages/starlette/routing.py", line 75, in app
    response = await f(request)
               ^^^^^^^^^^^^^^^^
  File "/usr/local/lib/python3.12/site-packages/fastapi/routing.py", line 302, in app
    raw_response = await run_endpoint_function(
                   ^^^^^^^^^^^^^^^^^^^^^^^^^^^^
  File "/usr/local/lib/python3.12/site-packages/fastapi/routing.py", line 213, in run_endpoint_function
    return await dependant.call(**values)
           ^^^^^^^^^^^^^^^^^^^^^^^^^^^^^^
  File "/app/app/api/routes/orders.py", line 55, in create_order_endpoint
    order = await create_order(db, current_user, payload)
            ^^^^^^^^^^^^^^^^^^^^^^^^^^^^^^^^^^^^^^^^^^^^^
  File "/app/app/services/order_service.py", line 308, in create_order
    {'attempt': attempt + 1, 'actor_user_id': str(user.id)},
                                                  ^^^^^^^
  File "/usr/local/lib/python3.12/site-packages/sqlalchemy/orm/attributes.py", line 569, in __get__
    return self.impl.get(state, dict_)  # type: ignore[no-any-return]
           ^^^^^^^^^^^^^^^^^^^^^^^^^^^
  File "/usr/local/lib/python3.12/site-packages/sqlalchemy/orm/attributes.py", line 1096, in get
    value = self._fire_loader_callables(state, key, passive)
            ^^^^^^^^^^^^^^^^^^^^^^^^^^^^^^^^^^^^^^^^^^^^^^^^
  File "/usr/local/lib/python3.12/site-packages/sqlalchemy/orm/attributes.py", line 1126, in _fire_loader_callables
    return state._load_expired(state, passive)
           ^^^^^^^^^^^^^^^^^^^^^^^^^^^^^^^^^^^
  File "/usr/local/lib/python3.12/site-packages/sqlalchemy/orm/state.py", line 803, in _load_expired
    self.manager.expired_attribute_loader(self, toload, passive)
  File "/usr/local/lib/python3.12/site-packages/sqlalchemy/orm/loading.py", line 1674, in load_scalar_attributes
    result = load_on_ident(
             ^^^^^^^^^^^^^^
  File "/usr/local/lib/python3.12/site-packages/sqlalchemy/orm/loading.py", line 510, in load_on_ident
    return load_on_pk_identity(
           ^^^^^^^^^^^^^^^^^^^^
  File "/usr/local/lib/python3.12/site-packages/sqlalchemy/orm/loading.py", line 695, in load_on_pk_identity
    session.execute(
  File "/usr/local/lib/python3.12/site-packages/sqlalchemy/orm/session.py", line 2365, in execute
    return self._execute_internal(
           ^^^^^^^^^^^^^^^^^^^^^^^
  File "/usr/local/lib/python3.12/site-packages/sqlalchemy/orm/session.py", line 2241, in _execute_internal
    conn = self._connection_for_bind(bind)
           ^^^^^^^^^^^^^^^^^^^^^^^^^^^^^^^
  File "/usr/local/lib/python3.12/site-packages/sqlalchemy/orm/session.py", line 2110, in _connection_for_bind
    return trans._connection_for_bind(engine, execution_options)
           ^^^^^^^^^^^^^^^^^^^^^^^^^^^^^^^^^^^^^^^^^^^^^^^^^^^^^
INFO:     172.19.0.1:48602 - "POST /orders HTTP/1.1" 500 Internal Server Error
  File "<string>", line 2, in _connection_for_bind
  File "/usr/local/lib/python3.12/site-packages/sqlalchemy/orm/state_changes.py", line 137, in _go
    ret_value = fn(self, *arg, **kw)
                ^^^^^^^^^^^^^^^^^^^^
  File "/usr/local/lib/python3.12/site-packages/sqlalchemy/orm/session.py", line 1189, in _connection_for_bind
    conn = bind.connect()
           ^^^^^^^^^^^^^^
  File "/usr/local/lib/python3.12/site-packages/sqlalchemy/engine/base.py", line 3277, in connect
    return self._connection_cls(self)
           ^^^^^^^^^^^^^^^^^^^^^^^^^^
  File "/usr/local/lib/python3.12/site-packages/sqlalchemy/engine/base.py", line 143, in __init__
    self._dbapi_connection = engine.raw_connection()
                             ^^^^^^^^^^^^^^^^^^^^^^^
  File "/usr/local/lib/python3.12/site-packages/sqlalchemy/engine/base.py", line 3301, in raw_connection
    return self.pool.connect()
           ^^^^^^^^^^^^^^^^^^^
  File "/usr/local/lib/python3.12/site-packages/sqlalchemy/pool/base.py", line 447, in connect
    return _ConnectionFairy._checkout(self)
           ^^^^^^^^^^^^^^^^^^^^^^^^^^^^^^^^
  File "/usr/local/lib/python3.12/site-packages/sqlalchemy/pool/base.py", line 1264, in _checkout
    fairy = _ConnectionRecord.checkout(pool)
            ^^^^^^^^^^^^^^^^^^^^^^^^^^^^^^^^
  File "/usr/local/lib/python3.12/site-packages/sqlalchemy/pool/base.py", line 716, in checkout
    with util.safe_reraise():
         ^^^^^^^^^^^^^^^^^^^
  File "/usr/local/lib/python3.12/site-packages/sqlalchemy/util/langhelpers.py", line 224, in __exit__
    raise exc_value.with_traceback(exc_tb)
  File "/usr/local/lib/python3.12/site-packages/sqlalchemy/pool/base.py", line 714, in checkout
    dbapi_connection = rec.get_connection()
                       ^^^^^^^^^^^^^^^^^^^^
  File "/usr/local/lib/python3.12/site-packages/sqlalchemy/pool/base.py", line 836, in get_connection
    self.__connect()
  File "/usr/local/lib/python3.12/site-packages/sqlalchemy/pool/base.py", line 899, in __connect
    with util.safe_reraise():
         ^^^^^^^^^^^^^^^^^^^
  File "/usr/local/lib/python3.12/site-packages/sqlalchemy/util/langhelpers.py", line 224, in __exit__
    raise exc_value.with_traceback(exc_tb)
  File "/usr/local/lib/python3.12/site-packages/sqlalchemy/pool/base.py", line 895, in __connect
    self.dbapi_connection = connection = pool._invoke_creator(self)
                                         ^^^^^^^^^^^^^^^^^^^^^^^^^^
  File "/usr/local/lib/python3.12/site-packages/sqlalchemy/engine/create.py", line 661, in connect
    return dialect.connect(*cargs, **cparams)
           ^^^^^^^^^^^^^^^^^^^^^^^^^^^^^^^^^^
  File "/usr/local/lib/python3.12/site-packages/sqlalchemy/engine/default.py", line 629, in connect
    return self.loaded_dbapi.connect(*cargs, **cparams)  # type: ignore[no-any-return]  # NOQA: E501
           ^^^^^^^^^^^^^^^^^^^^^^^^^^^^^^^^^^^^^^^^^^^^
  File "/usr/local/lib/python3.12/site-packages/sqlalchemy/dialects/postgresql/asyncpg.py", line 964, in connect
    await_only(creator_fn(*arg, **kw)),
    ^^^^^^^^^^^^^^^^^^^^^^^^^^^^^^^^^^
  File "/usr/local/lib/python3.12/site-packages/sqlalchemy/util/_concurrency_py3k.py", line 123, in await_only
    raise exc.MissingGreenlet(
sqlalchemy.exc.MissingGreenlet: greenlet_spawn has not been called; can't call await_only() here. Was IO attempted in 
an unexpected place? (Background on this error at: https://sqlalche.me/e/20/xd2s)
{"ts": "2026-03-17T23:47:07.594829+00:00", "level": "ERROR", "logger": "app.main", "message": "http.request_failed", 
"event": "http.request_failed", "method": "POST", "path": "/orders", "status_code": 500, "elapsed_ms": 225.31, 
"request_id": "5fdbbe98-62e5-4b07-855a-ac39d37a35b1"}
ERROR:    Exception in ASGI application
  + Exception Group Traceback (most recent call last):
  |   File "/usr/local/lib/python3.12/site-packages/starlette/_utils.py", line 79, in collapse_excgroups
  |     yield
  |   File "/usr/local/lib/python3.12/site-packages/starlette/middleware/base.py", line 183, in __call__
  |     async with anyio.create_task_group() as task_group:
  |                ^^^^^^^^^^^^^^^^^^^^^^^^^
  |   File "/usr/local/lib/python3.12/site-packages/anyio/_backends/_asyncio.py", line 783, in __aexit__
  |     raise BaseExceptionGroup(
  | ExceptionGroup: unhandled errors in a TaskGroup (1 sub-exception)
  +-+---------------- 1 ----------------
    | Traceback (most recent call last):
    |   File "/usr/local/lib/python3.12/site-packages/uvicorn/protocols/http/httptools_impl.py", line 409, in run_asgi
    |     result = await app(  # type: ignore[func-returns-value]
    |              ^^^^^^^^^^^^^^^^^^^^^^^^^^^^^^^^^^^^^^^^^^^^^^
    |   File "/usr/local/lib/python3.12/site-packages/uvicorn/middleware/proxy_headers.py", line 60, in __call__
    |     return await self.app(scope, receive, send)
    |            ^^^^^^^^^^^^^^^^^^^^^^^^^^^^^^^^^^^^
    |   File "/usr/local/lib/python3.12/site-packages/fastapi/applications.py", line 1054, in __call__
    |     await super().__call__(scope, receive, send)
    |   File "/usr/local/lib/python3.12/site-packages/starlette/applications.py", line 113, in __call__
    |     await self.middleware_stack(scope, receive, send)
    |   File "/usr/local/lib/python3.12/site-packages/starlette/middleware/errors.py", line 186, in __call__
    |     raise exc
    |   File "/usr/local/lib/python3.12/site-packages/starlette/middleware/errors.py", line 164, in __call__
    |     await self.app(scope, receive, _send)
    |   File "/usr/local/lib/python3.12/site-packages/starlette/middleware/base.py", line 182, in __call__
    |     with recv_stream, send_stream, collapse_excgroups():
    |                                    ^^^^^^^^^^^^^^^^^^^^
    |   File "/usr/local/lib/python3.12/contextlib.py", line 158, in __exit__
    |     self.gen.throw(value)
    |   File "/usr/local/lib/python3.12/site-packages/starlette/_utils.py", line 85, in collapse_excgroups
    |     raise exc
    |   File "/usr/local/lib/python3.12/site-packages/starlette/middleware/base.py", line 184, in __call__
    |     response = await self.dispatch_func(request, call_next)
    |                ^^^^^^^^^^^^^^^^^^^^^^^^^^^^^^^^^^^^^^^^^^^^
    |   File "/app/app/main.py", line 35, in request_context_middleware
    |     response = await call_next(request)
    |                ^^^^^^^^^^^^^^^^^^^^^^^^
    |   File "/usr/local/lib/python3.12/site-packages/starlette/middleware/base.py", line 159, in call_next
    |     raise app_exc
    |   File "/usr/local/lib/python3.12/site-packages/starlette/middleware/base.py", line 144, in coro
    |     await self.app(scope, receive_or_disconnect, send_no_error)
    |   File "/usr/local/lib/python3.12/site-packages/starlette/middleware/exceptions.py", line 63, in __call__
    |     await wrap_app_handling_exceptions(self.app, conn)(scope, receive, send)
    |   File "/usr/local/lib/python3.12/site-packages/starlette/_exception_handler.py", line 53, in wrapped_app
    |     raise exc
    |   File "/usr/local/lib/python3.12/site-packages/starlette/_exception_handler.py", line 42, in wrapped_app
    |     await app(scope, receive, sender)
    |   File "/usr/local/lib/python3.12/site-packages/starlette/routing.py", line 716, in __call__
    |     await self.middleware_stack(scope, receive, send)
    |   File "/usr/local/lib/python3.12/site-packages/starlette/routing.py", line 736, in app
    |     await route.handle(scope, receive, send)
    |   File "/usr/local/lib/python3.12/site-packages/starlette/routing.py", line 290, in handle
    |     await self.app(scope, receive, send)
    |   File "/usr/local/lib/python3.12/site-packages/starlette/routing.py", line 78, in app
    |     await wrap_app_handling_exceptions(app, request)(scope, receive, send)
    |   File "/usr/local/lib/python3.12/site-packages/starlette/_exception_handler.py", line 53, in wrapped_app
    |     raise exc
    |   File "/usr/local/lib/python3.12/site-packages/starlette/_exception_handler.py", line 42, in wrapped_app
    |     await app(scope, receive, sender)
    |   File "/usr/local/lib/python3.12/site-packages/starlette/routing.py", line 75, in app
    |     response = await f(request)
    |                ^^^^^^^^^^^^^^^^
    |   File "/usr/local/lib/python3.12/site-packages/fastapi/routing.py", line 302, in app
    |     raw_response = await run_endpoint_function(
    |                    ^^^^^^^^^^^^^^^^^^^^^^^^^^^^
    |   File "/usr/local/lib/python3.12/site-packages/fastapi/routing.py", line 213, in run_endpoint_function
    |     return await dependant.call(**values)
    |            ^^^^^^^^^^^^^^^^^^^^^^^^^^^^^^
    |   File "/app/app/api/routes/orders.py", line 55, in create_order_endpoint
    |     order = await create_order(db, current_user, payload)
    |             ^^^^^^^^^^^^^^^^^^^^^^^^^^^^^^^^^^^^^^^^^^^^^
    |   File "/app/app/services/order_service.py", line 308, in create_order
    |     {'attempt': attempt + 1, 'actor_user_id': str(user.id)},
    |                                                   ^^^^^^^
    |   File "/usr/local/lib/python3.12/site-packages/sqlalchemy/orm/attributes.py", line 569, in __get__
    |     return self.impl.get(state, dict_)  # type: ignore[no-any-return]
    |            ^^^^^^^^^^^^^^^^^^^^^^^^^^^
    |   File "/usr/local/lib/python3.12/site-packages/sqlalchemy/orm/attributes.py", line 1096, in get
    |     value = self._fire_loader_callables(state, key, passive)
    |             ^^^^^^^^^^^^^^^^^^^^^^^^^^^^^^^^^^^^^^^^^^^^^^^^
    |   File "/usr/local/lib/python3.12/site-packages/sqlalchemy/orm/attributes.py", line 1126, in 
_fire_loader_callables
    |     return state._load_expired(state, passive)
    |            ^^^^^^^^^^^^^^^^^^^^^^^^^^^^^^^^^^^
    |   File "/usr/local/lib/python3.12/site-packages/sqlalchemy/orm/state.py", line 803, in _load_expired
    |     self.manager.expired_attribute_loader(self, toload, passive)
    |   File "/usr/local/lib/python3.12/site-packages/sqlalchemy/orm/loading.py", line 1674, in load_scalar_attributes
    |     result = load_on_ident(
    |              ^^^^^^^^^^^^^^
    |   File "/usr/local/lib/python3.12/site-packages/sqlalchemy/orm/loading.py", line 510, in load_on_ident
    |     return load_on_pk_identity(
    |            ^^^^^^^^^^^^^^^^^^^^
    |   File "/usr/local/lib/python3.12/site-packages/sqlalchemy/orm/loading.py", line 695, in load_on_pk_identity
    |     session.execute(
    |   File "/usr/local/lib/python3.12/site-packages/sqlalchemy/orm/session.py", line 2365, in execute
    |     return self._execute_internal(
    |            ^^^^^^^^^^^^^^^^^^^^^^^
    |   File "/usr/local/lib/python3.12/site-packages/sqlalchemy/orm/session.py", line 2241, in _execute_internal
    |     conn = self._connection_for_bind(bind)
    |            ^^^^^^^^^^^^^^^^^^^^^^^^^^^^^^^
    |   File "/usr/local/lib/python3.12/site-packages/sqlalchemy/orm/session.py", line 2110, in _connection_for_bind
    |     return trans._connection_for_bind(engine, execution_options)
    |            ^^^^^^^^^^^^^^^^^^^^^^^^^^^^^^^^^^^^^^^^^^^^^^^^^^^^^
    |   File "<string>", line 2, in _connection_for_bind
    |   File "/usr/local/lib/python3.12/site-packages/sqlalchemy/orm/state_changes.py", line 137, in _go
    |     ret_value = fn(self, *arg, **kw)
    |                 ^^^^^^^^^^^^^^^^^^^^
    |   File "/usr/local/lib/python3.12/site-packages/sqlalchemy/orm/session.py", line 1189, in _connection_for_bind
    |     conn = bind.connect()
    |            ^^^^^^^^^^^^^^
    |   File "/usr/local/lib/python3.12/site-packages/sqlalchemy/engine/base.py", line 3277, in connect
    |     return self._connection_cls(self)
    |            ^^^^^^^^^^^^^^^^^^^^^^^^^^
    |   File "/usr/local/lib/python3.12/site-packages/sqlalchemy/engine/base.py", line 143, in __init__
    |     self._dbapi_connection = engine.raw_connection()
    |                              ^^^^^^^^^^^^^^^^^^^^^^^
    |   File "/usr/local/lib/python3.12/site-packages/sqlalchemy/engine/base.py", line 3301, in raw_connection
    |     return self.pool.connect()
    |            ^^^^^^^^^^^^^^^^^^^
    |   File "/usr/local/lib/python3.12/site-packages/sqlalchemy/pool/base.py", line 447, in connect
    |     return _ConnectionFairy._checkout(self)
    |            ^^^^^^^^^^^^^^^^^^^^^^^^^^^^^^^^
    |   File "/usr/local/lib/python3.12/site-packages/sqlalchemy/pool/base.py", line 1363, in _checkout
    |     with util.safe_reraise():
    |          ^^^^^^^^^^^^^^^^^^^
    |   File "/usr/local/lib/python3.12/site-packages/sqlalchemy/util/langhelpers.py", line 224, in __exit__
    |     raise exc_value.with_traceback(exc_tb)
    |   File "/usr/local/lib/python3.12/site-packages/sqlalchemy/pool/base.py", line 1301, in _checkout
    |     result = pool._dialect._do_ping_w_event(
    |              ^^^^^^^^^^^^^^^^^^^^^^^^^^^^^^^
    |   File "/usr/local/lib/python3.12/site-packages/sqlalchemy/engine/default.py", line 728, in _do_ping_w_event
    |     return self.do_ping(dbapi_connection)
    |            ^^^^^^^^^^^^^^^^^^^^^^^^^^^^^^
    |   File "/usr/local/lib/python3.12/site-packages/sqlalchemy/dialects/postgresql/asyncpg.py", line 1169, in do_ping
    |     dbapi_connection.ping()
    |   File "/usr/local/lib/python3.12/site-packages/sqlalchemy/dialects/postgresql/asyncpg.py", line 813, in ping
    |     self._handle_exception(error)
    |   File "/usr/local/lib/python3.12/site-packages/sqlalchemy/dialects/postgresql/asyncpg.py", line 794, in 
_handle_exception
    |     raise error
    |   File "/usr/local/lib/python3.12/site-packages/sqlalchemy/dialects/postgresql/asyncpg.py", line 811, in ping
    |     _ = self.await_(self._async_ping())
    |         ^^^^^^^^^^^^^^^^^^^^^^^^^^^^^^^
    |   File "/usr/local/lib/python3.12/site-packages/sqlalchemy/util/_concurrency_py3k.py", line 123, in await_only
    |     raise exc.MissingGreenlet(
    | sqlalchemy.exc.MissingGreenlet: greenlet_spawn has not been called; can't call await_only() here. Was IO 
attempted in an unexpected place? (Background on this error at: https://sqlalche.me/e/20/xd2s)
    +------------------------------------

During handling of the above exception, another exception occurred:

Traceback (most recent call last):
  File "/usr/local/lib/python3.12/site-packages/uvicorn/protocols/http/httptools_impl.py", line 409, in run_asgi
    result = await app(  # type: ignore[func-returns-value]
             ^^^^^^^^^^^^^^^^^^^^^^^^^^^^^^^^^^^^^^^^^^^^^^
  File "/usr/local/lib/python3.12/site-packages/uvicorn/middleware/proxy_headers.py", line 60, in __call__
    return await self.app(scope, receive, send)
           ^^^^^^^^^^^^^^^^^^^^^^^^^^^^^^^^^^^^
  File "/usr/local/lib/python3.12/site-packages/fastapi/applications.py", line 1054, in __call__
    await super().__call__(scope, receive, send)
  File "/usr/local/lib/python3.12/site-packages/starlette/applications.py", line 113, in __call__
    await self.middleware_stack(scope, receive, send)
  File "/usr/local/lib/python3.12/site-packages/starlette/middleware/errors.py", line 186, in __call__
    raise exc
  File "/usr/local/lib/python3.12/site-packages/starlette/middleware/errors.py", line 164, in __call__
    await self.app(scope, receive, _send)
  File "/usr/local/lib/python3.12/site-packages/starlette/middleware/base.py", line 182, in __call__
    with recv_stream, send_stream, collapse_excgroups():
                                   ^^^^^^^^^^^^^^^^^^^^
  File "/usr/local/lib/python3.12/contextlib.py", line 158, in __exit__
    self.gen.throw(value)
  File "/usr/local/lib/python3.12/site-packages/starlette/_utils.py", line 85, in collapse_excgroups
    raise exc
  File "/usr/local/lib/python3.12/site-packages/starlette/middleware/base.py", line 184, in __call__
    response = await self.dispatch_func(request, call_next)
               ^^^^^^^^^^^^^^^^^^^^^^^^^^^^^^^^^^^^^^^^^^^^
  File "/app/app/main.py", line 35, in request_context_middleware
    response = await call_next(request)
               ^^^^^^^^^^^^^^^^^^^^^^^^
  File "/usr/local/lib/python3.12/site-packages/starlette/middleware/base.py", line 159, in call_next
    raise app_exc
  File "/usr/local/lib/python3.12/site-packages/starlette/middleware/base.py", line 144, in coro
    await self.app(scope, receive_or_disconnect, send_no_error)
  File "/usr/local/lib/python3.12/site-packages/starlette/middleware/exceptions.py", line 63, in __call__
    await wrap_app_handling_exceptions(self.app, conn)(scope, receive, send)
  File "/usr/local/lib/python3.12/site-packages/starlette/_exception_handler.py", line 53, in wrapped_app
    raise exc
  File "/usr/local/lib/python3.12/site-packages/starlette/_exception_handler.py", line 42, in wrapped_app
    await app(scope, receive, sender)
  File "/usr/local/lib/python3.12/site-packages/starlette/routing.py", line 716, in __call__
    await self.middleware_stack(scope, receive, send)
  File "/usr/local/lib/python3.12/site-packages/starlette/routing.py", line 736, in app
    await route.handle(scope, receive, send)
  File "/usr/local/lib/python3.12/site-packages/starlette/routing.py", line 290, in handle
    await self.app(scope, receive, send)
  File "/usr/local/lib/python3.12/site-packages/starlette/routing.py", line 78, in app
    await wrap_app_handling_exceptions(app, request)(scope, receive, send)
  File "/usr/local/lib/python3.12/site-packages/starlette/_exception_handler.py", line 53, in wrapped_app
    raise exc
  File "/usr/local/lib/python3.12/site-packages/starlette/_exception_handler.py", line 42, in wrapped_app
    await app(scope, receive, sender)
  File "/usr/local/lib/python3.12/site-packages/starlette/routing.py", line 75, in app
    response = await f(request)
               ^^^^^^^^^^^^^^^^
  File "/usr/local/lib/python3.12/site-packages/fastapi/routing.py", line 302, in app
    raw_response = await run_endpoint_function(
                   ^^^^^^^^^^^^^^^^^^^^^^^^^^^^
  File "/usr/local/lib/python3.12/site-packages/fastapi/routing.py", line 213, in run_endpoint_function
    return await dependant.call(**values)
           ^^^^^^^^^^^^^^^^^^^^^^^^^^^^^^
  File "/app/app/api/routes/orders.py", line 55, in create_order_endpoint
    order = await create_order(db, current_user, payload)
            ^^^^^^^^^^^^^^^^^^^^^^^^^^^^^^^^^^^^^^^^^^^^^
  File "/app/app/services/order_service.py", line 308, in create_order
    {'attempt': attempt + 1, 'actor_user_id': str(user.id)},
                                                  ^^^^^^^
  File "/usr/local/lib/python3.12/site-packages/sqlalchemy/orm/attributes.py", line 569, in __get__
    return self.impl.get(state, dict_)  # type: ignore[no-any-return]
           ^^^^^^^^^^^^^^^^^^^^^^^^^^^
  File "/usr/local/lib/python3.12/site-packages/sqlalchemy/orm/attributes.py", line 1096, in get
    value = self._fire_loader_callables(state, key, passive)
            ^^^^^^^^^^^^^^^^^^^^^^^^^^^^^^^^^^^^^^^^^^^^^^^^
  File "/usr/local/lib/python3.12/site-packages/sqlalchemy/orm/attributes.py", line 1126, in _fire_loader_callables
    return state._load_expired(state, passive)
           ^^^^^^^^^^^^^^^^^^^^^^^^^^^^^^^^^^^
  File "/usr/local/lib/python3.12/site-packages/sqlalchemy/orm/state.py", line 803, in _load_expired
    self.manager.expired_attribute_loader(self, toload, passive)
  File "/usr/local/lib/python3.12/site-packages/sqlalchemy/orm/loading.py", line 1674, in load_scalar_attributes
    result = load_on_ident(
             ^^^^^^^^^^^^^^
  File "/usr/local/lib/python3.12/site-packages/sqlalchemy/orm/loading.py", line 510, in load_on_ident
    return load_on_pk_identity(
           ^^^^^^^^^^^^^^^^^^^^
  File "/usr/local/lib/python3.12/site-packages/sqlalchemy/orm/loading.py", line 695, in load_on_pk_identity
    session.execute(
  File "/usr/local/lib/python3.12/site-packages/sqlalchemy/orm/session.py", line 2365, in execute
    return self._execute_internal(
           ^^^^^^^^^^^^^^^^^^^^^^^
  File "/usr/local/lib/python3.12/site-packages/sqlalchemy/orm/session.py", line 2241, in _execute_internal
    conn = self._connection_for_bind(bind)
           ^^^^^^^^^^^^^^^^^^^^^^^^^^^^^^^
  File "/usr/local/lib/python3.12/site-packages/sqlalchemy/orm/session.py", line 2110, in _connection_for_bind
    return trans._connection_for_bind(engine, execution_options)
           ^^^^^^^^^^^^^^^^^^^^^^^^^^^^^^^^^^^^^^^^^^^^^^^^^^^^^
  File "<string>", line 2, in _connection_for_bind
  File "/usr/local/lib/python3.12/site-packages/sqlalchemy/orm/state_changes.py", line 137, in _go
    ret_value = fn(self, *arg, **kw)
                ^^^^^^^^^^^^^^^^^^^^
  File "/usr/local/lib/python3.12/site-packages/sqlalchemy/orm/session.py", line 1189, in _connection_for_bind
    conn = bind.connect()
           ^^^^^^^^^^^^^^
  File "/usr/local/lib/python3.12/site-packages/sqlalchemy/engine/base.py", line 3277, in connect
    return self._connection_cls(self)
           ^^^^^^^^^^^^^^^^^^^^^^^^^^
  File "/usr/local/lib/python3.12/site-packages/sqlalchemy/engine/base.py", line 143, in __init__
    self._dbapi_connection = engine.raw_connection()
                             ^^^^^^^^^^^^^^^^^^^^^^^
  File "/usr/local/lib/python3.12/site-packages/sqlalchemy/engine/base.py", line 3301, in raw_connection
    return self.pool.connect()
           ^^^^^^^^^^^^^^^^^^^
  File "/usr/local/lib/python3.12/site-packages/sqlalchemy/pool/base.py", line 447, in connect
    return _ConnectionFairy._checkout(self)
           ^^^^^^^^^^^^^^^^^^^^^^^^^^^^^^^^
  File "/usr/local/lib/python3.12/site-packages/sqlalchemy/pool/base.py", line 1363, in _checkout
    with util.safe_reraise():
         ^^^^^^^^^^^^^^^^^^^
  File "/usr/local/lib/python3.12/site-packages/sqlalchemy/util/langhelpers.py", line 224, in __exit__
    raise exc_value.with_traceback(exc_tb)
  File "/usr/local/lib/python3.12/site-packages/sqlalchemy/pool/base.py", line 1301, in _checkout
    result = pool._dialect._do_ping_w_event(
             ^^^^^^^^^^^^^^^^^^^^^^^^^^^^^^^
  File "/usr/local/lib/python3.12/site-packages/sqlalchemy/engine/default.py", line 728, in _do_ping_w_event
INFO:     172.19.0.1:48570 - "POST /orders HTTP/1.1" 201 Created
INFO:     172.19.0.1:48582 - "POST /orders HTTP/1.1" 201 Created
INFO:     172.19.0.1:48564 - "GET /orders/d0c020dd-b4c2-427d-a31b-d73fb6048859 HTTP/1.1" 200 OK
INFO:     172.19.0.1:48606 - "GET /orders/3ecd6408-1602-4b97-bd48-4b1036182fa4 HTTP/1.1" 200 OK
INFO:     172.19.0.1:48622 - "GET /orders/1886dc48-f1b1-4861-af68-f713997dab0e HTTP/1.1" 200 OK
INFO:     172.19.0.1:53278 - "POST /orders/0a3cee76-8c8a-4b2e-96a7-6139e67642e0/accept HTTP/1.1" 200 OK
INFO:     172.19.0.1:53278 - "GET /orders/0a3cee76-8c8a-4b2e-96a7-6139e67642e0 HTTP/1.1" 200 OK
INFO:     172.19.0.1:53278 - "POST /orders/1886dc48-f1b1-4861-af68-f713997dab0e/accept HTTP/1.1" 200 OK
INFO:     172.19.0.1:53278 - "GET /orders/1886dc48-f1b1-4861-af68-f713997dab0e HTTP/1.1" 200 OK
INFO:     172.19.0.1:53278 - "POST /orders/3ecd6408-1602-4b97-bd48-4b1036182fa4/accept HTTP/1.1" 200 OK
INFO:     172.19.0.1:53278 - "GET /orders/3ecd6408-1602-4b97-bd48-4b1036182fa4 HTTP/1.1" 200 OK
INFO:     172.19.0.1:53278 - "POST /orders/d0c020dd-b4c2-427d-a31b-d73fb6048859/accept HTTP/1.1" 200 OK
    return self.do_ping(dbapi_connection)
           ^^^^^^^^^^^^^^^^^^^^^^^^^^^^^^
  File "/usr/local/lib/python3.12/site-packages/sqlalchemy/dialects/postgresql/asyncpg.py", line 1169, in do_ping
    dbapi_connection.ping()
  File "/usr/local/lib/python3.12/site-packages/sqlalchemy/dialects/postgresql/asyncpg.py", line 813, in ping
    self._handle_exception(error)
  File "/usr/local/lib/python3.12/site-packages/sqlalchemy/dialects/postgresql/asyncpg.py", line 794, in 
_handle_exception
    raise error
  File "/usr/local/lib/python3.12/site-packages/sqlalchemy/dialects/postgresql/asyncpg.py", line 811, in ping
    _ = self.await_(self._async_ping())
        ^^^^^^^^^^^^^^^^^^^^^^^^^^^^^^^
  File "/usr/local/lib/python3.12/site-packages/sqlalchemy/util/_concurrency_py3k.py", line 123, in await_only
    raise exc.MissingGreenlet(
sqlalchemy.exc.MissingGreenlet: greenlet_spawn has not been called; can't call await_only() here. Was IO attempted in 
an unexpected place? (Background on this error at: https://sqlalche.me/e/20/xd2s)
{"ts": "2026-03-17T23:47:07.631959+00:00", "level": "INFO", "logger": "app.services.order_service", "message": 
"order.created", "event": "order.created", "order_id": "1886dc48-f1b1-4861-af68-f713997dab0e", "order_number": 14, 
"order_type": "pickup", "status": "NEW", "actor_user_id": "0ce35dca-d398-4600-9607-c80a9c594f93"}
{"ts": "2026-03-17T23:47:07.638136+00:00", "level": "INFO", "logger": "app.main", "message": "http.request", "event": 
"http.request", "method": "POST", "path": "/orders", "status_code": 201, "elapsed_ms": 303.32, "request_id": 
"4df09a6a-465d-47a4-a1dc-88ad739af3d5"}
{"ts": "2026-03-17T23:47:07.647660+00:00", "level": "INFO", "logger": "app.main", "message": "http.request", "event": 
"http.request", "method": "POST", "path": "/orders", "status_code": 201, "elapsed_ms": 280.04, "request_id": 
"c5da5b5d-9971-4c89-ae4f-7f89b72daa30"}
{"ts": "2026-03-17T23:47:07.851886+00:00", "level": "INFO", "logger": "app.main", "message": "http.request", "event": 
"http.request", "method": "GET", "path": "/orders/d0c020dd-b4c2-427d-a31b-d73fb6048859", "status_code": 200, 
"elapsed_ms": 16.26, "request_id": "3887c61d-0f8e-4f23-8869-5776c362134d"}
{"ts": "2026-03-17T23:47:07.865192+00:00", "level": "INFO", "logger": "app.main", "message": "http.request", "event": 
"http.request", "method": "GET", "path": "/orders/3ecd6408-1602-4b97-bd48-4b1036182fa4", "status_code": 200, 
"elapsed_ms": 16.76, "request_id": "9093315d-d290-4953-9a41-e7cd4ad0d3f1"}
{"ts": "2026-03-17T23:47:07.916491+00:00", "level": "INFO", "logger": "app.main", "message": "http.request", "event": 
"http.request", "method": "GET", "path": "/orders/1886dc48-f1b1-4861-af68-f713997dab0e", "status_code": 200, 
"elapsed_ms": 56.31, "request_id": "994b6e10-ec31-4cc9-b47c-568559bb33b3"}
{"ts": "2026-03-17T23:47:15.192193+00:00", "level": "INFO", "logger": "app.services.order_service", "message": 
"order.accepted", "event": "order.accepted", "order_id": "0a3cee76-8c8a-4b2e-96a7-6139e67642e0", "order_number": 11, 
"status": "ACCEPTED", "actor_user_id": "6bb39ac8-3492-463e-a973-bc8855a75309", "actor_role": "FRONTDESK"}
{"ts": "2026-03-17T23:47:15.198665+00:00", "level": "INFO", "logger": "app.main", "message": "http.request", "event": 
"http.request", "method": "POST", "path": "/orders/0a3cee76-8c8a-4b2e-96a7-6139e67642e0/accept", "status_code": 200, 
"elapsed_ms": 53.46, "request_id": "750881ff-b523-4441-af63-f0f24a0a55e5"}
{"ts": "2026-03-17T23:47:15.250488+00:00", "level": "INFO", "logger": "app.main", "message": "http.request", "event": 
"http.request", "method": "GET", "path": "/orders/0a3cee76-8c8a-4b2e-96a7-6139e67642e0", "status_code": 200, 
"elapsed_ms": 8.48, "request_id": "313b37aa-b6a1-4438-848d-ddc4f5c6bce5"}
{"ts": "2026-03-17T23:47:19.973716+00:00", "level": "INFO", "logger": "app.services.order_service", "message": 
"order.accepted", "event": "order.accepted", "order_id": "1886dc48-f1b1-4861-af68-f713997dab0e", "order_number": 14, 
"status": "ACCEPTED", "actor_user_id": "6bb39ac8-3492-463e-a973-bc8855a75309", "actor_role": "FRONTDESK"}
{"ts": "2026-03-17T23:47:19.980465+00:00", "level": "INFO", "logger": "app.main", "message": "http.request", "event": 
"http.request", "method": "POST", "path": "/orders/1886dc48-f1b1-4861-af68-f713997dab0e/accept", "status_code": 200, 
"elapsed_ms": 27.14, "request_id": "2d7a5951-826a-48de-905a-1baf00b5797e"}
{"ts": "2026-03-17T23:47:20.013789+00:00", "level": "INFO", "logger": "app.main", "message": "http.request", "event": 
"http.request", "method": "GET", "path": "/orders/1886dc48-f1b1-4861-af68-f713997dab0e", "status_code": 200, 
"elapsed_ms": 7.87, "request_id": "81745c02-2780-417d-b5b4-4911c57668bc"}
{"ts": "2026-03-17T23:47:22.156104+00:00", "level": "INFO", "logger": "app.services.order_service", "message": 
"order.accepted", "event": "order.accepted", "order_id": "3ecd6408-1602-4b97-bd48-4b1036182fa4", "order_number": 13, 
"status": "ACCEPTED", "actor_user_id": "6bb39ac8-3492-463e-a973-bc8855a75309", "actor_role": "FRONTDESK"}
{"ts": "2026-03-17T23:47:22.164553+00:00", "level": "INFO", "logger": "app.main", "message": "http.request", "event": 
"http.request", "method": "POST", "path": "/orders/3ecd6408-1602-4b97-bd48-4b1036182fa4/accept", "status_code": 200, 
"elapsed_ms": 25.84, "request_id": "94a80e6b-2b36-43e0-98b0-0146188a6283"}
{"ts": "2026-03-17T23:47:22.199696+00:00", "level": "INFO", "logger": "app.main", "message": "http.request", "event": 
"http.request", "method": "GET", "path": "/orders/3ecd6408-1602-4b97-bd48-4b1036182fa4", "status_code": 200, 
"elapsed_ms": 9.46, "request_id": "bbc37a37-06ab-495c-ba56-60c39747dfbe"}
{"ts": "2026-03-17T23:47:25.963663+00:00", "level": "INFO", "logger": "app.services.order_service", "message": 
"order.accepted", "event": "order.accepted", "order_id": "d0c020dd-b4c2-427d-a31b-d73fb6048859", "order_number": 12, 
"status": "ACCEPTED", "actor_user_id": "6bb39ac8-3492-463e-a973-bc8855a75309", "actor_role": "FRONTDESK"}
{"ts": "2026-03-17T23:47:25.970271+00:00", "level": "INFO", "logger": "app.main", "message": "http.request", "event": 
"http.request", "method": "POST", "path": "/orders/d0c020dd-b4c2-427d-a31b-d73fb6048859/accept", "status_code": 200, 
"elapsed_ms": 26.92, "request_id": "b20c1996-270f-4728-859f-241186f61a32"}
{"ts": "2026-03-17T23:47:26.008203+00:00", "level": "INFO", "logger": "app.main", "message": "http.request", "event": 
"http.request", "method": "GET", "path": "/orders/d0c020dd-b4c2-427d-a31b-d73fb6048859", "status_code": 200, 
"elapsed_ms": 7.83, "request_id": "74cb4bbc-0e29-495e-acaa-8a72024d76c9"}
{"ts": "2026-03-17T23:47:28.397055+00:00", "level": "INFO", "logger": "app.services.order_service", "message": 
"order.accepted", "event": "order.accepted", "order_id": "a5390e24-8a65-428e-8174-f685587be8d0", "order_number": 10, 
"status": "ACCEPTED", "actor_user_id": "6bb39ac8-3492-463e-a973-bc8855a75309", "actor_role": "FRONTDESK"}
{"ts": "2026-03-17T23:47:28.405685+00:00", "level": "INFO", "logger": "app.main", "message": "http.request", "event": 
"http.request", "method": "POST", "path": "/orders/a5390e24-8a65-428e-8174-f685587be8d0/accept", "status_code": 200, 
"elapsed_ms": 25.14, "request_id": "42b34ec2-f28a-4bf6-b984-6c355c1a2ad3"}
{"ts": "2026-03-17T23:47:28.443936+00:00", "level": "INFO", "logger": "app.main", "message": "http.request", "event": 
"http.request", "method": "GET", "path": "/orders/a5390e24-8a65-428e-8174-f685587be8d0", "status_code": 200, 
"elapsed_ms": 10.4, "request_id": "a05688da-a83f-49a8-836f-b9221cf851de"}
WARNING:  WatchFiles detected changes in 'app/services/order_service.py'. Reloading...
INFO:     Shutting down
INFO:     connection closed
INFO:     Waiting for application shutdown.
INFO:     Application shutdown complete.
INFO:     Finished server process [72]
INFO:     Started server process [77]
INFO:     Waiting for application startup.
INFO:     Application startup complete.
INFO:     172.19.0.1:44286 - "WebSocket /ws/frontdesk?token=eyJhbGciOiJIUzI1NiIsInR5cCI6IkpXVCJ9.eyJzdWIiOiI2YmIzOWFjOC
0zNDkyLTQ2M2UtYTk3My1iYzg4NTVhNzUzMDkiLCJyb2xlIjoiRlJPTlRERVNLIiwiZXhwIjoxNzc0Mzk1NjExfQ.ymstRqIVKs-51N_z-6YldMy4Rg-DU_
c-3aNMlvsQPkQ" [accepted]
INFO:     connection open
{"ts": "2026-03-17T23:47:41.140287+00:00", "level": "INFO", "logger": "app.main", "message": "http.request", "event": 
"http.request", "method": "GET", "path": "/orders/latest", "status_code": 200, "elapsed_ms": 24.62, "request_id": 
"fd6ebea5-074a-492e-8a1c-b333ac12b1eb"}
{"ts": "2026-03-17T23:47:41.386458+00:00", "level": "INFO", "logger": "app.main", "message": "http.request", "event": 
"http.request", "method": "GET", "path": "/admin/drivers/available", "status_code": 200, "elapsed_ms": 6.32, 
"request_id": "5a12ed90-be46-43b1-9e6d-fceeb97cb5aa"}
{"ts": "2026-03-17T23:47:46.550742+00:00", "level": "INFO", "logger": "app.services.auth_service", "message": 
"auth.otp_sent", "event": "auth.otp_sent", "phone_number_last4": "0101"}
{"ts": "2026-03-17T23:47:46.550967+00:00", "level": "INFO", "logger": "app.main", "message": "http.request", "event": 
"http.request", "method": "POST", "path": "/auth/send-otp", "status_code": 200, "elapsed_ms": 1.66, "request_id": 
"ea154de7-6820-479c-be84-229034d8e8a9"}
{"ts": "2026-03-17T23:47:46.583889+00:00", "level": "INFO", "logger": "app.services.auth_service", "message": 
"auth.login_success", "event": "auth.login_success", "user_id": "0ce35dca-d398-4600-9607-c80a9c594f93", "role": 
"CLIENT"}
{"ts": "2026-03-17T23:47:46.584655+00:00", "level": "INFO", "logger": "app.main", "message": "http.request", "event": 
"http.request", "method": "POST", "path": "/auth/verify-otp", "status_code": 200, "elapsed_ms": 6.13, "request_id": 
"39805d4f-8313-4879-b277-168d4c9e5bad"}
{"ts": "2026-03-17T23:47:46.615918+00:00", "level": "INFO", "logger": "app.main", "message": "http.request", "event": 
"http.request", "method": "GET", "path": "/menu", "status_code": 200, "elapsed_ms": 26.69, "request_id": 
"05ab766c-e254-49ba-81d6-81dec7c11b23"}
{"ts": "2026-03-17T23:47:46.775453+00:00", "level": "INFO", "logger": "app.services.order_service", "message": 
"order.created", "event": "order.created", "order_id": "560699d6-6240-45e4-bee6-ca935301abaf", "order_number": 15, 
"order_type": "pickup", "status": "NEW", "actor_user_id": "0ce35dca-d398-4600-9607-c80a9c594f93"}
{"ts": "2026-03-17T23:47:46.793022+00:00", "level": "INFO", "logger": "app.main", "message": "http.request", "event": 
"http.request", "method": "POST", "path": "/orders", "status_code": 201, "elapsed_ms": 167.68, "request_id": 
"7d7ae5a2-726b-4fed-a601-55c24d6d4da5"}
{"ts": "2026-03-17T23:47:46.818203+00:00", "level": "INFO", "logger": "app.services.order_service", "message": 
"order.created", "event": "order.created", "order_id": "fbce747e-4842-4ea0-879c-6031a6f287d6", "order_number": 16, 
"order_type": "pickup", "status": "NEW", "actor_user_id": "0ce35dca-d398-4600-9607-c80a9c594f93"}
{"ts": "2026-03-17T23:47:46.821317+00:00", "level": "WARNING", "logger": "app.services.order_service", "message": 
"order.number_conflict_retry", "event": "order.number_conflict_retry", "attempt": 1, "actor_user_id": 
"0ce35dca-d398-4600-9607-c80a9c594f93"}
{"ts": "2026-03-17T23:47:46.821995+00:00", "level": "WARNING", "logger": "app.services.order_service", "message": 
"order.number_conflict_retry", "event": "order.number_conflict_retry", "attempt": 1, "actor_user_id": 
"0ce35dca-d398-4600-9607-c80a9c594f93"}
{"ts": "2026-03-17T23:47:46.822527+00:00", "level": "WARNING", "logger": "app.services.order_service", "message": 
"order.number_conflict_retry", "event": "order.number_conflict_retry", "attempt": 1, "actor_user_id": 
"0ce35dca-d398-4600-9607-c80a9c594f93"}
{"ts": "2026-03-17T23:47:46.825475+00:00", "level": "WARNING", "logger": "app.services.order_service", "message": 
"order.number_conflict_retry", "event": "order.number_conflict_retry", "attempt": 1, "actor_user_id": 
"0ce35dca-d398-4600-9607-c80a9c594f93"}
{"ts": "2026-03-17T23:47:46.826343+00:00", "level": "WARNING", "logger": "app.services.order_service", "message": 
"order.number_conflict_retry", "event": "order.number_conflict_retry", "attempt": 1, "actor_user_id": 
"0ce35dca-d398-4600-9607-c80a9c594f93"}
{"ts": "2026-03-17T23:47:46.860370+00:00", "level": "ERROR", "logger": "app.main", "message": "http.request_failed", 
"event": "http.request_failed", "method": "POST", "path": "/orders", "status_code": 500, "elapsed_ms": 62.68, 
"request_id": "5e29056e-5c74-4d84-ab00-ceccd0c4cb9e"}
ERROR:    Exception in ASGI application
  + Exception Group Traceback (most recent call last):
INFO:     172.19.0.1:53278 - "GET /orders/d0c020dd-b4c2-427d-a31b-d73fb6048859 HTTP/1.1" 200 OK
INFO:     172.19.0.1:53278 - "POST /orders/a5390e24-8a65-428e-8174-f685587be8d0/accept HTTP/1.1" 200 OK
INFO:     172.19.0.1:53278 - "GET /orders/a5390e24-8a65-428e-8174-f685587be8d0 HTTP/1.1" 200 OK
INFO:     172.19.0.1:44292 - "GET /orders/latest?limit=50 HTTP/1.1" 200 OK
INFO:     172.19.0.1:44292 - "GET /admin/drivers/available HTTP/1.1" 200 OK
INFO:     172.19.0.1:34304 - "POST /auth/send-otp HTTP/1.1" 200 OK
INFO:     172.19.0.1:34312 - "POST /auth/verify-otp HTTP/1.1" 200 OK
INFO:     172.19.0.1:34316 - "GET /menu HTTP/1.1" 200 OK
INFO:     172.19.0.1:34330 - "POST /orders HTTP/1.1" 201 Created
INFO:     172.19.0.1:34372 - "POST /orders HTTP/1.1" 500 Internal Server Error
  |   File "/usr/local/lib/python3.12/site-packages/starlette/_utils.py", line 79, in collapse_excgroups
  |     yield
  |   File "/usr/local/lib/python3.12/site-packages/starlette/middleware/base.py", line 183, in __call__
  |     async with anyio.create_task_group() as task_group:
  |                ^^^^^^^^^^^^^^^^^^^^^^^^^
  |   File "/usr/local/lib/python3.12/site-packages/anyio/_backends/_asyncio.py", line 783, in __aexit__
  |     raise BaseExceptionGroup(
  | ExceptionGroup: unhandled errors in a TaskGroup (1 sub-exception)
  +-+---------------- 1 ----------------
    | Traceback (most recent call last):
    |   File "/usr/local/lib/python3.12/site-packages/uvicorn/protocols/http/httptools_impl.py", line 409, in run_asgi
    |     result = await app(  # type: ignore[func-returns-value]
    |              ^^^^^^^^^^^^^^^^^^^^^^^^^^^^^^^^^^^^^^^^^^^^^^
    |   File "/usr/local/lib/python3.12/site-packages/uvicorn/middleware/proxy_headers.py", line 60, in __call__
    |     return await self.app(scope, receive, send)
    |            ^^^^^^^^^^^^^^^^^^^^^^^^^^^^^^^^^^^^
    |   File "/usr/local/lib/python3.12/site-packages/fastapi/applications.py", line 1054, in __call__
    |     await super().__call__(scope, receive, send)
    |   File "/usr/local/lib/python3.12/site-packages/starlette/applications.py", line 113, in __call__
    |     await self.middleware_stack(scope, receive, send)
    |   File "/usr/local/lib/python3.12/site-packages/starlette/middleware/errors.py", line 186, in __call__
    |     raise exc
    |   File "/usr/local/lib/python3.12/site-packages/starlette/middleware/errors.py", line 164, in __call__
    |     await self.app(scope, receive, _send)
    |   File "/usr/local/lib/python3.12/site-packages/starlette/middleware/base.py", line 182, in __call__
    |     with recv_stream, send_stream, collapse_excgroups():
    |                                    ^^^^^^^^^^^^^^^^^^^^
    |   File "/usr/local/lib/python3.12/contextlib.py", line 158, in __exit__
    |     self.gen.throw(value)
    |   File "/usr/local/lib/python3.12/site-packages/starlette/_utils.py", line 85, in collapse_excgroups
    |     raise exc
    |   File "/usr/local/lib/python3.12/site-packages/starlette/middleware/base.py", line 184, in __call__
    |     response = await self.dispatch_func(request, call_next)
    |                ^^^^^^^^^^^^^^^^^^^^^^^^^^^^^^^^^^^^^^^^^^^^
    |   File "/app/app/main.py", line 35, in request_context_middleware
    |     response = await call_next(request)
    |                ^^^^^^^^^^^^^^^^^^^^^^^^
    |   File "/usr/local/lib/python3.12/site-packages/starlette/middleware/base.py", line 159, in call_next
    |     raise app_exc
    |   File "/usr/local/lib/python3.12/site-packages/starlette/middleware/base.py", line 144, in coro
    |     await self.app(scope, receive_or_disconnect, send_no_error)
    |   File "/usr/local/lib/python3.12/site-packages/starlette/middleware/exceptions.py", line 63, in __call__
    |     await wrap_app_handling_exceptions(self.app, conn)(scope, receive, send)
    |   File "/usr/local/lib/python3.12/site-packages/starlette/_exception_handler.py", line 53, in wrapped_app
    |     raise exc
    |   File "/usr/local/lib/python3.12/site-packages/starlette/_exception_handler.py", line 42, in wrapped_app
    |     await app(scope, receive, sender)
    |   File "/usr/local/lib/python3.12/site-packages/starlette/routing.py", line 716, in __call__
    |     await self.middleware_stack(scope, receive, send)
    |   File "/usr/local/lib/python3.12/site-packages/starlette/routing.py", line 736, in app
    |     await route.handle(scope, receive, send)
    |   File "/usr/local/lib/python3.12/site-packages/starlette/routing.py", line 290, in handle
    |     await self.app(scope, receive, send)
    |   File "/usr/local/lib/python3.12/site-packages/starlette/routing.py", line 78, in app
    |     await wrap_app_handling_exceptions(app, request)(scope, receive, send)
    |   File "/usr/local/lib/python3.12/site-packages/starlette/_exception_handler.py", line 53, in wrapped_app
    |     raise exc
    |   File "/usr/local/lib/python3.12/site-packages/starlette/_exception_handler.py", line 42, in wrapped_app
    |     await app(scope, receive, sender)
    |   File "/usr/local/lib/python3.12/site-packages/starlette/routing.py", line 75, in app
    |     response = await f(request)
    |                ^^^^^^^^^^^^^^^^
    |   File "/usr/local/lib/python3.12/site-packages/fastapi/routing.py", line 302, in app
    |     raw_response = await run_endpoint_function(
    |                    ^^^^^^^^^^^^^^^^^^^^^^^^^^^^
    |   File "/usr/local/lib/python3.12/site-packages/fastapi/routing.py", line 213, in run_endpoint_function
    |     return await dependant.call(**values)
    |            ^^^^^^^^^^^^^^^^^^^^^^^^^^^^^^
    |   File "/app/app/api/routes/orders.py", line 55, in create_order_endpoint
    |     order = await create_order(db, current_user, payload)
    |             ^^^^^^^^^^^^^^^^^^^^^^^^^^^^^^^^^^^^^^^^^^^^^
    |   File "/app/app/services/order_service.py", line 234, in create_order
    |     user_id=user.id,
    |             ^^^^^^^
    |   File "/usr/local/lib/python3.12/site-packages/sqlalchemy/orm/attributes.py", line 569, in __get__
    |     return self.impl.get(state, dict_)  # type: ignore[no-any-return]
    |            ^^^^^^^^^^^^^^^^^^^^^^^^^^^
    |   File "/usr/local/lib/python3.12/site-packages/sqlalchemy/orm/attributes.py", line 1096, in get
    |     value = self._fire_loader_callables(state, key, passive)
    |             ^^^^^^^^^^^^^^^^^^^^^^^^^^^^^^^^^^^^^^^^^^^^^^^^
    |   File "/usr/local/lib/python3.12/site-packages/sqlalchemy/orm/attributes.py", line 1126, in 
_fire_loader_callables
    |     return state._load_expired(state, passive)
    |            ^^^^^^^^^^^^^^^^^^^^^^^^^^^^^^^^^^^
    |   File "/usr/local/lib/python3.12/site-packages/sqlalchemy/orm/state.py", line 803, in _load_expired
    |     self.manager.expired_attribute_loader(self, toload, passive)
    |   File "/usr/local/lib/python3.12/site-packages/sqlalchemy/orm/loading.py", line 1674, in load_scalar_attributes
    |     result = load_on_ident(
    |              ^^^^^^^^^^^^^^
    |   File "/usr/local/lib/python3.12/site-packages/sqlalchemy/orm/loading.py", line 510, in load_on_ident
    |     return load_on_pk_identity(
    |            ^^^^^^^^^^^^^^^^^^^^
    |   File "/usr/local/lib/python3.12/site-packages/sqlalchemy/orm/loading.py", line 695, in load_on_pk_identity
    |     session.execute(
    |   File "/usr/local/lib/python3.12/site-packages/sqlalchemy/orm/session.py", line 2365, in execute
    |     return self._execute_internal(
    |            ^^^^^^^^^^^^^^^^^^^^^^^
    |   File "/usr/local/lib/python3.12/site-packages/sqlalchemy/orm/session.py", line 2251, in _execute_internal
    |     result: Result[Any] = compile_state_cls.orm_execute_statement(
    |                           ^^^^^^^^^^^^^^^^^^^^^^^^^^^^^^^^^^^^^^^^
    |   File "/usr/local/lib/python3.12/site-packages/sqlalchemy/orm/context.py", line 306, in orm_execute_statement
    |     result = conn.execute(
    |              ^^^^^^^^^^^^^
    |   File "/usr/local/lib/python3.12/site-packages/sqlalchemy/engine/base.py", line 1419, in execute
    |     return meth(
    |            ^^^^^
    |   File "/usr/local/lib/python3.12/site-packages/sqlalchemy/sql/elements.py", line 526, in _execute_on_connection
    |     return connection._execute_clauseelement(
    |            ^^^^^^^^^^^^^^^^^^^^^^^^^^^^^^^^^^
    |   File "/usr/local/lib/python3.12/site-packages/sqlalchemy/engine/base.py", line 1641, in _execute_clauseelement
    |     ret = self._execute_context(
    |           ^^^^^^^^^^^^^^^^^^^^^^
    |   File "/usr/local/lib/python3.12/site-packages/sqlalchemy/engine/base.py", line 1846, in _execute_context
    |     return self._exec_single_context(
    |            ^^^^^^^^^^^^^^^^^^^^^^^^^^
    |   File "/usr/local/lib/python3.12/site-packages/sqlalchemy/engine/base.py", line 1986, in _exec_single_context
    |     self._handle_dbapi_exception(
    |   File "/usr/local/lib/python3.12/site-packages/sqlalchemy/engine/base.py", line 2358, in _handle_dbapi_exception
    |     raise exc_info[1].with_traceback(exc_info[2])
    |   File "/usr/local/lib/python3.12/site-packages/sqlalchemy/engine/base.py", line 1967, in _exec_single_context
    |     self.dialect.do_execute(
    |   File "/usr/local/lib/python3.12/site-packages/sqlalchemy/engine/default.py", line 951, in do_execute
    |     cursor.execute(statement, parameters)
    |   File "/usr/local/lib/python3.12/site-packages/sqlalchemy/dialects/postgresql/asyncpg.py", line 580, in execute
    |     self._adapt_connection.await_(
    |   File "/usr/local/lib/python3.12/site-packages/sqlalchemy/util/_concurrency_py3k.py", line 123, in await_only
    |     raise exc.MissingGreenlet(
    | sqlalchemy.exc.MissingGreenlet: greenlet_spawn has not been called; can't call await_only() here. Was IO 
attempted in an unexpected place? (Background on this error at: https://sqlalche.me/e/20/xd2s)
    +------------------------------------

During handling of the above exception, another exception occurred:

Traceback (most recent call last):
  File "/usr/local/lib/python3.12/site-packages/uvicorn/protocols/http/httptools_impl.py", line 409, in run_asgi
    result = await app(  # type: ignore[func-returns-value]
             ^^^^^^^^^^^^^^^^^^^^^^^^^^^^^^^^^^^^^^^^^^^^^^
  File "/usr/local/lib/python3.12/site-packages/uvicorn/middleware/proxy_headers.py", line 60, in __call__
    return await self.app(scope, receive, send)
           ^^^^^^^^^^^^^^^^^^^^^^^^^^^^^^^^^^^^
  File "/usr/local/lib/python3.12/site-packages/fastapi/applications.py", line 1054, in __call__
    await super().__call__(scope, receive, send)
  File "/usr/local/lib/python3.12/site-packages/starlette/applications.py", line 113, in __call__
    await self.middleware_stack(scope, receive, send)
  File "/usr/local/lib/python3.12/site-packages/starlette/middleware/errors.py", line 186, in __call__
    raise exc
  File "/usr/local/lib/python3.12/site-packages/starlette/middleware/errors.py", line 164, in __call__
    await self.app(scope, receive, _send)
  File "/usr/local/lib/python3.12/site-packages/starlette/middleware/base.py", line 182, in __call__
    with recv_stream, send_stream, collapse_excgroups():
                                   ^^^^^^^^^^^^^^^^^^^^
  File "/usr/local/lib/python3.12/contextlib.py", line 158, in __exit__
    self.gen.throw(value)
  File "/usr/local/lib/python3.12/site-packages/starlette/_utils.py", line 85, in collapse_excgroups
    raise exc
  File "/usr/local/lib/python3.12/site-packages/starlette/middleware/base.py", line 184, in __call__
    response = await self.dispatch_func(request, call_next)
               ^^^^^^^^^^^^^^^^^^^^^^^^^^^^^^^^^^^^^^^^^^^^
  File "/app/app/main.py", line 35, in request_context_middleware
    response = await call_next(request)
               ^^^^^^^^^^^^^^^^^^^^^^^^
  File "/usr/local/lib/python3.12/site-packages/starlette/middleware/base.py", line 159, in call_next
    raise app_exc
  File "/usr/local/lib/python3.12/site-packages/starlette/middleware/base.py", line 144, in coro
    await self.app(scope, receive_or_disconnect, send_no_error)
  File "/usr/local/lib/python3.12/site-packages/starlette/middleware/exceptions.py", line 63, in __call__
    await wrap_app_handling_exceptions(self.app, conn)(scope, receive, send)
  File "/usr/local/lib/python3.12/site-packages/starlette/_exception_handler.py", line 53, in wrapped_app
    raise exc
  File "/usr/local/lib/python3.12/site-packages/starlette/_exception_handler.py", line 42, in wrapped_app
    await app(scope, receive, sender)
  File "/usr/local/lib/python3.12/site-packages/starlette/routing.py", line 716, in __call__
    await self.middleware_stack(scope, receive, send)
  File "/usr/local/lib/python3.12/site-packages/starlette/routing.py", line 736, in app
    await route.handle(scope, receive, send)
  File "/usr/local/lib/python3.12/site-packages/starlette/routing.py", line 290, in handle
    await self.app(scope, receive, send)
  File "/usr/local/lib/python3.12/site-packages/starlette/routing.py", line 78, in app
    await wrap_app_handling_exceptions(app, request)(scope, receive, send)
  File "/usr/local/lib/python3.12/site-packages/starlette/_exception_handler.py", line 53, in wrapped_app
    raise exc
  File "/usr/local/lib/python3.12/site-packages/starlette/_exception_handler.py", line 42, in wrapped_app
    await app(scope, receive, sender)
  File "/usr/local/lib/python3.12/site-packages/starlette/routing.py", line 75, in app
    response = await f(request)
               ^^^^^^^^^^^^^^^^
  File "/usr/local/lib/python3.12/site-packages/fastapi/routing.py", line 302, in app
    raw_response = await run_endpoint_function(
                   ^^^^^^^^^^^^^^^^^^^^^^^^^^^^
  File "/usr/local/lib/python3.12/site-packages/fastapi/routing.py", line 213, in run_endpoint_function
    return await dependant.call(**values)
           ^^^^^^^^^^^^^^^^^^^^^^^^^^^^^^
  File "/app/app/api/routes/orders.py", line 55, in create_order_endpoint
    order = await create_order(db, current_user, payload)
            ^^^^^^^^^^^^^^^^^^^^^^^^^^^^^^^^^^^^^^^^^^^^^
  File "/app/app/services/order_service.py", line 234, in create_order
    user_id=user.id,
            ^^^^^^^
  File "/usr/local/lib/python3.12/site-packages/sqlalchemy/orm/attributes.py", line 569, in __get__
    return self.impl.get(state, dict_)  # type: ignore[no-any-return]
           ^^^^^^^^^^^^^^^^^^^^^^^^^^^
  File "/usr/local/lib/python3.12/site-packages/sqlalchemy/orm/attributes.py", line 1096, in get
    value = self._fire_loader_callables(state, key, passive)
            ^^^^^^^^^^^^^^^^^^^^^^^^^^^^^^^^^^^^^^^^^^^^^^^^
  File "/usr/local/lib/python3.12/site-packages/sqlalchemy/orm/attributes.py", line 1126, in _fire_loader_callables
    return state._load_expired(state, passive)
           ^^^^^^^^^^^^^^^^^^^^^^^^^^^^^^^^^^^
  File "/usr/local/lib/python3.12/site-packages/sqlalchemy/orm/state.py", line 803, in _load_expired
    self.manager.expired_attribute_loader(self, toload, passive)
  File "/usr/local/lib/python3.12/site-packages/sqlalchemy/orm/loading.py", line 1674, in load_scalar_attributes
    result = load_on_ident(
             ^^^^^^^^^^^^^^
  File "/usr/local/lib/python3.12/site-packages/sqlalchemy/orm/loading.py", line 510, in load_on_ident
    return load_on_pk_identity(
           ^^^^^^^^^^^^^^^^^^^^
  File "/usr/local/lib/python3.12/site-packages/sqlalchemy/orm/loading.py", line 695, in load_on_pk_identity
    session.execute(
  File "/usr/local/lib/python3.12/site-packages/sqlalchemy/orm/session.py", line 2365, in execute
    return self._execute_internal(
           ^^^^^^^^^^^^^^^^^^^^^^^
  File "/usr/local/lib/python3.12/site-packages/sqlalchemy/orm/session.py", line 2251, in _execute_internal
    result: Result[Any] = compile_state_cls.orm_execute_statement(
                          ^^^^^^^^^^^^^^^^^^^^^^^^^^^^^^^^^^^^^^^^
  File "/usr/local/lib/python3.12/site-packages/sqlalchemy/orm/context.py", line 306, in orm_execute_statement
    result = conn.execute(
             ^^^^^^^^^^^^^
  File "/usr/local/lib/python3.12/site-packages/sqlalchemy/engine/base.py", line 1419, in execute
    return meth(
           ^^^^^
  File "/usr/local/lib/python3.12/site-packages/sqlalchemy/sql/elements.py", line 526, in _execute_on_connection
    return connection._execute_clauseelement(
           ^^^^^^^^^^^^^^^^^^^^^^^^^^^^^^^^^^
  File "/usr/local/lib/python3.12/site-packages/sqlalchemy/engine/base.py", line 1641, in _execute_clauseelement
    ret = self._execute_context(
          ^^^^^^^^^^^^^^^^^^^^^^
  File "/usr/local/lib/python3.12/site-packages/sqlalchemy/engine/base.py", line 1846, in _execute_context
    return self._exec_single_context(
           ^^^^^^^^^^^^^^^^^^^^^^^^^^
  File "/usr/local/lib/python3.12/site-packages/sqlalchemy/engine/base.py", line 1986, in _exec_single_context
    self._handle_dbapi_exception(
  File "/usr/local/lib/python3.12/site-packages/sqlalchemy/engine/base.py", line 2358, in _handle_dbapi_exception
    raise exc_info[1].with_traceback(exc_info[2])
  File "/usr/local/lib/python3.12/site-packages/sqlalchemy/engine/base.py", line 1967, in _exec_single_context
    self.dialect.do_execute(
  File "/usr/local/lib/python3.12/site-packages/sqlalchemy/engine/default.py", line 951, in do_execute
    cursor.execute(statement, parameters)
  File "/usr/local/lib/python3.12/site-packages/sqlalchemy/dialects/postgresql/asyncpg.py", line 580, in execute
    self._adapt_connection.await_(
  File "/usr/local/lib/python3.12/site-packages/sqlalchemy/util/_concurrency_py3k.py", line 123, in await_only
    raise exc.MissingGreenlet(
sqlalchemy.exc.MissingGreenlet: greenlet_spawn has not been called; can't call await_only() here. Was IO attempted in 
an unexpected place? (Background on this error at: https://sqlalche.me/e/20/xd2s)
{"ts": "2026-03-17T23:47:46.936467+00:00", "level": "ERROR", "logger": "app.main", "message": "http.request_failed", 
"event": "http.request_failed", "method": "POST", "path": "/orders", "status_code": 500, "elapsed_ms": 307.28, 
"request_id": "0f81f902-5f64-4acc-972f-7c88b46622b8"}
ERROR:    Exception in ASGI application
  + Exception Group Traceback (most recent call last):
  |   File "/usr/local/lib/python3.12/site-packages/starlette/_utils.py", line 79, in collapse_excgroups
  |     yield
  |   File "/usr/local/lib/python3.12/site-packages/starlette/middleware/base.py", line 183, in __call__
  |     async with anyio.create_task_group() as task_group:
  |                ^^^^^^^^^^^^^^^^^^^^^^^^^
  |   File "/usr/local/lib/python3.12/site-packages/anyio/_backends/_asyncio.py", line 783, in __aexit__
  |     raise BaseExceptionGroup(
  | ExceptionGroup: unhandled errors in a TaskGroup (1 sub-exception)
INFO:     172.19.0.1:34342 - "POST /orders HTTP/1.1" 500 Internal Server Error
  +-+---------------- 1 ----------------
    | Traceback (most recent call last):
    |   File "/usr/local/lib/python3.12/site-packages/uvicorn/protocols/http/httptools_impl.py", line 409, in run_asgi
    |     result = await app(  # type: ignore[func-returns-value]
    |              ^^^^^^^^^^^^^^^^^^^^^^^^^^^^^^^^^^^^^^^^^^^^^^
    |   File "/usr/local/lib/python3.12/site-packages/uvicorn/middleware/proxy_headers.py", line 60, in __call__
    |     return await self.app(scope, receive, send)
    |            ^^^^^^^^^^^^^^^^^^^^^^^^^^^^^^^^^^^^
    |   File "/usr/local/lib/python3.12/site-packages/fastapi/applications.py", line 1054, in __call__
    |     await super().__call__(scope, receive, send)
    |   File "/usr/local/lib/python3.12/site-packages/starlette/applications.py", line 113, in __call__
    |     await self.middleware_stack(scope, receive, send)
    |   File "/usr/local/lib/python3.12/site-packages/starlette/middleware/errors.py", line 186, in __call__
    |     raise exc
    |   File "/usr/local/lib/python3.12/site-packages/starlette/middleware/errors.py", line 164, in __call__
    |     await self.app(scope, receive, _send)
    |   File "/usr/local/lib/python3.12/site-packages/starlette/middleware/base.py", line 182, in __call__
    |     with recv_stream, send_stream, collapse_excgroups():
    |                                    ^^^^^^^^^^^^^^^^^^^^
    |   File "/usr/local/lib/python3.12/contextlib.py", line 158, in __exit__
    |     self.gen.throw(value)
    |   File "/usr/local/lib/python3.12/site-packages/starlette/_utils.py", line 85, in collapse_excgroups
    |     raise exc
    |   File "/usr/local/lib/python3.12/site-packages/starlette/middleware/base.py", line 184, in __call__
    |     response = await self.dispatch_func(request, call_next)
    |                ^^^^^^^^^^^^^^^^^^^^^^^^^^^^^^^^^^^^^^^^^^^^
    |   File "/app/app/main.py", line 35, in request_context_middleware
    |     response = await call_next(request)
    |                ^^^^^^^^^^^^^^^^^^^^^^^^
    |   File "/usr/local/lib/python3.12/site-packages/starlette/middleware/base.py", line 159, in call_next
    |     raise app_exc
    |   File "/usr/local/lib/python3.12/site-packages/starlette/middleware/base.py", line 144, in coro
    |     await self.app(scope, receive_or_disconnect, send_no_error)
    |   File "/usr/local/lib/python3.12/site-packages/starlette/middleware/exceptions.py", line 63, in __call__
    |     await wrap_app_handling_exceptions(self.app, conn)(scope, receive, send)
    |   File "/usr/local/lib/python3.12/site-packages/starlette/_exception_handler.py", line 53, in wrapped_app
    |     raise exc
    |   File "/usr/local/lib/python3.12/site-packages/starlette/_exception_handler.py", line 42, in wrapped_app
    |     await app(scope, receive, sender)
    |   File "/usr/local/lib/python3.12/site-packages/starlette/routing.py", line 716, in __call__
    |     await self.middleware_stack(scope, receive, send)
    |   File "/usr/local/lib/python3.12/site-packages/starlette/routing.py", line 736, in app
    |     await route.handle(scope, receive, send)
    |   File "/usr/local/lib/python3.12/site-packages/starlette/routing.py", line 290, in handle
    |     await self.app(scope, receive, send)
    |   File "/usr/local/lib/python3.12/site-packages/starlette/routing.py", line 78, in app
    |     await wrap_app_handling_exceptions(app, request)(scope, receive, send)
    |   File "/usr/local/lib/python3.12/site-packages/starlette/_exception_handler.py", line 53, in wrapped_app
    |     raise exc
    |   File "/usr/local/lib/python3.12/site-packages/starlette/_exception_handler.py", line 42, in wrapped_app
    |     await app(scope, receive, sender)
    |   File "/usr/local/lib/python3.12/site-packages/starlette/routing.py", line 75, in app
    |     response = await f(request)
    |                ^^^^^^^^^^^^^^^^
    |   File "/usr/local/lib/python3.12/site-packages/fastapi/routing.py", line 302, in app
    |     raw_response = await run_endpoint_function(
    |                    ^^^^^^^^^^^^^^^^^^^^^^^^^^^^
    |   File "/usr/local/lib/python3.12/site-packages/fastapi/routing.py", line 213, in run_endpoint_function
    |     return await dependant.call(**values)
    |            ^^^^^^^^^^^^^^^^^^^^^^^^^^^^^^
    |   File "/app/app/api/routes/orders.py", line 55, in create_order_endpoint
    |     order = await create_order(db, current_user, payload)
    |             ^^^^^^^^^^^^^^^^^^^^^^^^^^^^^^^^^^^^^^^^^^^^^
    |   File "/app/app/services/order_service.py", line 234, in create_order
    |     user_id=user.id,
    |             ^^^^^^^
    |   File "/usr/local/lib/python3.12/site-packages/sqlalchemy/orm/attributes.py", line 569, in __get__
    |     return self.impl.get(state, dict_)  # type: ignore[no-any-return]
    |            ^^^^^^^^^^^^^^^^^^^^^^^^^^^
    |   File "/usr/local/lib/python3.12/site-packages/sqlalchemy/orm/attributes.py", line 1096, in get
    |     value = self._fire_loader_callables(state, key, passive)
    |             ^^^^^^^^^^^^^^^^^^^^^^^^^^^^^^^^^^^^^^^^^^^^^^^^
    |   File "/usr/local/lib/python3.12/site-packages/sqlalchemy/orm/attributes.py", line 1126, in 
_fire_loader_callables
    |     return state._load_expired(state, passive)
    |            ^^^^^^^^^^^^^^^^^^^^^^^^^^^^^^^^^^^
    |   File "/usr/local/lib/python3.12/site-packages/sqlalchemy/orm/state.py", line 803, in _load_expired
    |     self.manager.expired_attribute_loader(self, toload, passive)
    |   File "/usr/local/lib/python3.12/site-packages/sqlalchemy/orm/loading.py", line 1674, in load_scalar_attributes
    |     result = load_on_ident(
    |              ^^^^^^^^^^^^^^
    |   File "/usr/local/lib/python3.12/site-packages/sqlalchemy/orm/loading.py", line 510, in load_on_ident
    |     return load_on_pk_identity(
    |            ^^^^^^^^^^^^^^^^^^^^
    |   File "/usr/local/lib/python3.12/site-packages/sqlalchemy/orm/loading.py", line 695, in load_on_pk_identity
    |     session.execute(
    |   File "/usr/local/lib/python3.12/site-packages/sqlalchemy/orm/session.py", line 2365, in execute
    |     return self._execute_internal(
    |            ^^^^^^^^^^^^^^^^^^^^^^^
    |   File "/usr/local/lib/python3.12/site-packages/sqlalchemy/orm/session.py", line 2251, in _execute_internal
    |     result: Result[Any] = compile_state_cls.orm_execute_statement(
    |                           ^^^^^^^^^^^^^^^^^^^^^^^^^^^^^^^^^^^^^^^^
    |   File "/usr/local/lib/python3.12/site-packages/sqlalchemy/orm/context.py", line 306, in orm_execute_statement
    |     result = conn.execute(
    |              ^^^^^^^^^^^^^
    |   File "/usr/local/lib/python3.12/site-packages/sqlalchemy/engine/base.py", line 1419, in execute
    |     return meth(
    |            ^^^^^
    |   File "/usr/local/lib/python3.12/site-packages/sqlalchemy/sql/elements.py", line 526, in _execute_on_connection
    |     return connection._execute_clauseelement(
    |            ^^^^^^^^^^^^^^^^^^^^^^^^^^^^^^^^^^
    |   File "/usr/local/lib/python3.12/site-packages/sqlalchemy/engine/base.py", line 1641, in _execute_clauseelement
    |     ret = self._execute_context(
    |           ^^^^^^^^^^^^^^^^^^^^^^
    |   File "/usr/local/lib/python3.12/site-packages/sqlalchemy/engine/base.py", line 1846, in _execute_context
    |     return self._exec_single_context(
    |            ^^^^^^^^^^^^^^^^^^^^^^^^^^
    |   File "/usr/local/lib/python3.12/site-packages/sqlalchemy/engine/base.py", line 1986, in _exec_single_context
    |     self._handle_dbapi_exception(
    |   File "/usr/local/lib/python3.12/site-packages/sqlalchemy/engine/base.py", line 2358, in _handle_dbapi_exception
    |     raise exc_info[1].with_traceback(exc_info[2])
    |   File "/usr/local/lib/python3.12/site-packages/sqlalchemy/engine/base.py", line 1967, in _exec_single_context
    |     self.dialect.do_execute(
    |   File "/usr/local/lib/python3.12/site-packages/sqlalchemy/engine/default.py", line 951, in do_execute
    |     cursor.execute(statement, parameters)
    |   File "/usr/local/lib/python3.12/site-packages/sqlalchemy/dialects/postgresql/asyncpg.py", line 580, in execute
    |     self._adapt_connection.await_(
    |   File "/usr/local/lib/python3.12/site-packages/sqlalchemy/util/_concurrency_py3k.py", line 123, in await_only
    |     raise exc.MissingGreenlet(
    | sqlalchemy.exc.MissingGreenlet: greenlet_spawn has not been called; can't call await_only() here. Was IO 
attempted in an unexpected place? (Background on this error at: https://sqlalche.me/e/20/xd2s)
    +------------------------------------

During handling of the above exception, another exception occurred:

Traceback (most recent call last):
  File "/usr/local/lib/python3.12/site-packages/uvicorn/protocols/http/httptools_impl.py", line 409, in run_asgi
    result = await app(  # type: ignore[func-returns-value]
             ^^^^^^^^^^^^^^^^^^^^^^^^^^^^^^^^^^^^^^^^^^^^^^
  File "/usr/local/lib/python3.12/site-packages/uvicorn/middleware/proxy_headers.py", line 60, in __call__
    return await self.app(scope, receive, send)
           ^^^^^^^^^^^^^^^^^^^^^^^^^^^^^^^^^^^^
  File "/usr/local/lib/python3.12/site-packages/fastapi/applications.py", line 1054, in __call__
    await super().__call__(scope, receive, send)
  File "/usr/local/lib/python3.12/site-packages/starlette/applications.py", line 113, in __call__
    await self.middleware_stack(scope, receive, send)
  File "/usr/local/lib/python3.12/site-packages/starlette/middleware/errors.py", line 186, in __call__
    raise exc
  File "/usr/local/lib/python3.12/site-packages/starlette/middleware/errors.py", line 164, in __call__
    await self.app(scope, receive, _send)
  File "/usr/local/lib/python3.12/site-packages/starlette/middleware/base.py", line 182, in __call__
    with recv_stream, send_stream, collapse_excgroups():
                                   ^^^^^^^^^^^^^^^^^^^^
  File "/usr/local/lib/python3.12/contextlib.py", line 158, in __exit__
    self.gen.throw(value)
  File "/usr/local/lib/python3.12/site-packages/starlette/_utils.py", line 85, in collapse_excgroups
    raise exc
  File "/usr/local/lib/python3.12/site-packages/starlette/middleware/base.py", line 184, in __call__
    response = await self.dispatch_func(request, call_next)
               ^^^^^^^^^^^^^^^^^^^^^^^^^^^^^^^^^^^^^^^^^^^^
  File "/app/app/main.py", line 35, in request_context_middleware
    response = await call_next(request)
               ^^^^^^^^^^^^^^^^^^^^^^^^
  File "/usr/local/lib/python3.12/site-packages/starlette/middleware/base.py", line 159, in call_next
    raise app_exc
  File "/usr/local/lib/python3.12/site-packages/starlette/middleware/base.py", line 144, in coro
    await self.app(scope, receive_or_disconnect, send_no_error)
  File "/usr/local/lib/python3.12/site-packages/starlette/middleware/exceptions.py", line 63, in __call__
    await wrap_app_handling_exceptions(self.app, conn)(scope, receive, send)
  File "/usr/local/lib/python3.12/site-packages/starlette/_exception_handler.py", line 53, in wrapped_app
    raise exc
  File "/usr/local/lib/python3.12/site-packages/starlette/_exception_handler.py", line 42, in wrapped_app
    await app(scope, receive, sender)
  File "/usr/local/lib/python3.12/site-packages/starlette/routing.py", line 716, in __call__
    await self.middleware_stack(scope, receive, send)
  File "/usr/local/lib/python3.12/site-packages/starlette/routing.py", line 736, in app
    await route.handle(scope, receive, send)
  File "/usr/local/lib/python3.12/site-packages/starlette/routing.py", line 290, in handle
    await self.app(scope, receive, send)
  File "/usr/local/lib/python3.12/site-packages/starlette/routing.py", line 78, in app
    await wrap_app_handling_exceptions(app, request)(scope, receive, send)
  File "/usr/local/lib/python3.12/site-packages/starlette/_exception_handler.py", line 53, in wrapped_app
    raise exc
  File "/usr/local/lib/python3.12/site-packages/starlette/_exception_handler.py", line 42, in wrapped_app
    await app(scope, receive, sender)
  File "/usr/local/lib/python3.12/site-packages/starlette/routing.py", line 75, in app
    response = await f(request)
               ^^^^^^^^^^^^^^^^
  File "/usr/local/lib/python3.12/site-packages/fastapi/routing.py", line 302, in app
    raw_response = await run_endpoint_function(
                   ^^^^^^^^^^^^^^^^^^^^^^^^^^^^
  File "/usr/local/lib/python3.12/site-packages/fastapi/routing.py", line 213, in run_endpoint_function
    return await dependant.call(**values)
           ^^^^^^^^^^^^^^^^^^^^^^^^^^^^^^
  File "/app/app/api/routes/orders.py", line 55, in create_order_endpoint
    order = await create_order(db, current_user, payload)
            ^^^^^^^^^^^^^^^^^^^^^^^^^^^^^^^^^^^^^^^^^^^^^
  File "/app/app/services/order_service.py", line 234, in create_order
    user_id=user.id,
            ^^^^^^^
  File "/usr/local/lib/python3.12/site-packages/sqlalchemy/orm/attributes.py", line 569, in __get__
    return self.impl.get(state, dict_)  # type: ignore[no-any-return]
           ^^^^^^^^^^^^^^^^^^^^^^^^^^^
  File "/usr/local/lib/python3.12/site-packages/sqlalchemy/orm/attributes.py", line 1096, in get
    value = self._fire_loader_callables(state, key, passive)
            ^^^^^^^^^^^^^^^^^^^^^^^^^^^^^^^^^^^^^^^^^^^^^^^^
  File "/usr/local/lib/python3.12/site-packages/sqlalchemy/orm/attributes.py", line 1126, in _fire_loader_callables
    return state._load_expired(state, passive)
           ^^^^^^^^^^^^^^^^^^^^^^^^^^^^^^^^^^^
  File "/usr/local/lib/python3.12/site-packages/sqlalchemy/orm/state.py", line 803, in _load_expired
    self.manager.expired_attribute_loader(self, toload, passive)
  File "/usr/local/lib/python3.12/site-packages/sqlalchemy/orm/loading.py", line 1674, in load_scalar_attributes
    result = load_on_ident(
             ^^^^^^^^^^^^^^
  File "/usr/local/lib/python3.12/site-packages/sqlalchemy/orm/loading.py", line 510, in load_on_ident
    return load_on_pk_identity(
           ^^^^^^^^^^^^^^^^^^^^
  File "/usr/local/lib/python3.12/site-packages/sqlalchemy/orm/loading.py", line 695, in load_on_pk_identity
    session.execute(
  File "/usr/local/lib/python3.12/site-packages/sqlalchemy/orm/session.py", line 2365, in execute
    return self._execute_internal(
           ^^^^^^^^^^^^^^^^^^^^^^^
  File "/usr/local/lib/python3.12/site-packages/sqlalchemy/orm/session.py", line 2251, in _execute_internal
    result: Result[Any] = compile_state_cls.orm_execute_statement(
                          ^^^^^^^^^^^^^^^^^^^^^^^^^^^^^^^^^^^^^^^^
  File "/usr/local/lib/python3.12/site-packages/sqlalchemy/orm/context.py", line 306, in orm_execute_statement
    result = conn.execute(
             ^^^^^^^^^^^^^
  File "/usr/local/lib/python3.12/site-packages/sqlalchemy/engine/base.py", line 1419, in execute
    return meth(
           ^^^^^
  File "/usr/local/lib/python3.12/site-packages/sqlalchemy/sql/elements.py", line 526, in _execute_on_connection
    return connection._execute_clauseelement(
           ^^^^^^^^^^^^^^^^^^^^^^^^^^^^^^^^^^
  File "/usr/local/lib/python3.12/site-packages/sqlalchemy/engine/base.py", line 1641, in _execute_clauseelement
    ret = self._execute_context(
          ^^^^^^^^^^^^^^^^^^^^^^
  File "/usr/local/lib/python3.12/site-packages/sqlalchemy/engine/base.py", line 1846, in _execute_context
    return self._exec_single_context(
           ^^^^^^^^^^^^^^^^^^^^^^^^^^
  File "/usr/local/lib/python3.12/site-packages/sqlalchemy/engine/base.py", line 1986, in _exec_single_context
    self._handle_dbapi_exception(
  File "/usr/local/lib/python3.12/site-packages/sqlalchemy/engine/base.py", line 2358, in _handle_dbapi_exception
    raise exc_info[1].with_traceback(exc_info[2])
  File "/usr/local/lib/python3.12/site-packages/sqlalchemy/engine/base.py", line 1967, in _exec_single_context
    self.dialect.do_execute(
  File "/usr/local/lib/python3.12/site-packages/sqlalchemy/engine/default.py", line 951, in do_execute
    cursor.execute(statement, parameters)
  File "/usr/local/lib/python3.12/site-packages/sqlalchemy/dialects/postgresql/asyncpg.py", line 580, in execute
    self._adapt_connection.await_(
  File "/usr/local/lib/python3.12/site-packages/sqlalchemy/util/_concurrency_py3k.py", line 123, in await_only
    raise exc.MissingGreenlet(
sqlalchemy.exc.MissingGreenlet: greenlet_spawn has not been called; can't call await_only() here. Was IO attempted in 
an unexpected place? (Background on this error at: https://sqlalche.me/e/20/xd2s)
{"ts": "2026-03-17T23:47:46.972356+00:00", "level": "ERROR", "logger": "app.main", "message": "http.request_failed", 
"event": "http.request_failed", "method": "POST", "path": "/orders", "status_code": 500, "elapsed_ms": 344.34, 
"request_id": "6b13887e-d23b-4910-a4fb-9952ad42c85a"}
ERROR:    Exception in ASGI application
  + Exception Group Traceback (most recent call last):
  |   File "/usr/local/lib/python3.12/site-packages/starlette/_utils.py", line 79, in collapse_excgroups
  |     yield
  |   File "/usr/local/lib/python3.12/site-packages/starlette/middleware/base.py", line 183, in __call__
  |     async with anyio.create_task_group() as task_group:
  |                ^^^^^^^^^^^^^^^^^^^^^^^^^
  |   File "/usr/local/lib/python3.12/site-packages/anyio/_backends/_asyncio.py", line 783, in __aexit__
  |     raise BaseExceptionGroup(
  | ExceptionGroup: unhandled errors in a TaskGroup (1 sub-exception)
  +-+---------------- 1 ----------------
    | Traceback (most recent call last):
    |   File "/usr/local/lib/python3.12/site-packages/uvicorn/protocols/http/httptools_impl.py", line 409, in run_asgi
    |     result = await app(  # type: ignore[func-returns-value]
    |              ^^^^^^^^^^^^^^^^^^^^^^^^^^^^^^^^^^^^^^^^^^^^^^
    |   File "/usr/local/lib/python3.12/site-packages/uvicorn/middleware/proxy_headers.py", line 60, in __call__
    |     return await self.app(scope, receive, send)
    |            ^^^^^^^^^^^^^^^^^^^^^^^^^^^^^^^^^^^^
    |   File "/usr/local/lib/python3.12/site-packages/fastapi/applications.py", line 1054, in __call__
    |     await super().__call__(scope, receive, send)
    |   File "/usr/local/lib/python3.12/site-packages/starlette/applications.py", line 113, in __call__
    |     await self.middleware_stack(scope, receive, send)
    |   File "/usr/local/lib/python3.12/site-packages/starlette/middleware/errors.py", line 186, in __call__
    |     raise exc
    |   File "/usr/local/lib/python3.12/site-packages/starlette/middleware/errors.py", line 164, in __call__
    |     await self.app(scope, receive, _send)
    |   File "/usr/local/lib/python3.12/site-packages/starlette/middleware/base.py", line 182, in __call__
    |     with recv_stream, send_stream, collapse_excgroups():
    |                                    ^^^^^^^^^^^^^^^^^^^^
    |   File "/usr/local/lib/python3.12/contextlib.py", line 158, in __exit__
    |     self.gen.throw(value)
INFO:     172.19.0.1:34332 - "POST /orders HTTP/1.1" 500 Internal Server Error
    |   File "/usr/local/lib/python3.12/site-packages/starlette/_utils.py", line 85, in collapse_excgroups
    |     raise exc
    |   File "/usr/local/lib/python3.12/site-packages/starlette/middleware/base.py", line 184, in __call__
    |     response = await self.dispatch_func(request, call_next)
    |                ^^^^^^^^^^^^^^^^^^^^^^^^^^^^^^^^^^^^^^^^^^^^
    |   File "/app/app/main.py", line 35, in request_context_middleware
    |     response = await call_next(request)
    |                ^^^^^^^^^^^^^^^^^^^^^^^^
    |   File "/usr/local/lib/python3.12/site-packages/starlette/middleware/base.py", line 159, in call_next
    |     raise app_exc
    |   File "/usr/local/lib/python3.12/site-packages/starlette/middleware/base.py", line 144, in coro
    |     await self.app(scope, receive_or_disconnect, send_no_error)
    |   File "/usr/local/lib/python3.12/site-packages/starlette/middleware/exceptions.py", line 63, in __call__
    |     await wrap_app_handling_exceptions(self.app, conn)(scope, receive, send)
    |   File "/usr/local/lib/python3.12/site-packages/starlette/_exception_handler.py", line 53, in wrapped_app
    |     raise exc
    |   File "/usr/local/lib/python3.12/site-packages/starlette/_exception_handler.py", line 42, in wrapped_app
    |     await app(scope, receive, sender)
    |   File "/usr/local/lib/python3.12/site-packages/starlette/routing.py", line 716, in __call__
    |     await self.middleware_stack(scope, receive, send)
    |   File "/usr/local/lib/python3.12/site-packages/starlette/routing.py", line 736, in app
    |     await route.handle(scope, receive, send)
    |   File "/usr/local/lib/python3.12/site-packages/starlette/routing.py", line 290, in handle
    |     await self.app(scope, receive, send)
    |   File "/usr/local/lib/python3.12/site-packages/starlette/routing.py", line 78, in app
    |     await wrap_app_handling_exceptions(app, request)(scope, receive, send)
    |   File "/usr/local/lib/python3.12/site-packages/starlette/_exception_handler.py", line 53, in wrapped_app
    |     raise exc
    |   File "/usr/local/lib/python3.12/site-packages/starlette/_exception_handler.py", line 42, in wrapped_app
    |     await app(scope, receive, sender)
    |   File "/usr/local/lib/python3.12/site-packages/starlette/routing.py", line 75, in app
    |     response = await f(request)
    |                ^^^^^^^^^^^^^^^^
    |   File "/usr/local/lib/python3.12/site-packages/fastapi/routing.py", line 302, in app
    |     raw_response = await run_endpoint_function(
    |                    ^^^^^^^^^^^^^^^^^^^^^^^^^^^^
    |   File "/usr/local/lib/python3.12/site-packages/fastapi/routing.py", line 213, in run_endpoint_function
    |     return await dependant.call(**values)
    |            ^^^^^^^^^^^^^^^^^^^^^^^^^^^^^^
    |   File "/app/app/api/routes/orders.py", line 55, in create_order_endpoint
    |     order = await create_order(db, current_user, payload)
    |             ^^^^^^^^^^^^^^^^^^^^^^^^^^^^^^^^^^^^^^^^^^^^^
    |   File "/app/app/services/order_service.py", line 234, in create_order
    |     user_id=user.id,
    |             ^^^^^^^
    |   File "/usr/local/lib/python3.12/site-packages/sqlalchemy/orm/attributes.py", line 569, in __get__
    |     return self.impl.get(state, dict_)  # type: ignore[no-any-return]
    |            ^^^^^^^^^^^^^^^^^^^^^^^^^^^
    |   File "/usr/local/lib/python3.12/site-packages/sqlalchemy/orm/attributes.py", line 1096, in get
    |     value = self._fire_loader_callables(state, key, passive)
    |             ^^^^^^^^^^^^^^^^^^^^^^^^^^^^^^^^^^^^^^^^^^^^^^^^
    |   File "/usr/local/lib/python3.12/site-packages/sqlalchemy/orm/attributes.py", line 1126, in 
_fire_loader_callables
    |     return state._load_expired(state, passive)
    |            ^^^^^^^^^^^^^^^^^^^^^^^^^^^^^^^^^^^
    |   File "/usr/local/lib/python3.12/site-packages/sqlalchemy/orm/state.py", line 803, in _load_expired
    |     self.manager.expired_attribute_loader(self, toload, passive)
    |   File "/usr/local/lib/python3.12/site-packages/sqlalchemy/orm/loading.py", line 1674, in load_scalar_attributes
    |     result = load_on_ident(
    |              ^^^^^^^^^^^^^^
    |   File "/usr/local/lib/python3.12/site-packages/sqlalchemy/orm/loading.py", line 510, in load_on_ident
    |     return load_on_pk_identity(
    |            ^^^^^^^^^^^^^^^^^^^^
    |   File "/usr/local/lib/python3.12/site-packages/sqlalchemy/orm/loading.py", line 695, in load_on_pk_identity
    |     session.execute(
    |   File "/usr/local/lib/python3.12/site-packages/sqlalchemy/orm/session.py", line 2365, in execute
    |     return self._execute_internal(
    |            ^^^^^^^^^^^^^^^^^^^^^^^
    |   File "/usr/local/lib/python3.12/site-packages/sqlalchemy/orm/session.py", line 2251, in _execute_internal
    |     result: Result[Any] = compile_state_cls.orm_execute_statement(
    |                           ^^^^^^^^^^^^^^^^^^^^^^^^^^^^^^^^^^^^^^^^
    |   File "/usr/local/lib/python3.12/site-packages/sqlalchemy/orm/context.py", line 306, in orm_execute_statement
    |     result = conn.execute(
    |              ^^^^^^^^^^^^^
    |   File "/usr/local/lib/python3.12/site-packages/sqlalchemy/engine/base.py", line 1419, in execute
    |     return meth(
    |            ^^^^^
    |   File "/usr/local/lib/python3.12/site-packages/sqlalchemy/sql/elements.py", line 526, in _execute_on_connection
    |     return connection._execute_clauseelement(
    |            ^^^^^^^^^^^^^^^^^^^^^^^^^^^^^^^^^^
    |   File "/usr/local/lib/python3.12/site-packages/sqlalchemy/engine/base.py", line 1641, in _execute_clauseelement
    |     ret = self._execute_context(
    |           ^^^^^^^^^^^^^^^^^^^^^^
    |   File "/usr/local/lib/python3.12/site-packages/sqlalchemy/engine/base.py", line 1846, in _execute_context
    |     return self._exec_single_context(
    |            ^^^^^^^^^^^^^^^^^^^^^^^^^^
    |   File "/usr/local/lib/python3.12/site-packages/sqlalchemy/engine/base.py", line 1986, in _exec_single_context
    |     self._handle_dbapi_exception(
    |   File "/usr/local/lib/python3.12/site-packages/sqlalchemy/engine/base.py", line 2358, in _handle_dbapi_exception
    |     raise exc_info[1].with_traceback(exc_info[2])
    |   File "/usr/local/lib/python3.12/site-packages/sqlalchemy/engine/base.py", line 1967, in _exec_single_context
    |     self.dialect.do_execute(
    |   File "/usr/local/lib/python3.12/site-packages/sqlalchemy/engine/default.py", line 951, in do_execute
    |     cursor.execute(statement, parameters)
    |   File "/usr/local/lib/python3.12/site-packages/sqlalchemy/dialects/postgresql/asyncpg.py", line 580, in execute
    |     self._adapt_connection.await_(
    |   File "/usr/local/lib/python3.12/site-packages/sqlalchemy/util/_concurrency_py3k.py", line 123, in await_only
    |     raise exc.MissingGreenlet(
    | sqlalchemy.exc.MissingGreenlet: greenlet_spawn has not been called; can't call await_only() here. Was IO 
attempted in an unexpected place? (Background on this error at: https://sqlalche.me/e/20/xd2s)
    +------------------------------------

During handling of the above exception, another exception occurred:

Traceback (most recent call last):
  File "/usr/local/lib/python3.12/site-packages/uvicorn/protocols/http/httptools_impl.py", line 409, in run_asgi
    result = await app(  # type: ignore[func-returns-value]
             ^^^^^^^^^^^^^^^^^^^^^^^^^^^^^^^^^^^^^^^^^^^^^^
  File "/usr/local/lib/python3.12/site-packages/uvicorn/middleware/proxy_headers.py", line 60, in __call__
    return await self.app(scope, receive, send)
           ^^^^^^^^^^^^^^^^^^^^^^^^^^^^^^^^^^^^
  File "/usr/local/lib/python3.12/site-packages/fastapi/applications.py", line 1054, in __call__
    await super().__call__(scope, receive, send)
  File "/usr/local/lib/python3.12/site-packages/starlette/applications.py", line 113, in __call__
    await self.middleware_stack(scope, receive, send)
  File "/usr/local/lib/python3.12/site-packages/starlette/middleware/errors.py", line 186, in __call__
    raise exc
  File "/usr/local/lib/python3.12/site-packages/starlette/middleware/errors.py", line 164, in __call__
    await self.app(scope, receive, _send)
  File "/usr/local/lib/python3.12/site-packages/starlette/middleware/base.py", line 182, in __call__
    with recv_stream, send_stream, collapse_excgroups():
                                   ^^^^^^^^^^^^^^^^^^^^
  File "/usr/local/lib/python3.12/contextlib.py", line 158, in __exit__
    self.gen.throw(value)
  File "/usr/local/lib/python3.12/site-packages/starlette/_utils.py", line 85, in collapse_excgroups
    raise exc
  File "/usr/local/lib/python3.12/site-packages/starlette/middleware/base.py", line 184, in __call__
    response = await self.dispatch_func(request, call_next)
               ^^^^^^^^^^^^^^^^^^^^^^^^^^^^^^^^^^^^^^^^^^^^
  File "/app/app/main.py", line 35, in request_context_middleware
    response = await call_next(request)
               ^^^^^^^^^^^^^^^^^^^^^^^^
  File "/usr/local/lib/python3.12/site-packages/starlette/middleware/base.py", line 159, in call_next
    raise app_exc
  File "/usr/local/lib/python3.12/site-packages/starlette/middleware/base.py", line 144, in coro
    await self.app(scope, receive_or_disconnect, send_no_error)
  File "/usr/local/lib/python3.12/site-packages/starlette/middleware/exceptions.py", line 63, in __call__
    await wrap_app_handling_exceptions(self.app, conn)(scope, receive, send)
  File "/usr/local/lib/python3.12/site-packages/starlette/_exception_handler.py", line 53, in wrapped_app
    raise exc
  File "/usr/local/lib/python3.12/site-packages/starlette/_exception_handler.py", line 42, in wrapped_app
    await app(scope, receive, sender)
  File "/usr/local/lib/python3.12/site-packages/starlette/routing.py", line 716, in __call__
    await self.middleware_stack(scope, receive, send)
  File "/usr/local/lib/python3.12/site-packages/starlette/routing.py", line 736, in app
    await route.handle(scope, receive, send)
  File "/usr/local/lib/python3.12/site-packages/starlette/routing.py", line 290, in handle
    await self.app(scope, receive, send)
  File "/usr/local/lib/python3.12/site-packages/starlette/routing.py", line 78, in app
    await wrap_app_handling_exceptions(app, request)(scope, receive, send)
  File "/usr/local/lib/python3.12/site-packages/starlette/_exception_handler.py", line 53, in wrapped_app
    raise exc
  File "/usr/local/lib/python3.12/site-packages/starlette/_exception_handler.py", line 42, in wrapped_app
    await app(scope, receive, sender)
  File "/usr/local/lib/python3.12/site-packages/starlette/routing.py", line 75, in app
    response = await f(request)
               ^^^^^^^^^^^^^^^^
  File "/usr/local/lib/python3.12/site-packages/fastapi/routing.py", line 302, in app
    raw_response = await run_endpoint_function(
                   ^^^^^^^^^^^^^^^^^^^^^^^^^^^^
  File "/usr/local/lib/python3.12/site-packages/fastapi/routing.py", line 213, in run_endpoint_function
    return await dependant.call(**values)
           ^^^^^^^^^^^^^^^^^^^^^^^^^^^^^^
  File "/app/app/api/routes/orders.py", line 55, in create_order_endpoint
    order = await create_order(db, current_user, payload)
            ^^^^^^^^^^^^^^^^^^^^^^^^^^^^^^^^^^^^^^^^^^^^^
  File "/app/app/services/order_service.py", line 234, in create_order
    user_id=user.id,
            ^^^^^^^
  File "/usr/local/lib/python3.12/site-packages/sqlalchemy/orm/attributes.py", line 569, in __get__
    return self.impl.get(state, dict_)  # type: ignore[no-any-return]
           ^^^^^^^^^^^^^^^^^^^^^^^^^^^
  File "/usr/local/lib/python3.12/site-packages/sqlalchemy/orm/attributes.py", line 1096, in get
    value = self._fire_loader_callables(state, key, passive)
            ^^^^^^^^^^^^^^^^^^^^^^^^^^^^^^^^^^^^^^^^^^^^^^^^
  File "/usr/local/lib/python3.12/site-packages/sqlalchemy/orm/attributes.py", line 1126, in _fire_loader_callables
    return state._load_expired(state, passive)
           ^^^^^^^^^^^^^^^^^^^^^^^^^^^^^^^^^^^
  File "/usr/local/lib/python3.12/site-packages/sqlalchemy/orm/state.py", line 803, in _load_expired
    self.manager.expired_attribute_loader(self, toload, passive)
  File "/usr/local/lib/python3.12/site-packages/sqlalchemy/orm/loading.py", line 1674, in load_scalar_attributes
    result = load_on_ident(
             ^^^^^^^^^^^^^^
  File "/usr/local/lib/python3.12/site-packages/sqlalchemy/orm/loading.py", line 510, in load_on_ident
    return load_on_pk_identity(
           ^^^^^^^^^^^^^^^^^^^^
  File "/usr/local/lib/python3.12/site-packages/sqlalchemy/orm/loading.py", line 695, in load_on_pk_identity
    session.execute(
  File "/usr/local/lib/python3.12/site-packages/sqlalchemy/orm/session.py", line 2365, in execute
    return self._execute_internal(
           ^^^^^^^^^^^^^^^^^^^^^^^
  File "/usr/local/lib/python3.12/site-packages/sqlalchemy/orm/session.py", line 2251, in _execute_internal
    result: Result[Any] = compile_state_cls.orm_execute_statement(
                          ^^^^^^^^^^^^^^^^^^^^^^^^^^^^^^^^^^^^^^^^
  File "/usr/local/lib/python3.12/site-packages/sqlalchemy/orm/context.py", line 306, in orm_execute_statement
    result = conn.execute(
             ^^^^^^^^^^^^^
  File "/usr/local/lib/python3.12/site-packages/sqlalchemy/engine/base.py", line 1419, in execute
    return meth(
           ^^^^^
  File "/usr/local/lib/python3.12/site-packages/sqlalchemy/sql/elements.py", line 526, in _execute_on_connection
    return connection._execute_clauseelement(
           ^^^^^^^^^^^^^^^^^^^^^^^^^^^^^^^^^^
  File "/usr/local/lib/python3.12/site-packages/sqlalchemy/engine/base.py", line 1641, in _execute_clauseelement
    ret = self._execute_context(
          ^^^^^^^^^^^^^^^^^^^^^^
  File "/usr/local/lib/python3.12/site-packages/sqlalchemy/engine/base.py", line 1846, in _execute_context
    return self._exec_single_context(
           ^^^^^^^^^^^^^^^^^^^^^^^^^^
  File "/usr/local/lib/python3.12/site-packages/sqlalchemy/engine/base.py", line 1986, in _exec_single_context
    self._handle_dbapi_exception(
  File "/usr/local/lib/python3.12/site-packages/sqlalchemy/engine/base.py", line 2358, in _handle_dbapi_exception
    raise exc_info[1].with_traceback(exc_info[2])
  File "/usr/local/lib/python3.12/site-packages/sqlalchemy/engine/base.py", line 1967, in _exec_single_context
    self.dialect.do_execute(
  File "/usr/local/lib/python3.12/site-packages/sqlalchemy/engine/default.py", line 951, in do_execute
    cursor.execute(statement, parameters)
  File "/usr/local/lib/python3.12/site-packages/sqlalchemy/dialects/postgresql/asyncpg.py", line 580, in execute
    self._adapt_connection.await_(
  File "/usr/local/lib/python3.12/site-packages/sqlalchemy/util/_concurrency_py3k.py", line 123, in await_only
    raise exc.MissingGreenlet(
sqlalchemy.exc.MissingGreenlet: greenlet_spawn has not been called; can't call await_only() here. Was IO attempted in 
an unexpected place? (Background on this error at: https://sqlalche.me/e/20/xd2s)
{"ts": "2026-03-17T23:47:47.008691+00:00", "level": "ERROR", "logger": "app.main", "message": "http.request_failed", 
"event": "http.request_failed", "method": "POST", "path": "/orders", "status_code": 500, "elapsed_ms": 376.98, 
"request_id": "e111f74d-2d4b-468d-9a4d-1476e41d2547"}
ERROR:    Exception in ASGI application
  + Exception Group Traceback (most recent call last):
  |   File "/usr/local/lib/python3.12/site-packages/starlette/_utils.py", line 79, in collapse_excgroups
  |     yield
  |   File "/usr/local/lib/python3.12/site-packages/starlette/middleware/base.py", line 183, in __call__
  |     async with anyio.create_task_group() as task_group:
  |                ^^^^^^^^^^^^^^^^^^^^^^^^^
  |   File "/usr/local/lib/python3.12/site-packages/anyio/_backends/_asyncio.py", line 783, in __aexit__
  |     raise BaseExceptionGroup(
  | ExceptionGroup: unhandled errors in a TaskGroup (1 sub-exception)
  +-+---------------- 1 ----------------
    | Traceback (most recent call last):
    |   File "/usr/local/lib/python3.12/site-packages/uvicorn/protocols/http/httptools_impl.py", line 409, in run_asgi
    |     result = await app(  # type: ignore[func-returns-value]
    |              ^^^^^^^^^^^^^^^^^^^^^^^^^^^^^^^^^^^^^^^^^^^^^^
    |   File "/usr/local/lib/python3.12/site-packages/uvicorn/middleware/proxy_headers.py", line 60, in __call__
    |     return await self.app(scope, receive, send)
    |            ^^^^^^^^^^^^^^^^^^^^^^^^^^^^^^^^^^^^
    |   File "/usr/local/lib/python3.12/site-packages/fastapi/applications.py", line 1054, in __call__
    |     await super().__call__(scope, receive, send)
    |   File "/usr/local/lib/python3.12/site-packages/starlette/applications.py", line 113, in __call__
    |     await self.middleware_stack(scope, receive, send)
    |   File "/usr/local/lib/python3.12/site-packages/starlette/middleware/errors.py", line 186, in __call__
    |     raise exc
    |   File "/usr/local/lib/python3.12/site-packages/starlette/middleware/errors.py", line 164, in __call__
    |     await self.app(scope, receive, _send)
    |   File "/usr/local/lib/python3.12/site-packages/starlette/middleware/base.py", line 182, in __call__
    |     with recv_stream, send_stream, collapse_excgroups():
    |                                    ^^^^^^^^^^^^^^^^^^^^
    |   File "/usr/local/lib/python3.12/contextlib.py", line 158, in __exit__
    |     self.gen.throw(value)
    |   File "/usr/local/lib/python3.12/site-packages/starlette/_utils.py", line 85, in collapse_excgroups
    |     raise exc
    |   File "/usr/local/lib/python3.12/site-packages/starlette/middleware/base.py", line 184, in __call__
    |     response = await self.dispatch_func(request, call_next)
    |                ^^^^^^^^^^^^^^^^^^^^^^^^^^^^^^^^^^^^^^^^^^^^
    |   File "/app/app/main.py", line 35, in request_context_middleware
    |     response = await call_next(request)
    |                ^^^^^^^^^^^^^^^^^^^^^^^^
    |   File "/usr/local/lib/python3.12/site-packages/starlette/middleware/base.py", line 159, in call_next
    |     raise app_exc
    |   File "/usr/local/lib/python3.12/site-packages/starlette/middleware/base.py", line 144, in coro
    |     await self.app(scope, receive_or_disconnect, send_no_error)
    |   File "/usr/local/lib/python3.12/site-packages/starlette/middleware/exceptions.py", line 63, in __call__
    |     await wrap_app_handling_exceptions(self.app, conn)(scope, receive, send)
    |   File "/usr/local/lib/python3.12/site-packages/starlette/_exception_handler.py", line 53, in wrapped_app
    |     raise exc
    |   File "/usr/local/lib/python3.12/site-packages/starlette/_exception_handler.py", line 42, in wrapped_app
    |     await app(scope, receive, sender)
    |   File "/usr/local/lib/python3.12/site-packages/starlette/routing.py", line 716, in __call__
    |     await self.middleware_stack(scope, receive, send)
    |   File "/usr/local/lib/python3.12/site-packages/starlette/routing.py", line 736, in app
    |     await route.handle(scope, receive, send)
    |   File "/usr/local/lib/python3.12/site-packages/starlette/routing.py", line 290, in handle
    |     await self.app(scope, receive, send)
    |   File "/usr/local/lib/python3.12/site-packages/starlette/routing.py", line 78, in app
    |     await wrap_app_handling_exceptions(app, request)(scope, receive, send)
    |   File "/usr/local/lib/python3.12/site-packages/starlette/_exception_handler.py", line 53, in wrapped_app
    |     raise exc
    |   File "/usr/local/lib/python3.12/site-packages/starlette/_exception_handler.py", line 42, in wrapped_app
    |     await app(scope, receive, sender)
    |   File "/usr/local/lib/python3.12/site-packages/starlette/routing.py", line 75, in app
    |     response = await f(request)
    |                ^^^^^^^^^^^^^^^^
    |   File "/usr/local/lib/python3.12/site-packages/fastapi/routing.py", line 302, in app
    |     raw_response = await run_endpoint_function(
    |                    ^^^^^^^^^^^^^^^^^^^^^^^^^^^^
    |   File "/usr/local/lib/python3.12/site-packages/fastapi/routing.py", line 213, in run_endpoint_function
    |     return await dependant.call(**values)
    |            ^^^^^^^^^^^^^^^^^^^^^^^^^^^^^^
INFO:     172.19.0.1:34368 - "POST /orders HTTP/1.1" 500 Internal Server Error
    |   File "/app/app/api/routes/orders.py", line 55, in create_order_endpoint
    |     order = await create_order(db, current_user, payload)
    |             ^^^^^^^^^^^^^^^^^^^^^^^^^^^^^^^^^^^^^^^^^^^^^
    |   File "/app/app/services/order_service.py", line 234, in create_order
    |     user_id=user.id,
    |             ^^^^^^^
    |   File "/usr/local/lib/python3.12/site-packages/sqlalchemy/orm/attributes.py", line 569, in __get__
    |     return self.impl.get(state, dict_)  # type: ignore[no-any-return]
    |            ^^^^^^^^^^^^^^^^^^^^^^^^^^^
    |   File "/usr/local/lib/python3.12/site-packages/sqlalchemy/orm/attributes.py", line 1096, in get
    |     value = self._fire_loader_callables(state, key, passive)
    |             ^^^^^^^^^^^^^^^^^^^^^^^^^^^^^^^^^^^^^^^^^^^^^^^^
    |   File "/usr/local/lib/python3.12/site-packages/sqlalchemy/orm/attributes.py", line 1126, in 
_fire_loader_callables
    |     return state._load_expired(state, passive)
    |            ^^^^^^^^^^^^^^^^^^^^^^^^^^^^^^^^^^^
    |   File "/usr/local/lib/python3.12/site-packages/sqlalchemy/orm/state.py", line 803, in _load_expired
    |     self.manager.expired_attribute_loader(self, toload, passive)
    |   File "/usr/local/lib/python3.12/site-packages/sqlalchemy/orm/loading.py", line 1674, in load_scalar_attributes
    |     result = load_on_ident(
    |              ^^^^^^^^^^^^^^
    |   File "/usr/local/lib/python3.12/site-packages/sqlalchemy/orm/loading.py", line 510, in load_on_ident
    |     return load_on_pk_identity(
    |            ^^^^^^^^^^^^^^^^^^^^
    |   File "/usr/local/lib/python3.12/site-packages/sqlalchemy/orm/loading.py", line 695, in load_on_pk_identity
    |     session.execute(
    |   File "/usr/local/lib/python3.12/site-packages/sqlalchemy/orm/session.py", line 2365, in execute
    |     return self._execute_internal(
    |            ^^^^^^^^^^^^^^^^^^^^^^^
    |   File "/usr/local/lib/python3.12/site-packages/sqlalchemy/orm/session.py", line 2251, in _execute_internal
    |     result: Result[Any] = compile_state_cls.orm_execute_statement(
    |                           ^^^^^^^^^^^^^^^^^^^^^^^^^^^^^^^^^^^^^^^^
    |   File "/usr/local/lib/python3.12/site-packages/sqlalchemy/orm/context.py", line 306, in orm_execute_statement
    |     result = conn.execute(
    |              ^^^^^^^^^^^^^
    |   File "/usr/local/lib/python3.12/site-packages/sqlalchemy/engine/base.py", line 1419, in execute
    |     return meth(
    |            ^^^^^
    |   File "/usr/local/lib/python3.12/site-packages/sqlalchemy/sql/elements.py", line 526, in _execute_on_connection
    |     return connection._execute_clauseelement(
    |            ^^^^^^^^^^^^^^^^^^^^^^^^^^^^^^^^^^
    |   File "/usr/local/lib/python3.12/site-packages/sqlalchemy/engine/base.py", line 1641, in _execute_clauseelement
    |     ret = self._execute_context(
    |           ^^^^^^^^^^^^^^^^^^^^^^
    |   File "/usr/local/lib/python3.12/site-packages/sqlalchemy/engine/base.py", line 1846, in _execute_context
    |     return self._exec_single_context(
    |            ^^^^^^^^^^^^^^^^^^^^^^^^^^
    |   File "/usr/local/lib/python3.12/site-packages/sqlalchemy/engine/base.py", line 1986, in _exec_single_context
    |     self._handle_dbapi_exception(
    |   File "/usr/local/lib/python3.12/site-packages/sqlalchemy/engine/base.py", line 2358, in _handle_dbapi_exception
    |     raise exc_info[1].with_traceback(exc_info[2])
    |   File "/usr/local/lib/python3.12/site-packages/sqlalchemy/engine/base.py", line 1967, in _exec_single_context
    |     self.dialect.do_execute(
    |   File "/usr/local/lib/python3.12/site-packages/sqlalchemy/engine/default.py", line 951, in do_execute
    |     cursor.execute(statement, parameters)
    |   File "/usr/local/lib/python3.12/site-packages/sqlalchemy/dialects/postgresql/asyncpg.py", line 580, in execute
    |     self._adapt_connection.await_(
    |   File "/usr/local/lib/python3.12/site-packages/sqlalchemy/util/_concurrency_py3k.py", line 123, in await_only
    |     raise exc.MissingGreenlet(
    | sqlalchemy.exc.MissingGreenlet: greenlet_spawn has not been called; can't call await_only() here. Was IO 
attempted in an unexpected place? (Background on this error at: https://sqlalche.me/e/20/xd2s)
    +------------------------------------

During handling of the above exception, another exception occurred:

Traceback (most recent call last):
  File "/usr/local/lib/python3.12/site-packages/uvicorn/protocols/http/httptools_impl.py", line 409, in run_asgi
    result = await app(  # type: ignore[func-returns-value]
             ^^^^^^^^^^^^^^^^^^^^^^^^^^^^^^^^^^^^^^^^^^^^^^
  File "/usr/local/lib/python3.12/site-packages/uvicorn/middleware/proxy_headers.py", line 60, in __call__
    return await self.app(scope, receive, send)
           ^^^^^^^^^^^^^^^^^^^^^^^^^^^^^^^^^^^^
  File "/usr/local/lib/python3.12/site-packages/fastapi/applications.py", line 1054, in __call__
    await super().__call__(scope, receive, send)
  File "/usr/local/lib/python3.12/site-packages/starlette/applications.py", line 113, in __call__
    await self.middleware_stack(scope, receive, send)
  File "/usr/local/lib/python3.12/site-packages/starlette/middleware/errors.py", line 186, in __call__
    raise exc
  File "/usr/local/lib/python3.12/site-packages/starlette/middleware/errors.py", line 164, in __call__
    await self.app(scope, receive, _send)
  File "/usr/local/lib/python3.12/site-packages/starlette/middleware/base.py", line 182, in __call__
    with recv_stream, send_stream, collapse_excgroups():
                                   ^^^^^^^^^^^^^^^^^^^^
  File "/usr/local/lib/python3.12/contextlib.py", line 158, in __exit__
    self.gen.throw(value)
  File "/usr/local/lib/python3.12/site-packages/starlette/_utils.py", line 85, in collapse_excgroups
    raise exc
  File "/usr/local/lib/python3.12/site-packages/starlette/middleware/base.py", line 184, in __call__
    response = await self.dispatch_func(request, call_next)
               ^^^^^^^^^^^^^^^^^^^^^^^^^^^^^^^^^^^^^^^^^^^^
  File "/app/app/main.py", line 35, in request_context_middleware
    response = await call_next(request)
               ^^^^^^^^^^^^^^^^^^^^^^^^
  File "/usr/local/lib/python3.12/site-packages/starlette/middleware/base.py", line 159, in call_next
    raise app_exc
  File "/usr/local/lib/python3.12/site-packages/starlette/middleware/base.py", line 144, in coro
    await self.app(scope, receive_or_disconnect, send_no_error)
  File "/usr/local/lib/python3.12/site-packages/starlette/middleware/exceptions.py", line 63, in __call__
    await wrap_app_handling_exceptions(self.app, conn)(scope, receive, send)
  File "/usr/local/lib/python3.12/site-packages/starlette/_exception_handler.py", line 53, in wrapped_app
    raise exc
  File "/usr/local/lib/python3.12/site-packages/starlette/_exception_handler.py", line 42, in wrapped_app
    await app(scope, receive, sender)
  File "/usr/local/lib/python3.12/site-packages/starlette/routing.py", line 716, in __call__
    await self.middleware_stack(scope, receive, send)
  File "/usr/local/lib/python3.12/site-packages/starlette/routing.py", line 736, in app
    await route.handle(scope, receive, send)
  File "/usr/local/lib/python3.12/site-packages/starlette/routing.py", line 290, in handle
    await self.app(scope, receive, send)
  File "/usr/local/lib/python3.12/site-packages/starlette/routing.py", line 78, in app
    await wrap_app_handling_exceptions(app, request)(scope, receive, send)
  File "/usr/local/lib/python3.12/site-packages/starlette/_exception_handler.py", line 53, in wrapped_app
    raise exc
  File "/usr/local/lib/python3.12/site-packages/starlette/_exception_handler.py", line 42, in wrapped_app
    await app(scope, receive, sender)
  File "/usr/local/lib/python3.12/site-packages/starlette/routing.py", line 75, in app
    response = await f(request)
               ^^^^^^^^^^^^^^^^
  File "/usr/local/lib/python3.12/site-packages/fastapi/routing.py", line 302, in app
    raw_response = await run_endpoint_function(
                   ^^^^^^^^^^^^^^^^^^^^^^^^^^^^
  File "/usr/local/lib/python3.12/site-packages/fastapi/routing.py", line 213, in run_endpoint_function
    return await dependant.call(**values)
           ^^^^^^^^^^^^^^^^^^^^^^^^^^^^^^
  File "/app/app/api/routes/orders.py", line 55, in create_order_endpoint
    order = await create_order(db, current_user, payload)
            ^^^^^^^^^^^^^^^^^^^^^^^^^^^^^^^^^^^^^^^^^^^^^
  File "/app/app/services/order_service.py", line 234, in create_order
    user_id=user.id,
            ^^^^^^^
  File "/usr/local/lib/python3.12/site-packages/sqlalchemy/orm/attributes.py", line 569, in __get__
    return self.impl.get(state, dict_)  # type: ignore[no-any-return]
           ^^^^^^^^^^^^^^^^^^^^^^^^^^^
  File "/usr/local/lib/python3.12/site-packages/sqlalchemy/orm/attributes.py", line 1096, in get
    value = self._fire_loader_callables(state, key, passive)
            ^^^^^^^^^^^^^^^^^^^^^^^^^^^^^^^^^^^^^^^^^^^^^^^^
  File "/usr/local/lib/python3.12/site-packages/sqlalchemy/orm/attributes.py", line 1126, in _fire_loader_callables
    return state._load_expired(state, passive)
           ^^^^^^^^^^^^^^^^^^^^^^^^^^^^^^^^^^^
  File "/usr/local/lib/python3.12/site-packages/sqlalchemy/orm/state.py", line 803, in _load_expired
    self.manager.expired_attribute_loader(self, toload, passive)
  File "/usr/local/lib/python3.12/site-packages/sqlalchemy/orm/loading.py", line 1674, in load_scalar_attributes
    result = load_on_ident(
             ^^^^^^^^^^^^^^
  File "/usr/local/lib/python3.12/site-packages/sqlalchemy/orm/loading.py", line 510, in load_on_ident
    return load_on_pk_identity(
           ^^^^^^^^^^^^^^^^^^^^
  File "/usr/local/lib/python3.12/site-packages/sqlalchemy/orm/loading.py", line 695, in load_on_pk_identity
    session.execute(
  File "/usr/local/lib/python3.12/site-packages/sqlalchemy/orm/session.py", line 2365, in execute
    return self._execute_internal(
           ^^^^^^^^^^^^^^^^^^^^^^^
  File "/usr/local/lib/python3.12/site-packages/sqlalchemy/orm/session.py", line 2251, in _execute_internal
    result: Result[Any] = compile_state_cls.orm_execute_statement(
                          ^^^^^^^^^^^^^^^^^^^^^^^^^^^^^^^^^^^^^^^^
  File "/usr/local/lib/python3.12/site-packages/sqlalchemy/orm/context.py", line 306, in orm_execute_statement
    result = conn.execute(
             ^^^^^^^^^^^^^
  File "/usr/local/lib/python3.12/site-packages/sqlalchemy/engine/base.py", line 1419, in execute
    return meth(
           ^^^^^
  File "/usr/local/lib/python3.12/site-packages/sqlalchemy/sql/elements.py", line 526, in _execute_on_connection
    return connection._execute_clauseelement(
           ^^^^^^^^^^^^^^^^^^^^^^^^^^^^^^^^^^
  File "/usr/local/lib/python3.12/site-packages/sqlalchemy/engine/base.py", line 1641, in _execute_clauseelement
    ret = self._execute_context(
          ^^^^^^^^^^^^^^^^^^^^^^
  File "/usr/local/lib/python3.12/site-packages/sqlalchemy/engine/base.py", line 1846, in _execute_context
    return self._exec_single_context(
INFO:     172.19.0.1:34356 - "POST /orders HTTP/1.1" 500 Internal Server Error
           ^^^^^^^^^^^^^^^^^^^^^^^^^^
  File "/usr/local/lib/python3.12/site-packages/sqlalchemy/engine/base.py", line 1986, in _exec_single_context
    self._handle_dbapi_exception(
  File "/usr/local/lib/python3.12/site-packages/sqlalchemy/engine/base.py", line 2358, in _handle_dbapi_exception
    raise exc_info[1].with_traceback(exc_info[2])
  File "/usr/local/lib/python3.12/site-packages/sqlalchemy/engine/base.py", line 1967, in _exec_single_context
    self.dialect.do_execute(
  File "/usr/local/lib/python3.12/site-packages/sqlalchemy/engine/default.py", line 951, in do_execute
    cursor.execute(statement, parameters)
  File "/usr/local/lib/python3.12/site-packages/sqlalchemy/dialects/postgresql/asyncpg.py", line 580, in execute
    self._adapt_connection.await_(
  File "/usr/local/lib/python3.12/site-packages/sqlalchemy/util/_concurrency_py3k.py", line 123, in await_only
    raise exc.MissingGreenlet(
sqlalchemy.exc.MissingGreenlet: greenlet_spawn has not been called; can't call await_only() here. Was IO attempted in 
an unexpected place? (Background on this error at: https://sqlalche.me/e/20/xd2s)
{"ts": "2026-03-17T23:47:47.040937+00:00", "level": "ERROR", "logger": "app.main", "message": "http.request_failed", 
"event": "http.request_failed", "method": "POST", "path": "/orders", "status_code": 500, "elapsed_ms": 411.19, 
"request_id": "9e559e64-7eb1-4517-97b7-a015c96b55eb"}
ERROR:    Exception in ASGI application
  + Exception Group Traceback (most recent call last):
  |   File "/usr/local/lib/python3.12/site-packages/starlette/_utils.py", line 79, in collapse_excgroups
  |     yield
  |   File "/usr/local/lib/python3.12/site-packages/starlette/middleware/base.py", line 183, in __call__
  |     async with anyio.create_task_group() as task_group:
  |                ^^^^^^^^^^^^^^^^^^^^^^^^^
  |   File "/usr/local/lib/python3.12/site-packages/anyio/_backends/_asyncio.py", line 783, in __aexit__
  |     raise BaseExceptionGroup(
  | ExceptionGroup: unhandled errors in a TaskGroup (1 sub-exception)
  +-+---------------- 1 ----------------
    | Traceback (most recent call last):
    |   File "/usr/local/lib/python3.12/site-packages/uvicorn/protocols/http/httptools_impl.py", line 409, in run_asgi
    |     result = await app(  # type: ignore[func-returns-value]
    |              ^^^^^^^^^^^^^^^^^^^^^^^^^^^^^^^^^^^^^^^^^^^^^^
    |   File "/usr/local/lib/python3.12/site-packages/uvicorn/middleware/proxy_headers.py", line 60, in __call__
    |     return await self.app(scope, receive, send)
    |            ^^^^^^^^^^^^^^^^^^^^^^^^^^^^^^^^^^^^
    |   File "/usr/local/lib/python3.12/site-packages/fastapi/applications.py", line 1054, in __call__
    |     await super().__call__(scope, receive, send)
    |   File "/usr/local/lib/python3.12/site-packages/starlette/applications.py", line 113, in __call__
    |     await self.middleware_stack(scope, receive, send)
    |   File "/usr/local/lib/python3.12/site-packages/starlette/middleware/errors.py", line 186, in __call__
    |     raise exc
    |   File "/usr/local/lib/python3.12/site-packages/starlette/middleware/errors.py", line 164, in __call__
    |     await self.app(scope, receive, _send)
    |   File "/usr/local/lib/python3.12/site-packages/starlette/middleware/base.py", line 182, in __call__
    |     with recv_stream, send_stream, collapse_excgroups():
    |                                    ^^^^^^^^^^^^^^^^^^^^
    |   File "/usr/local/lib/python3.12/contextlib.py", line 158, in __exit__
    |     self.gen.throw(value)
    |   File "/usr/local/lib/python3.12/site-packages/starlette/_utils.py", line 85, in collapse_excgroups
    |     raise exc
    |   File "/usr/local/lib/python3.12/site-packages/starlette/middleware/base.py", line 184, in __call__
    |     response = await self.dispatch_func(request, call_next)
    |                ^^^^^^^^^^^^^^^^^^^^^^^^^^^^^^^^^^^^^^^^^^^^
    |   File "/app/app/main.py", line 35, in request_context_middleware
    |     response = await call_next(request)
    |                ^^^^^^^^^^^^^^^^^^^^^^^^
    |   File "/usr/local/lib/python3.12/site-packages/starlette/middleware/base.py", line 159, in call_next
    |     raise app_exc
    |   File "/usr/local/lib/python3.12/site-packages/starlette/middleware/base.py", line 144, in coro
    |     await self.app(scope, receive_or_disconnect, send_no_error)
    |   File "/usr/local/lib/python3.12/site-packages/starlette/middleware/exceptions.py", line 63, in __call__
    |     await wrap_app_handling_exceptions(self.app, conn)(scope, receive, send)
    |   File "/usr/local/lib/python3.12/site-packages/starlette/_exception_handler.py", line 53, in wrapped_app
    |     raise exc
    |   File "/usr/local/lib/python3.12/site-packages/starlette/_exception_handler.py", line 42, in wrapped_app
    |     await app(scope, receive, sender)
    |   File "/usr/local/lib/python3.12/site-packages/starlette/routing.py", line 716, in __call__
    |     await self.middleware_stack(scope, receive, send)
    |   File "/usr/local/lib/python3.12/site-packages/starlette/routing.py", line 736, in app
    |     await route.handle(scope, receive, send)
    |   File "/usr/local/lib/python3.12/site-packages/starlette/routing.py", line 290, in handle
    |     await self.app(scope, receive, send)
    |   File "/usr/local/lib/python3.12/site-packages/starlette/routing.py", line 78, in app
    |     await wrap_app_handling_exceptions(app, request)(scope, receive, send)
    |   File "/usr/local/lib/python3.12/site-packages/starlette/_exception_handler.py", line 53, in wrapped_app
    |     raise exc
    |   File "/usr/local/lib/python3.12/site-packages/starlette/_exception_handler.py", line 42, in wrapped_app
    |     await app(scope, receive, sender)
    |   File "/usr/local/lib/python3.12/site-packages/starlette/routing.py", line 75, in app
    |     response = await f(request)
    |                ^^^^^^^^^^^^^^^^
    |   File "/usr/local/lib/python3.12/site-packages/fastapi/routing.py", line 302, in app
    |     raw_response = await run_endpoint_function(
    |                    ^^^^^^^^^^^^^^^^^^^^^^^^^^^^
    |   File "/usr/local/lib/python3.12/site-packages/fastapi/routing.py", line 213, in run_endpoint_function
    |     return await dependant.call(**values)
    |            ^^^^^^^^^^^^^^^^^^^^^^^^^^^^^^
    |   File "/app/app/api/routes/orders.py", line 55, in create_order_endpoint
    |     order = await create_order(db, current_user, payload)
    |             ^^^^^^^^^^^^^^^^^^^^^^^^^^^^^^^^^^^^^^^^^^^^^
    |   File "/app/app/services/order_service.py", line 234, in create_order
    |     user_id=user.id,
    |             ^^^^^^^
    |   File "/usr/local/lib/python3.12/site-packages/sqlalchemy/orm/attributes.py", line 569, in __get__
    |     return self.impl.get(state, dict_)  # type: ignore[no-any-return]
    |            ^^^^^^^^^^^^^^^^^^^^^^^^^^^
    |   File "/usr/local/lib/python3.12/site-packages/sqlalchemy/orm/attributes.py", line 1096, in get
    |     value = self._fire_loader_callables(state, key, passive)
    |             ^^^^^^^^^^^^^^^^^^^^^^^^^^^^^^^^^^^^^^^^^^^^^^^^
    |   File "/usr/local/lib/python3.12/site-packages/sqlalchemy/orm/attributes.py", line 1126, in 
_fire_loader_callables
    |     return state._load_expired(state, passive)
    |            ^^^^^^^^^^^^^^^^^^^^^^^^^^^^^^^^^^^
    |   File "/usr/local/lib/python3.12/site-packages/sqlalchemy/orm/state.py", line 803, in _load_expired
    |     self.manager.expired_attribute_loader(self, toload, passive)
    |   File "/usr/local/lib/python3.12/site-packages/sqlalchemy/orm/loading.py", line 1674, in load_scalar_attributes
    |     result = load_on_ident(
    |              ^^^^^^^^^^^^^^
    |   File "/usr/local/lib/python3.12/site-packages/sqlalchemy/orm/loading.py", line 510, in load_on_ident
    |     return load_on_pk_identity(
    |            ^^^^^^^^^^^^^^^^^^^^
    |   File "/usr/local/lib/python3.12/site-packages/sqlalchemy/orm/loading.py", line 695, in load_on_pk_identity
    |     session.execute(
    |   File "/usr/local/lib/python3.12/site-packages/sqlalchemy/orm/session.py", line 2365, in execute
    |     return self._execute_internal(
    |            ^^^^^^^^^^^^^^^^^^^^^^^
    |   File "/usr/local/lib/python3.12/site-packages/sqlalchemy/orm/session.py", line 2251, in _execute_internal
    |     result: Result[Any] = compile_state_cls.orm_execute_statement(
    |                           ^^^^^^^^^^^^^^^^^^^^^^^^^^^^^^^^^^^^^^^^
    |   File "/usr/local/lib/python3.12/site-packages/sqlalchemy/orm/context.py", line 306, in orm_execute_statement
    |     result = conn.execute(
    |              ^^^^^^^^^^^^^
    |   File "/usr/local/lib/python3.12/site-packages/sqlalchemy/engine/base.py", line 1419, in execute
    |     return meth(
    |            ^^^^^
    |   File "/usr/local/lib/python3.12/site-packages/sqlalchemy/sql/elements.py", line 526, in _execute_on_connection
    |     return connection._execute_clauseelement(
    |            ^^^^^^^^^^^^^^^^^^^^^^^^^^^^^^^^^^
    |   File "/usr/local/lib/python3.12/site-packages/sqlalchemy/engine/base.py", line 1641, in _execute_clauseelement
    |     ret = self._execute_context(
    |           ^^^^^^^^^^^^^^^^^^^^^^
    |   File "/usr/local/lib/python3.12/site-packages/sqlalchemy/engine/base.py", line 1846, in _execute_context
    |     return self._exec_single_context(
    |            ^^^^^^^^^^^^^^^^^^^^^^^^^^
    |   File "/usr/local/lib/python3.12/site-packages/sqlalchemy/engine/base.py", line 1986, in _exec_single_context
    |     self._handle_dbapi_exception(
    |   File "/usr/local/lib/python3.12/site-packages/sqlalchemy/engine/base.py", line 2358, in _handle_dbapi_exception
    |     raise exc_info[1].with_traceback(exc_info[2])
    |   File "/usr/local/lib/python3.12/site-packages/sqlalchemy/engine/base.py", line 1967, in _exec_single_context
    |     self.dialect.do_execute(
    |   File "/usr/local/lib/python3.12/site-packages/sqlalchemy/engine/default.py", line 951, in do_execute
    |     cursor.execute(statement, parameters)
    |   File "/usr/local/lib/python3.12/site-packages/sqlalchemy/dialects/postgresql/asyncpg.py", line 580, in execute
    |     self._adapt_connection.await_(
    |   File "/usr/local/lib/python3.12/site-packages/sqlalchemy/util/_concurrency_py3k.py", line 123, in await_only
    |     raise exc.MissingGreenlet(
    | sqlalchemy.exc.MissingGreenlet: greenlet_spawn has not been called; can't call await_only() here. Was IO 
attempted in an unexpected place? (Background on this error at: https://sqlalche.me/e/20/xd2s)
    +------------------------------------

During handling of the above exception, another exception occurred:

Traceback (most recent call last):
  File "/usr/local/lib/python3.12/site-packages/uvicorn/protocols/http/httptools_impl.py", line 409, in run_asgi
    result = await app(  # type: ignore[func-returns-value]
             ^^^^^^^^^^^^^^^^^^^^^^^^^^^^^^^^^^^^^^^^^^^^^^
  File "/usr/local/lib/python3.12/site-packages/uvicorn/middleware/proxy_headers.py", line 60, in __call__
    return await self.app(scope, receive, send)
           ^^^^^^^^^^^^^^^^^^^^^^^^^^^^^^^^^^^^
  File "/usr/local/lib/python3.12/site-packages/fastapi/applications.py", line 1054, in __call__
    await super().__call__(scope, receive, send)
  File "/usr/local/lib/python3.12/site-packages/starlette/applications.py", line 113, in __call__
    await self.middleware_stack(scope, receive, send)
  File "/usr/local/lib/python3.12/site-packages/starlette/middleware/errors.py", line 186, in __call__
    raise exc
  File "/usr/local/lib/python3.12/site-packages/starlette/middleware/errors.py", line 164, in __call__
    await self.app(scope, receive, _send)
  File "/usr/local/lib/python3.12/site-packages/starlette/middleware/base.py", line 182, in __call__
    with recv_stream, send_stream, collapse_excgroups():
                                   ^^^^^^^^^^^^^^^^^^^^
  File "/usr/local/lib/python3.12/contextlib.py", line 158, in __exit__
    self.gen.throw(value)
  File "/usr/local/lib/python3.12/site-packages/starlette/_utils.py", line 85, in collapse_excgroups
    raise exc
  File "/usr/local/lib/python3.12/site-packages/starlette/middleware/base.py", line 184, in __call__
    response = await self.dispatch_func(request, call_next)
               ^^^^^^^^^^^^^^^^^^^^^^^^^^^^^^^^^^^^^^^^^^^^
  File "/app/app/main.py", line 35, in request_context_middleware
    response = await call_next(request)
               ^^^^^^^^^^^^^^^^^^^^^^^^
  File "/usr/local/lib/python3.12/site-packages/starlette/middleware/base.py", line 159, in call_next
    raise app_exc
  File "/usr/local/lib/python3.12/site-packages/starlette/middleware/base.py", line 144, in coro
    await self.app(scope, receive_or_disconnect, send_no_error)
  File "/usr/local/lib/python3.12/site-packages/starlette/middleware/exceptions.py", line 63, in __call__
    await wrap_app_handling_exceptions(self.app, conn)(scope, receive, send)
  File "/usr/local/lib/python3.12/site-packages/starlette/_exception_handler.py", line 53, in wrapped_app
    raise exc
  File "/usr/local/lib/python3.12/site-packages/starlette/_exception_handler.py", line 42, in wrapped_app
    await app(scope, receive, sender)
  File "/usr/local/lib/python3.12/site-packages/starlette/routing.py", line 716, in __call__
    await self.middleware_stack(scope, receive, send)
  File "/usr/local/lib/python3.12/site-packages/starlette/routing.py", line 736, in app
    await route.handle(scope, receive, send)
  File "/usr/local/lib/python3.12/site-packages/starlette/routing.py", line 290, in handle
    await self.app(scope, receive, send)
  File "/usr/local/lib/python3.12/site-packages/starlette/routing.py", line 78, in app
    await wrap_app_handling_exceptions(app, request)(scope, receive, send)
  File "/usr/local/lib/python3.12/site-packages/starlette/_exception_handler.py", line 53, in wrapped_app
    raise exc
  File "/usr/local/lib/python3.12/site-packages/starlette/_exception_handler.py", line 42, in wrapped_app
    await app(scope, receive, sender)
  File "/usr/local/lib/python3.12/site-packages/starlette/routing.py", line 75, in app
    response = await f(request)
               ^^^^^^^^^^^^^^^^
  File "/usr/local/lib/python3.12/site-packages/fastapi/routing.py", line 302, in app
    raw_response = await run_endpoint_function(
                   ^^^^^^^^^^^^^^^^^^^^^^^^^^^^
  File "/usr/local/lib/python3.12/site-packages/fastapi/routing.py", line 213, in run_endpoint_function
    return await dependant.call(**values)
           ^^^^^^^^^^^^^^^^^^^^^^^^^^^^^^
  File "/app/app/api/routes/orders.py", line 55, in create_order_endpoint
    order = await create_order(db, current_user, payload)
            ^^^^^^^^^^^^^^^^^^^^^^^^^^^^^^^^^^^^^^^^^^^^^
  File "/app/app/services/order_service.py", line 234, in create_order
    user_id=user.id,
            ^^^^^^^
  File "/usr/local/lib/python3.12/site-packages/sqlalchemy/orm/attributes.py", line 569, in __get__
    return self.impl.get(state, dict_)  # type: ignore[no-any-return]
           ^^^^^^^^^^^^^^^^^^^^^^^^^^^
  File "/usr/local/lib/python3.12/site-packages/sqlalchemy/orm/attributes.py", line 1096, in get
    value = self._fire_loader_callables(state, key, passive)
            ^^^^^^^^^^^^^^^^^^^^^^^^^^^^^^^^^^^^^^^^^^^^^^^^
  File "/usr/local/lib/python3.12/site-packages/sqlalchemy/orm/attributes.py", line 1126, in _fire_loader_callables
    return state._load_expired(state, passive)
           ^^^^^^^^^^^^^^^^^^^^^^^^^^^^^^^^^^^
  File "/usr/local/lib/python3.12/site-packages/sqlalchemy/orm/state.py", line 803, in _load_expired
    self.manager.expired_attribute_loader(self, toload, passive)
  File "/usr/local/lib/python3.12/site-packages/sqlalchemy/orm/loading.py", line 1674, in load_scalar_attributes
    result = load_on_ident(
             ^^^^^^^^^^^^^^
  File "/usr/local/lib/python3.12/site-packages/sqlalchemy/orm/loading.py", line 510, in load_on_ident
    return load_on_pk_identity(
           ^^^^^^^^^^^^^^^^^^^^
  File "/usr/local/lib/python3.12/site-packages/sqlalchemy/orm/loading.py", line 695, in load_on_pk_identity
    session.execute(
  File "/usr/local/lib/python3.12/site-packages/sqlalchemy/orm/session.py", line 2365, in execute
    return self._execute_internal(
           ^^^^^^^^^^^^^^^^^^^^^^^
  File "/usr/local/lib/python3.12/site-packages/sqlalchemy/orm/session.py", line 2251, in _execute_internal
    result: Result[Any] = compile_state_cls.orm_execute_statement(
                          ^^^^^^^^^^^^^^^^^^^^^^^^^^^^^^^^^^^^^^^^
  File "/usr/local/lib/python3.12/site-packages/sqlalchemy/orm/context.py", line 306, in orm_execute_statement
    result = conn.execute(
             ^^^^^^^^^^^^^
  File "/usr/local/lib/python3.12/site-packages/sqlalchemy/engine/base.py", line 1419, in execute
    return meth(
           ^^^^^
  File "/usr/local/lib/python3.12/site-packages/sqlalchemy/sql/elements.py", line 526, in _execute_on_connection
    return connection._execute_clauseelement(
           ^^^^^^^^^^^^^^^^^^^^^^^^^^^^^^^^^^
  File "/usr/local/lib/python3.12/site-packages/sqlalchemy/engine/base.py", line 1641, in _execute_clauseelement
    ret = self._execute_context(
          ^^^^^^^^^^^^^^^^^^^^^^
  File "/usr/local/lib/python3.12/site-packages/sqlalchemy/engine/base.py", line 1846, in _execute_context
    return self._exec_single_context(
           ^^^^^^^^^^^^^^^^^^^^^^^^^^
  File "/usr/local/lib/python3.12/site-packages/sqlalchemy/engine/base.py", line 1986, in _exec_single_context
    self._handle_dbapi_exception(
  File "/usr/local/lib/python3.12/site-packages/sqlalchemy/engine/base.py", line 2358, in _handle_dbapi_exception
    raise exc_info[1].with_traceback(exc_info[2])
  File "/usr/local/lib/python3.12/site-packages/sqlalchemy/engine/base.py", line 1967, in _exec_single_context
    self.dialect.do_execute(
  File "/usr/local/lib/python3.12/site-packages/sqlalchemy/engine/default.py", line 951, in do_execute
    cursor.execute(statement, parameters)
  File "/usr/local/lib/python3.12/site-packages/sqlalchemy/dialects/postgresql/asyncpg.py", line 580, in execute
    self._adapt_connection.await_(
  File "/usr/local/lib/python3.12/site-packages/sqlalchemy/util/_concurrency_py3k.py", line 123, in await_only
    raise exc.MissingGreenlet(
sqlalchemy.exc.MissingGreenlet: greenlet_spawn has not been called; can't call await_only() here. Was IO attempted in 
an unexpected place? (Background on this error at: https://sqlalche.me/e/20/xd2s)
{"ts": "2026-03-17T23:47:47.079136+00:00", "level": "INFO", "logger": "app.main", "message": "http.request", "event": 
"http.request", "method": "POST", "path": "/orders", "status_code": 201, "elapsed_ms": 450.29, "request_id": 
"5382464b-fbaa-4e3a-a729-14d27727cc27"}
{"ts": "2026-03-17T23:47:47.117239+00:00", "level": "INFO", "logger": "app.services.order_service", "message": 
"order.created", "event": "order.created", "order_id": "6bf274e2-48f4-400c-94c9-3dced1bc9f6a", "order_number": 17, 
"order_type": "pickup", "status": "NEW", "actor_user_id": "0ce35dca-d398-4600-9607-c80a9c594f93"}
{"ts": "2026-03-17T23:47:47.119115+00:00", "level": "WARNING", "logger": "app.services.order_service", "message": 
"order.number_conflict_retry", "event": "order.number_conflict_retry", "attempt": 1, "actor_user_id": 
"0ce35dca-d398-4600-9607-c80a9c594f93"}
{"ts": "2026-03-17T23:47:47.119742+00:00", "level": "WARNING", "logger": "app.services.order_service", "message": 
"order.number_conflict_retry", "event": "order.number_conflict_retry", "attempt": 1, "actor_user_id": 
"0ce35dca-d398-4600-9607-c80a9c594f93"}
{"ts": "2026-03-17T23:47:47.121750+00:00", "level": "WARNING", "logger": "app.services.order_service", "message": 
"order.number_conflict_retry", "event": "order.number_conflict_retry", "attempt": 1, "actor_user_id": 
"0ce35dca-d398-4600-9607-c80a9c594f93"}
{"ts": "2026-03-17T23:47:47.123775+00:00", "level": "INFO", "logger": "app.main", "message": "http.request", "event": 
"http.request", "method": "GET", "path": "/orders/560699d6-6240-45e4-bee6-ca935301abaf", "status_code": 200, 
"elapsed_ms": 300.64, "request_id": "516194a3-d194-4b11-8d5c-b7102db7dee9"}
{"ts": "2026-03-17T23:47:47.127501+00:00", "level": "INFO", "logger": "app.main", "message": "http.request", "event": 
"http.request", "method": "GET", "path": "/orders/fbce747e-4842-4ea0-879c-6031a6f287d6", "status_code": 200, 
"elapsed_ms": 25.43, "request_id": "e3569176-aac4-46bf-94b7-780d24be0d78"}
{"ts": "2026-03-17T23:47:47.131485+00:00", "level": "INFO", "logger": "app.services.order_service", "message": 
"order.created", "event": "order.created", "order_id": "baf7dee5-73b2-4502-affa-bc586d396964", "order_number": 18, 
"order_type": "pickup", "status": "NEW", "actor_user_id": "0ce35dca-d398-4600-9607-c80a9c594f93"}
{"ts": "2026-03-17T23:47:47.132997+00:00", "level": "ERROR", "logger": "app.main", "message": "http.request_failed", 
"event": "http.request_failed", "method": "POST", "path": "/orders", "status_code": 500, "elapsed_ms": 58.99, 
"request_id": "e524d934-2865-4ac2-a2c0-896eb2091904"}
ERROR:    Exception in ASGI application
  + Exception Group Traceback (most recent call last):
  |   File "/usr/local/lib/python3.12/site-packages/starlette/_utils.py", line 79, in collapse_excgroups
  |     yield
  |   File "/usr/local/lib/python3.12/site-packages/starlette/middleware/base.py", line 183, in __call__
  |     async with anyio.create_task_group() as task_group:
  |                ^^^^^^^^^^^^^^^^^^^^^^^^^
  |   File "/usr/local/lib/python3.12/site-packages/anyio/_backends/_asyncio.py", line 783, in __aexit__
  |     raise BaseExceptionGroup(
  | ExceptionGroup: unhandled errors in a TaskGroup (1 sub-exception)
  +-+---------------- 1 ----------------
    | Traceback (most recent call last):
    |   File "/usr/local/lib/python3.12/site-packages/uvicorn/protocols/http/httptools_impl.py", line 409, in run_asgi
    |     result = await app(  # type: ignore[func-returns-value]
    |              ^^^^^^^^^^^^^^^^^^^^^^^^^^^^^^^^^^^^^^^^^^^^^^
    |   File "/usr/local/lib/python3.12/site-packages/uvicorn/middleware/proxy_headers.py", line 60, in __call__
    |     return await self.app(scope, receive, send)
    |            ^^^^^^^^^^^^^^^^^^^^^^^^^^^^^^^^^^^^
    |   File "/usr/local/lib/python3.12/site-packages/fastapi/applications.py", line 1054, in __call__
    |     await super().__call__(scope, receive, send)
    |   File "/usr/local/lib/python3.12/site-packages/starlette/applications.py", line 113, in __call__
    |     await self.middleware_stack(scope, receive, send)
    |   File "/usr/local/lib/python3.12/site-packages/starlette/middleware/errors.py", line 186, in __call__
    |     raise exc
    |   File "/usr/local/lib/python3.12/site-packages/starlette/middleware/errors.py", line 164, in __call__
    |     await self.app(scope, receive, _send)
    |   File "/usr/local/lib/python3.12/site-packages/starlette/middleware/base.py", line 182, in __call__
    |     with recv_stream, send_stream, collapse_excgroups():
    |                                    ^^^^^^^^^^^^^^^^^^^^
    |   File "/usr/local/lib/python3.12/contextlib.py", line 158, in __exit__
    |     self.gen.throw(value)
    |   File "/usr/local/lib/python3.12/site-packages/starlette/_utils.py", line 85, in collapse_excgroups
    |     raise exc
    |   File "/usr/local/lib/python3.12/site-packages/starlette/middleware/base.py", line 184, in __call__
    |     response = await self.dispatch_func(request, call_next)
    |                ^^^^^^^^^^^^^^^^^^^^^^^^^^^^^^^^^^^^^^^^^^^^
INFO:     172.19.0.1:34336 - "POST /orders HTTP/1.1" 201 Created
INFO:     172.19.0.1:34386 - "GET /orders/560699d6-6240-45e4-bee6-ca935301abaf HTTP/1.1" 200 OK
INFO:     172.19.0.1:34414 - "GET /orders/fbce747e-4842-4ea0-879c-6031a6f287d6 HTTP/1.1" 200 OK
INFO:     172.19.0.1:34406 - "POST /orders HTTP/1.1" 500 Internal Server Error
    |   File "/app/app/main.py", line 35, in request_context_middleware
    |     response = await call_next(request)
    |                ^^^^^^^^^^^^^^^^^^^^^^^^
    |   File "/usr/local/lib/python3.12/site-packages/starlette/middleware/base.py", line 159, in call_next
    |     raise app_exc
    |   File "/usr/local/lib/python3.12/site-packages/starlette/middleware/base.py", line 144, in coro
    |     await self.app(scope, receive_or_disconnect, send_no_error)
    |   File "/usr/local/lib/python3.12/site-packages/starlette/middleware/exceptions.py", line 63, in __call__
    |     await wrap_app_handling_exceptions(self.app, conn)(scope, receive, send)
    |   File "/usr/local/lib/python3.12/site-packages/starlette/_exception_handler.py", line 53, in wrapped_app
    |     raise exc
    |   File "/usr/local/lib/python3.12/site-packages/starlette/_exception_handler.py", line 42, in wrapped_app
    |     await app(scope, receive, sender)
    |   File "/usr/local/lib/python3.12/site-packages/starlette/routing.py", line 716, in __call__
    |     await self.middleware_stack(scope, receive, send)
    |   File "/usr/local/lib/python3.12/site-packages/starlette/routing.py", line 736, in app
    |     await route.handle(scope, receive, send)
    |   File "/usr/local/lib/python3.12/site-packages/starlette/routing.py", line 290, in handle
    |     await self.app(scope, receive, send)
    |   File "/usr/local/lib/python3.12/site-packages/starlette/routing.py", line 78, in app
    |     await wrap_app_handling_exceptions(app, request)(scope, receive, send)
    |   File "/usr/local/lib/python3.12/site-packages/starlette/_exception_handler.py", line 53, in wrapped_app
    |     raise exc
    |   File "/usr/local/lib/python3.12/site-packages/starlette/_exception_handler.py", line 42, in wrapped_app
    |     await app(scope, receive, sender)
    |   File "/usr/local/lib/python3.12/site-packages/starlette/routing.py", line 75, in app
    |     response = await f(request)
    |                ^^^^^^^^^^^^^^^^
    |   File "/usr/local/lib/python3.12/site-packages/fastapi/routing.py", line 302, in app
    |     raw_response = await run_endpoint_function(
    |                    ^^^^^^^^^^^^^^^^^^^^^^^^^^^^
    |   File "/usr/local/lib/python3.12/site-packages/fastapi/routing.py", line 213, in run_endpoint_function
    |     return await dependant.call(**values)
    |            ^^^^^^^^^^^^^^^^^^^^^^^^^^^^^^
    |   File "/app/app/api/routes/orders.py", line 55, in create_order_endpoint
    |     order = await create_order(db, current_user, payload)
    |             ^^^^^^^^^^^^^^^^^^^^^^^^^^^^^^^^^^^^^^^^^^^^^
    |   File "/app/app/services/order_service.py", line 234, in create_order
    |     user_id=user.id,
    |             ^^^^^^^
    |   File "/usr/local/lib/python3.12/site-packages/sqlalchemy/orm/attributes.py", line 569, in __get__
    |     return self.impl.get(state, dict_)  # type: ignore[no-any-return]
    |            ^^^^^^^^^^^^^^^^^^^^^^^^^^^
    |   File "/usr/local/lib/python3.12/site-packages/sqlalchemy/orm/attributes.py", line 1096, in get
    |     value = self._fire_loader_callables(state, key, passive)
    |             ^^^^^^^^^^^^^^^^^^^^^^^^^^^^^^^^^^^^^^^^^^^^^^^^
    |   File "/usr/local/lib/python3.12/site-packages/sqlalchemy/orm/attributes.py", line 1126, in 
_fire_loader_callables
    |     return state._load_expired(state, passive)
    |            ^^^^^^^^^^^^^^^^^^^^^^^^^^^^^^^^^^^
    |   File "/usr/local/lib/python3.12/site-packages/sqlalchemy/orm/state.py", line 803, in _load_expired
    |     self.manager.expired_attribute_loader(self, toload, passive)
    |   File "/usr/local/lib/python3.12/site-packages/sqlalchemy/orm/loading.py", line 1674, in load_scalar_attributes
    |     result = load_on_ident(
    |              ^^^^^^^^^^^^^^
    |   File "/usr/local/lib/python3.12/site-packages/sqlalchemy/orm/loading.py", line 510, in load_on_ident
    |     return load_on_pk_identity(
    |            ^^^^^^^^^^^^^^^^^^^^
    |   File "/usr/local/lib/python3.12/site-packages/sqlalchemy/orm/loading.py", line 695, in load_on_pk_identity
    |     session.execute(
    |   File "/usr/local/lib/python3.12/site-packages/sqlalchemy/orm/session.py", line 2365, in execute
    |     return self._execute_internal(
    |            ^^^^^^^^^^^^^^^^^^^^^^^
    |   File "/usr/local/lib/python3.12/site-packages/sqlalchemy/orm/session.py", line 2251, in _execute_internal
    |     result: Result[Any] = compile_state_cls.orm_execute_statement(
    |                           ^^^^^^^^^^^^^^^^^^^^^^^^^^^^^^^^^^^^^^^^
    |   File "/usr/local/lib/python3.12/site-packages/sqlalchemy/orm/context.py", line 306, in orm_execute_statement
    |     result = conn.execute(
    |              ^^^^^^^^^^^^^
    |   File "/usr/local/lib/python3.12/site-packages/sqlalchemy/engine/base.py", line 1419, in execute
    |     return meth(
    |            ^^^^^
    |   File "/usr/local/lib/python3.12/site-packages/sqlalchemy/sql/elements.py", line 526, in _execute_on_connection
    |     return connection._execute_clauseelement(
    |            ^^^^^^^^^^^^^^^^^^^^^^^^^^^^^^^^^^
    |   File "/usr/local/lib/python3.12/site-packages/sqlalchemy/engine/base.py", line 1641, in _execute_clauseelement
    |     ret = self._execute_context(
    |           ^^^^^^^^^^^^^^^^^^^^^^
    |   File "/usr/local/lib/python3.12/site-packages/sqlalchemy/engine/base.py", line 1846, in _execute_context
    |     return self._exec_single_context(
    |            ^^^^^^^^^^^^^^^^^^^^^^^^^^
    |   File "/usr/local/lib/python3.12/site-packages/sqlalchemy/engine/base.py", line 1986, in _exec_single_context
    |     self._handle_dbapi_exception(
    |   File "/usr/local/lib/python3.12/site-packages/sqlalchemy/engine/base.py", line 2358, in _handle_dbapi_exception
    |     raise exc_info[1].with_traceback(exc_info[2])
    |   File "/usr/local/lib/python3.12/site-packages/sqlalchemy/engine/base.py", line 1967, in _exec_single_context
    |     self.dialect.do_execute(
    |   File "/usr/local/lib/python3.12/site-packages/sqlalchemy/engine/default.py", line 951, in do_execute
    |     cursor.execute(statement, parameters)
    |   File "/usr/local/lib/python3.12/site-packages/sqlalchemy/dialects/postgresql/asyncpg.py", line 580, in execute
    |     self._adapt_connection.await_(
    |   File "/usr/local/lib/python3.12/site-packages/sqlalchemy/util/_concurrency_py3k.py", line 123, in await_only
    |     raise exc.MissingGreenlet(
    | sqlalchemy.exc.MissingGreenlet: greenlet_spawn has not been called; can't call await_only() here. Was IO 
attempted in an unexpected place? (Background on this error at: https://sqlalche.me/e/20/xd2s)
    +------------------------------------

During handling of the above exception, another exception occurred:

Traceback (most recent call last):
  File "/usr/local/lib/python3.12/site-packages/uvicorn/protocols/http/httptools_impl.py", line 409, in run_asgi
    result = await app(  # type: ignore[func-returns-value]
             ^^^^^^^^^^^^^^^^^^^^^^^^^^^^^^^^^^^^^^^^^^^^^^
  File "/usr/local/lib/python3.12/site-packages/uvicorn/middleware/proxy_headers.py", line 60, in __call__
    return await self.app(scope, receive, send)
           ^^^^^^^^^^^^^^^^^^^^^^^^^^^^^^^^^^^^
  File "/usr/local/lib/python3.12/site-packages/fastapi/applications.py", line 1054, in __call__
    await super().__call__(scope, receive, send)
  File "/usr/local/lib/python3.12/site-packages/starlette/applications.py", line 113, in __call__
    await self.middleware_stack(scope, receive, send)
  File "/usr/local/lib/python3.12/site-packages/starlette/middleware/errors.py", line 186, in __call__
    raise exc
  File "/usr/local/lib/python3.12/site-packages/starlette/middleware/errors.py", line 164, in __call__
    await self.app(scope, receive, _send)
  File "/usr/local/lib/python3.12/site-packages/starlette/middleware/base.py", line 182, in __call__
    with recv_stream, send_stream, collapse_excgroups():
                                   ^^^^^^^^^^^^^^^^^^^^
  File "/usr/local/lib/python3.12/contextlib.py", line 158, in __exit__
    self.gen.throw(value)
  File "/usr/local/lib/python3.12/site-packages/starlette/_utils.py", line 85, in collapse_excgroups
    raise exc
  File "/usr/local/lib/python3.12/site-packages/starlette/middleware/base.py", line 184, in __call__
    response = await self.dispatch_func(request, call_next)
               ^^^^^^^^^^^^^^^^^^^^^^^^^^^^^^^^^^^^^^^^^^^^
  File "/app/app/main.py", line 35, in request_context_middleware
    response = await call_next(request)
               ^^^^^^^^^^^^^^^^^^^^^^^^
  File "/usr/local/lib/python3.12/site-packages/starlette/middleware/base.py", line 159, in call_next
    raise app_exc
  File "/usr/local/lib/python3.12/site-packages/starlette/middleware/base.py", line 144, in coro
    await self.app(scope, receive_or_disconnect, send_no_error)
  File "/usr/local/lib/python3.12/site-packages/starlette/middleware/exceptions.py", line 63, in __call__
    await wrap_app_handling_exceptions(self.app, conn)(scope, receive, send)
  File "/usr/local/lib/python3.12/site-packages/starlette/_exception_handler.py", line 53, in wrapped_app
    raise exc
  File "/usr/local/lib/python3.12/site-packages/starlette/_exception_handler.py", line 42, in wrapped_app
    await app(scope, receive, sender)
  File "/usr/local/lib/python3.12/site-packages/starlette/routing.py", line 716, in __call__
    await self.middleware_stack(scope, receive, send)
  File "/usr/local/lib/python3.12/site-packages/starlette/routing.py", line 736, in app
    await route.handle(scope, receive, send)
  File "/usr/local/lib/python3.12/site-packages/starlette/routing.py", line 290, in handle
    await self.app(scope, receive, send)
  File "/usr/local/lib/python3.12/site-packages/starlette/routing.py", line 78, in app
    await wrap_app_handling_exceptions(app, request)(scope, receive, send)
  File "/usr/local/lib/python3.12/site-packages/starlette/_exception_handler.py", line 53, in wrapped_app
    raise exc
  File "/usr/local/lib/python3.12/site-packages/starlette/_exception_handler.py", line 42, in wrapped_app
    await app(scope, receive, sender)
  File "/usr/local/lib/python3.12/site-packages/starlette/routing.py", line 75, in app
    response = await f(request)
               ^^^^^^^^^^^^^^^^
  File "/usr/local/lib/python3.12/site-packages/fastapi/routing.py", line 302, in app
    raw_response = await run_endpoint_function(
                   ^^^^^^^^^^^^^^^^^^^^^^^^^^^^
  File "/usr/local/lib/python3.12/site-packages/fastapi/routing.py", line 213, in run_endpoint_function
    return await dependant.call(**values)
           ^^^^^^^^^^^^^^^^^^^^^^^^^^^^^^
  File "/app/app/api/routes/orders.py", line 55, in create_order_endpoint
    order = await create_order(db, current_user, payload)
            ^^^^^^^^^^^^^^^^^^^^^^^^^^^^^^^^^^^^^^^^^^^^^
  File "/app/app/services/order_service.py", line 234, in create_order
    user_id=user.id,
            ^^^^^^^
  File "/usr/local/lib/python3.12/site-packages/sqlalchemy/orm/attributes.py", line 569, in __get__
    return self.impl.get(state, dict_)  # type: ignore[no-any-return]
           ^^^^^^^^^^^^^^^^^^^^^^^^^^^
  File "/usr/local/lib/python3.12/site-packages/sqlalchemy/orm/attributes.py", line 1096, in get
    value = self._fire_loader_callables(state, key, passive)
            ^^^^^^^^^^^^^^^^^^^^^^^^^^^^^^^^^^^^^^^^^^^^^^^^
  File "/usr/local/lib/python3.12/site-packages/sqlalchemy/orm/attributes.py", line 1126, in _fire_loader_callables
    return state._load_expired(state, passive)
           ^^^^^^^^^^^^^^^^^^^^^^^^^^^^^^^^^^^
  File "/usr/local/lib/python3.12/site-packages/sqlalchemy/orm/state.py", line 803, in _load_expired
    self.manager.expired_attribute_loader(self, toload, passive)
  File "/usr/local/lib/python3.12/site-packages/sqlalchemy/orm/loading.py", line 1674, in load_scalar_attributes
    result = load_on_ident(
             ^^^^^^^^^^^^^^
  File "/usr/local/lib/python3.12/site-packages/sqlalchemy/orm/loading.py", line 510, in load_on_ident
    return load_on_pk_identity(
           ^^^^^^^^^^^^^^^^^^^^
  File "/usr/local/lib/python3.12/site-packages/sqlalchemy/orm/loading.py", line 695, in load_on_pk_identity
    session.execute(
  File "/usr/local/lib/python3.12/site-packages/sqlalchemy/orm/session.py", line 2365, in execute
    return self._execute_internal(
           ^^^^^^^^^^^^^^^^^^^^^^^
  File "/usr/local/lib/python3.12/site-packages/sqlalchemy/orm/session.py", line 2251, in _execute_internal
    result: Result[Any] = compile_state_cls.orm_execute_statement(
                          ^^^^^^^^^^^^^^^^^^^^^^^^^^^^^^^^^^^^^^^^
  File "/usr/local/lib/python3.12/site-packages/sqlalchemy/orm/context.py", line 306, in orm_execute_statement
    result = conn.execute(
             ^^^^^^^^^^^^^
  File "/usr/local/lib/python3.12/site-packages/sqlalchemy/engine/base.py", line 1419, in execute
    return meth(
           ^^^^^
  File "/usr/local/lib/python3.12/site-packages/sqlalchemy/sql/elements.py", line 526, in _execute_on_connection
    return connection._execute_clauseelement(
           ^^^^^^^^^^^^^^^^^^^^^^^^^^^^^^^^^^
  File "/usr/local/lib/python3.12/site-packages/sqlalchemy/engine/base.py", line 1641, in _execute_clauseelement
    ret = self._execute_context(
          ^^^^^^^^^^^^^^^^^^^^^^
  File "/usr/local/lib/python3.12/site-packages/sqlalchemy/engine/base.py", line 1846, in _execute_context
    return self._exec_single_context(
           ^^^^^^^^^^^^^^^^^^^^^^^^^^
  File "/usr/local/lib/python3.12/site-packages/sqlalchemy/engine/base.py", line 1986, in _exec_single_context
    self._handle_dbapi_exception(
  File "/usr/local/lib/python3.12/site-packages/sqlalchemy/engine/base.py", line 2358, in _handle_dbapi_exception
    raise exc_info[1].with_traceback(exc_info[2])
  File "/usr/local/lib/python3.12/site-packages/sqlalchemy/engine/base.py", line 1967, in _exec_single_context
    self.dialect.do_execute(
  File "/usr/local/lib/python3.12/site-packages/sqlalchemy/engine/default.py", line 951, in do_execute
    cursor.execute(statement, parameters)
  File "/usr/local/lib/python3.12/site-packages/sqlalchemy/dialects/postgresql/asyncpg.py", line 580, in execute
    self._adapt_connection.await_(
  File "/usr/local/lib/python3.12/site-packages/sqlalchemy/util/_concurrency_py3k.py", line 123, in await_only
    raise exc.MissingGreenlet(
sqlalchemy.exc.MissingGreenlet: greenlet_spawn has not been called; can't call await_only() here. Was IO attempted in 
an unexpected place? (Background on this error at: https://sqlalche.me/e/20/xd2s)
{"ts": "2026-03-17T23:47:47.163378+00:00", "level": "ERROR", "logger": "app.main", "message": "http.request_failed", 
"event": "http.request_failed", "method": "POST", "path": "/orders", "status_code": 500, "elapsed_ms": 88.09, 
"request_id": "f61f1c1a-e20f-4186-85ca-f6583d4a7449"}
ERROR:    Exception in ASGI application
  + Exception Group Traceback (most recent call last):
  |   File "/usr/local/lib/python3.12/site-packages/starlette/_utils.py", line 79, in collapse_excgroups
  |     yield
  |   File "/usr/local/lib/python3.12/site-packages/starlette/middleware/base.py", line 183, in __call__
  |     async with anyio.create_task_group() as task_group:
  |                ^^^^^^^^^^^^^^^^^^^^^^^^^
  |   File "/usr/local/lib/python3.12/site-packages/anyio/_backends/_asyncio.py", line 783, in __aexit__
  |     raise BaseExceptionGroup(
  | ExceptionGroup: unhandled errors in a TaskGroup (1 sub-exception)
  +-+---------------- 1 ----------------
    | Traceback (most recent call last):
    |   File "/usr/local/lib/python3.12/site-packages/uvicorn/protocols/http/httptools_impl.py", line 409, in run_asgi
    |     result = await app(  # type: ignore[func-returns-value]
    |              ^^^^^^^^^^^^^^^^^^^^^^^^^^^^^^^^^^^^^^^^^^^^^^
    |   File "/usr/local/lib/python3.12/site-packages/uvicorn/middleware/proxy_headers.py", line 60, in __call__
    |     return await self.app(scope, receive, send)
    |            ^^^^^^^^^^^^^^^^^^^^^^^^^^^^^^^^^^^^
    |   File "/usr/local/lib/python3.12/site-packages/fastapi/applications.py", line 1054, in __call__
    |     await super().__call__(scope, receive, send)
    |   File "/usr/local/lib/python3.12/site-packages/starlette/applications.py", line 113, in __call__
    |     await self.middleware_stack(scope, receive, send)
    |   File "/usr/local/lib/python3.12/site-packages/starlette/middleware/errors.py", line 186, in __call__
    |     raise exc
    |   File "/usr/local/lib/python3.12/site-packages/starlette/middleware/errors.py", line 164, in __call__
    |     await self.app(scope, receive, _send)
    |   File "/usr/local/lib/python3.12/site-packages/starlette/middleware/base.py", line 182, in __call__
    |     with recv_stream, send_stream, collapse_excgroups():
    |                                    ^^^^^^^^^^^^^^^^^^^^
    |   File "/usr/local/lib/python3.12/contextlib.py", line 158, in __exit__
    |     self.gen.throw(value)
    |   File "/usr/local/lib/python3.12/site-packages/starlette/_utils.py", line 85, in collapse_excgroups
    |     raise exc
    |   File "/usr/local/lib/python3.12/site-packages/starlette/middleware/base.py", line 184, in __call__
    |     response = await self.dispatch_func(request, call_next)
    |                ^^^^^^^^^^^^^^^^^^^^^^^^^^^^^^^^^^^^^^^^^^^^
    |   File "/app/app/main.py", line 35, in request_context_middleware
    |     response = await call_next(request)
    |                ^^^^^^^^^^^^^^^^^^^^^^^^
    |   File "/usr/local/lib/python3.12/site-packages/starlette/middleware/base.py", line 159, in call_next
    |     raise app_exc
    |   File "/usr/local/lib/python3.12/site-packages/starlette/middleware/base.py", line 144, in coro
    |     await self.app(scope, receive_or_disconnect, send_no_error)
    |   File "/usr/local/lib/python3.12/site-packages/starlette/middleware/exceptions.py", line 63, in __call__
    |     await wrap_app_handling_exceptions(self.app, conn)(scope, receive, send)
    |   File "/usr/local/lib/python3.12/site-packages/starlette/_exception_handler.py", line 53, in wrapped_app
    |     raise exc
    |   File "/usr/local/lib/python3.12/site-packages/starlette/_exception_handler.py", line 42, in wrapped_app
INFO:     172.19.0.1:34410 - "POST /orders HTTP/1.1" 500 Internal Server Error
    |     await app(scope, receive, sender)
    |   File "/usr/local/lib/python3.12/site-packages/starlette/routing.py", line 716, in __call__
    |     await self.middleware_stack(scope, receive, send)
    |   File "/usr/local/lib/python3.12/site-packages/starlette/routing.py", line 736, in app
    |     await route.handle(scope, receive, send)
    |   File "/usr/local/lib/python3.12/site-packages/starlette/routing.py", line 290, in handle
    |     await self.app(scope, receive, send)
    |   File "/usr/local/lib/python3.12/site-packages/starlette/routing.py", line 78, in app
    |     await wrap_app_handling_exceptions(app, request)(scope, receive, send)
    |   File "/usr/local/lib/python3.12/site-packages/starlette/_exception_handler.py", line 53, in wrapped_app
    |     raise exc
    |   File "/usr/local/lib/python3.12/site-packages/starlette/_exception_handler.py", line 42, in wrapped_app
    |     await app(scope, receive, sender)
    |   File "/usr/local/lib/python3.12/site-packages/starlette/routing.py", line 75, in app
    |     response = await f(request)
    |                ^^^^^^^^^^^^^^^^
    |   File "/usr/local/lib/python3.12/site-packages/fastapi/routing.py", line 302, in app
    |     raw_response = await run_endpoint_function(
    |                    ^^^^^^^^^^^^^^^^^^^^^^^^^^^^
    |   File "/usr/local/lib/python3.12/site-packages/fastapi/routing.py", line 213, in run_endpoint_function
    |     return await dependant.call(**values)
    |            ^^^^^^^^^^^^^^^^^^^^^^^^^^^^^^
    |   File "/app/app/api/routes/orders.py", line 55, in create_order_endpoint
    |     order = await create_order(db, current_user, payload)
    |             ^^^^^^^^^^^^^^^^^^^^^^^^^^^^^^^^^^^^^^^^^^^^^
    |   File "/app/app/services/order_service.py", line 234, in create_order
    |     user_id=user.id,
    |             ^^^^^^^
    |   File "/usr/local/lib/python3.12/site-packages/sqlalchemy/orm/attributes.py", line 569, in __get__
    |     return self.impl.get(state, dict_)  # type: ignore[no-any-return]
    |            ^^^^^^^^^^^^^^^^^^^^^^^^^^^
    |   File "/usr/local/lib/python3.12/site-packages/sqlalchemy/orm/attributes.py", line 1096, in get
    |     value = self._fire_loader_callables(state, key, passive)
    |             ^^^^^^^^^^^^^^^^^^^^^^^^^^^^^^^^^^^^^^^^^^^^^^^^
    |   File "/usr/local/lib/python3.12/site-packages/sqlalchemy/orm/attributes.py", line 1126, in 
_fire_loader_callables
    |     return state._load_expired(state, passive)
    |            ^^^^^^^^^^^^^^^^^^^^^^^^^^^^^^^^^^^
    |   File "/usr/local/lib/python3.12/site-packages/sqlalchemy/orm/state.py", line 803, in _load_expired
    |     self.manager.expired_attribute_loader(self, toload, passive)
    |   File "/usr/local/lib/python3.12/site-packages/sqlalchemy/orm/loading.py", line 1674, in load_scalar_attributes
    |     result = load_on_ident(
    |              ^^^^^^^^^^^^^^
    |   File "/usr/local/lib/python3.12/site-packages/sqlalchemy/orm/loading.py", line 510, in load_on_ident
    |     return load_on_pk_identity(
    |            ^^^^^^^^^^^^^^^^^^^^
    |   File "/usr/local/lib/python3.12/site-packages/sqlalchemy/orm/loading.py", line 695, in load_on_pk_identity
    |     session.execute(
    |   File "/usr/local/lib/python3.12/site-packages/sqlalchemy/orm/session.py", line 2365, in execute
    |     return self._execute_internal(
    |            ^^^^^^^^^^^^^^^^^^^^^^^
    |   File "/usr/local/lib/python3.12/site-packages/sqlalchemy/orm/session.py", line 2251, in _execute_internal
    |     result: Result[Any] = compile_state_cls.orm_execute_statement(
    |                           ^^^^^^^^^^^^^^^^^^^^^^^^^^^^^^^^^^^^^^^^
    |   File "/usr/local/lib/python3.12/site-packages/sqlalchemy/orm/context.py", line 306, in orm_execute_statement
    |     result = conn.execute(
    |              ^^^^^^^^^^^^^
    |   File "/usr/local/lib/python3.12/site-packages/sqlalchemy/engine/base.py", line 1419, in execute
    |     return meth(
    |            ^^^^^
    |   File "/usr/local/lib/python3.12/site-packages/sqlalchemy/sql/elements.py", line 526, in _execute_on_connection
    |     return connection._execute_clauseelement(
    |            ^^^^^^^^^^^^^^^^^^^^^^^^^^^^^^^^^^
    |   File "/usr/local/lib/python3.12/site-packages/sqlalchemy/engine/base.py", line 1641, in _execute_clauseelement
    |     ret = self._execute_context(
    |           ^^^^^^^^^^^^^^^^^^^^^^
    |   File "/usr/local/lib/python3.12/site-packages/sqlalchemy/engine/base.py", line 1846, in _execute_context
    |     return self._exec_single_context(
    |            ^^^^^^^^^^^^^^^^^^^^^^^^^^
    |   File "/usr/local/lib/python3.12/site-packages/sqlalchemy/engine/base.py", line 1986, in _exec_single_context
    |     self._handle_dbapi_exception(
    |   File "/usr/local/lib/python3.12/site-packages/sqlalchemy/engine/base.py", line 2358, in _handle_dbapi_exception
    |     raise exc_info[1].with_traceback(exc_info[2])
    |   File "/usr/local/lib/python3.12/site-packages/sqlalchemy/engine/base.py", line 1967, in _exec_single_context
    |     self.dialect.do_execute(
    |   File "/usr/local/lib/python3.12/site-packages/sqlalchemy/engine/default.py", line 951, in do_execute
    |     cursor.execute(statement, parameters)
    |   File "/usr/local/lib/python3.12/site-packages/sqlalchemy/dialects/postgresql/asyncpg.py", line 580, in execute
    |     self._adapt_connection.await_(
    |   File "/usr/local/lib/python3.12/site-packages/sqlalchemy/util/_concurrency_py3k.py", line 123, in await_only
    |     raise exc.MissingGreenlet(
    | sqlalchemy.exc.MissingGreenlet: greenlet_spawn has not been called; can't call await_only() here. Was IO 
attempted in an unexpected place? (Background on this error at: https://sqlalche.me/e/20/xd2s)
    +------------------------------------

During handling of the above exception, another exception occurred:

Traceback (most recent call last):
  File "/usr/local/lib/python3.12/site-packages/uvicorn/protocols/http/httptools_impl.py", line 409, in run_asgi
    result = await app(  # type: ignore[func-returns-value]
             ^^^^^^^^^^^^^^^^^^^^^^^^^^^^^^^^^^^^^^^^^^^^^^
  File "/usr/local/lib/python3.12/site-packages/uvicorn/middleware/proxy_headers.py", line 60, in __call__
    return await self.app(scope, receive, send)
           ^^^^^^^^^^^^^^^^^^^^^^^^^^^^^^^^^^^^
  File "/usr/local/lib/python3.12/site-packages/fastapi/applications.py", line 1054, in __call__
    await super().__call__(scope, receive, send)
  File "/usr/local/lib/python3.12/site-packages/starlette/applications.py", line 113, in __call__
    await self.middleware_stack(scope, receive, send)
  File "/usr/local/lib/python3.12/site-packages/starlette/middleware/errors.py", line 186, in __call__
    raise exc
  File "/usr/local/lib/python3.12/site-packages/starlette/middleware/errors.py", line 164, in __call__
    await self.app(scope, receive, _send)
  File "/usr/local/lib/python3.12/site-packages/starlette/middleware/base.py", line 182, in __call__
    with recv_stream, send_stream, collapse_excgroups():
                                   ^^^^^^^^^^^^^^^^^^^^
  File "/usr/local/lib/python3.12/contextlib.py", line 158, in __exit__
    self.gen.throw(value)
  File "/usr/local/lib/python3.12/site-packages/starlette/_utils.py", line 85, in collapse_excgroups
    raise exc
  File "/usr/local/lib/python3.12/site-packages/starlette/middleware/base.py", line 184, in __call__
    response = await self.dispatch_func(request, call_next)
               ^^^^^^^^^^^^^^^^^^^^^^^^^^^^^^^^^^^^^^^^^^^^
  File "/app/app/main.py", line 35, in request_context_middleware
    response = await call_next(request)
               ^^^^^^^^^^^^^^^^^^^^^^^^
  File "/usr/local/lib/python3.12/site-packages/starlette/middleware/base.py", line 159, in call_next
    raise app_exc
  File "/usr/local/lib/python3.12/site-packages/starlette/middleware/base.py", line 144, in coro
    await self.app(scope, receive_or_disconnect, send_no_error)
  File "/usr/local/lib/python3.12/site-packages/starlette/middleware/exceptions.py", line 63, in __call__
    await wrap_app_handling_exceptions(self.app, conn)(scope, receive, send)
  File "/usr/local/lib/python3.12/site-packages/starlette/_exception_handler.py", line 53, in wrapped_app
    raise exc
  File "/usr/local/lib/python3.12/site-packages/starlette/_exception_handler.py", line 42, in wrapped_app
    await app(scope, receive, sender)
  File "/usr/local/lib/python3.12/site-packages/starlette/routing.py", line 716, in __call__
    await self.middleware_stack(scope, receive, send)
  File "/usr/local/lib/python3.12/site-packages/starlette/routing.py", line 736, in app
    await route.handle(scope, receive, send)
  File "/usr/local/lib/python3.12/site-packages/starlette/routing.py", line 290, in handle
    await self.app(scope, receive, send)
  File "/usr/local/lib/python3.12/site-packages/starlette/routing.py", line 78, in app
    await wrap_app_handling_exceptions(app, request)(scope, receive, send)
  File "/usr/local/lib/python3.12/site-packages/starlette/_exception_handler.py", line 53, in wrapped_app
    raise exc
  File "/usr/local/lib/python3.12/site-packages/starlette/_exception_handler.py", line 42, in wrapped_app
    await app(scope, receive, sender)
  File "/usr/local/lib/python3.12/site-packages/starlette/routing.py", line 75, in app
    response = await f(request)
               ^^^^^^^^^^^^^^^^
  File "/usr/local/lib/python3.12/site-packages/fastapi/routing.py", line 302, in app
    raw_response = await run_endpoint_function(
                   ^^^^^^^^^^^^^^^^^^^^^^^^^^^^
  File "/usr/local/lib/python3.12/site-packages/fastapi/routing.py", line 213, in run_endpoint_function
    return await dependant.call(**values)
           ^^^^^^^^^^^^^^^^^^^^^^^^^^^^^^
  File "/app/app/api/routes/orders.py", line 55, in create_order_endpoint
    order = await create_order(db, current_user, payload)
            ^^^^^^^^^^^^^^^^^^^^^^^^^^^^^^^^^^^^^^^^^^^^^
  File "/app/app/services/order_service.py", line 234, in create_order
    user_id=user.id,
            ^^^^^^^
  File "/usr/local/lib/python3.12/site-packages/sqlalchemy/orm/attributes.py", line 569, in __get__
    return self.impl.get(state, dict_)  # type: ignore[no-any-return]
           ^^^^^^^^^^^^^^^^^^^^^^^^^^^
  File "/usr/local/lib/python3.12/site-packages/sqlalchemy/orm/attributes.py", line 1096, in get
    value = self._fire_loader_callables(state, key, passive)
            ^^^^^^^^^^^^^^^^^^^^^^^^^^^^^^^^^^^^^^^^^^^^^^^^
  File "/usr/local/lib/python3.12/site-packages/sqlalchemy/orm/attributes.py", line 1126, in _fire_loader_callables
    return state._load_expired(state, passive)
           ^^^^^^^^^^^^^^^^^^^^^^^^^^^^^^^^^^^
  File "/usr/local/lib/python3.12/site-packages/sqlalchemy/orm/state.py", line 803, in _load_expired
    self.manager.expired_attribute_loader(self, toload, passive)
  File "/usr/local/lib/python3.12/site-packages/sqlalchemy/orm/loading.py", line 1674, in load_scalar_attributes
    result = load_on_ident(
             ^^^^^^^^^^^^^^
  File "/usr/local/lib/python3.12/site-packages/sqlalchemy/orm/loading.py", line 510, in load_on_ident
    return load_on_pk_identity(
           ^^^^^^^^^^^^^^^^^^^^
  File "/usr/local/lib/python3.12/site-packages/sqlalchemy/orm/loading.py", line 695, in load_on_pk_identity
    session.execute(
  File "/usr/local/lib/python3.12/site-packages/sqlalchemy/orm/session.py", line 2365, in execute
    return self._execute_internal(
           ^^^^^^^^^^^^^^^^^^^^^^^
  File "/usr/local/lib/python3.12/site-packages/sqlalchemy/orm/session.py", line 2251, in _execute_internal
    result: Result[Any] = compile_state_cls.orm_execute_statement(
                          ^^^^^^^^^^^^^^^^^^^^^^^^^^^^^^^^^^^^^^^^
  File "/usr/local/lib/python3.12/site-packages/sqlalchemy/orm/context.py", line 306, in orm_execute_statement
    result = conn.execute(
             ^^^^^^^^^^^^^
  File "/usr/local/lib/python3.12/site-packages/sqlalchemy/engine/base.py", line 1419, in execute
    return meth(
           ^^^^^
  File "/usr/local/lib/python3.12/site-packages/sqlalchemy/sql/elements.py", line 526, in _execute_on_connection
    return connection._execute_clauseelement(
           ^^^^^^^^^^^^^^^^^^^^^^^^^^^^^^^^^^
  File "/usr/local/lib/python3.12/site-packages/sqlalchemy/engine/base.py", line 1641, in _execute_clauseelement
    ret = self._execute_context(
          ^^^^^^^^^^^^^^^^^^^^^^
  File "/usr/local/lib/python3.12/site-packages/sqlalchemy/engine/base.py", line 1846, in _execute_context
    return self._exec_single_context(
           ^^^^^^^^^^^^^^^^^^^^^^^^^^
  File "/usr/local/lib/python3.12/site-packages/sqlalchemy/engine/base.py", line 1986, in _exec_single_context
    self._handle_dbapi_exception(
  File "/usr/local/lib/python3.12/site-packages/sqlalchemy/engine/base.py", line 2358, in _handle_dbapi_exception
    raise exc_info[1].with_traceback(exc_info[2])
  File "/usr/local/lib/python3.12/site-packages/sqlalchemy/engine/base.py", line 1967, in _exec_single_context
    self.dialect.do_execute(
  File "/usr/local/lib/python3.12/site-packages/sqlalchemy/engine/default.py", line 951, in do_execute
    cursor.execute(statement, parameters)
  File "/usr/local/lib/python3.12/site-packages/sqlalchemy/dialects/postgresql/asyncpg.py", line 580, in execute
    self._adapt_connection.await_(
  File "/usr/local/lib/python3.12/site-packages/sqlalchemy/util/_concurrency_py3k.py", line 123, in await_only
    raise exc.MissingGreenlet(
sqlalchemy.exc.MissingGreenlet: greenlet_spawn has not been called; can't call await_only() here. Was IO attempted in 
an unexpected place? (Background on this error at: https://sqlalche.me/e/20/xd2s)
{"ts": "2026-03-17T23:47:47.205441+00:00", "level": "ERROR", "logger": "app.main", "message": "http.request_failed", 
"event": "http.request_failed", "method": "POST", "path": "/orders", "status_code": 500, "elapsed_ms": 196.19, 
"request_id": "400377f1-b66c-45f2-869d-679a77836912"}
ERROR:    Exception in ASGI application
  + Exception Group Traceback (most recent call last):
  |   File "/usr/local/lib/python3.12/site-packages/starlette/_utils.py", line 79, in collapse_excgroups
  |     yield
  |   File "/usr/local/lib/python3.12/site-packages/starlette/middleware/base.py", line 183, in __call__
  |     async with anyio.create_task_group() as task_group:
  |                ^^^^^^^^^^^^^^^^^^^^^^^^^
  |   File "/usr/local/lib/python3.12/site-packages/anyio/_backends/_asyncio.py", line 783, in __aexit__
  |     raise BaseExceptionGroup(
  | ExceptionGroup: unhandled errors in a TaskGroup (1 sub-exception)
  +-+---------------- 1 ----------------
    | Traceback (most recent call last):
    |   File "/usr/local/lib/python3.12/site-packages/uvicorn/protocols/http/httptools_impl.py", line 409, in run_asgi
    |     result = await app(  # type: ignore[func-returns-value]
    |              ^^^^^^^^^^^^^^^^^^^^^^^^^^^^^^^^^^^^^^^^^^^^^^
    |   File "/usr/local/lib/python3.12/site-packages/uvicorn/middleware/proxy_headers.py", line 60, in __call__
    |     return await self.app(scope, receive, send)
    |            ^^^^^^^^^^^^^^^^^^^^^^^^^^^^^^^^^^^^
    |   File "/usr/local/lib/python3.12/site-packages/fastapi/applications.py", line 1054, in __call__
    |     await super().__call__(scope, receive, send)
    |   File "/usr/local/lib/python3.12/site-packages/starlette/applications.py", line 113, in __call__
    |     await self.middleware_stack(scope, receive, send)
    |   File "/usr/local/lib/python3.12/site-packages/starlette/middleware/errors.py", line 186, in __call__
    |     raise exc
    |   File "/usr/local/lib/python3.12/site-packages/starlette/middleware/errors.py", line 164, in __call__
INFO:     172.19.0.1:34398 - "POST /orders HTTP/1.1" 500 Internal Server Error
    |     await self.app(scope, receive, _send)
    |   File "/usr/local/lib/python3.12/site-packages/starlette/middleware/base.py", line 182, in __call__
    |     with recv_stream, send_stream, collapse_excgroups():
    |                                    ^^^^^^^^^^^^^^^^^^^^
    |   File "/usr/local/lib/python3.12/contextlib.py", line 158, in __exit__
    |     self.gen.throw(value)
    |   File "/usr/local/lib/python3.12/site-packages/starlette/_utils.py", line 85, in collapse_excgroups
    |     raise exc
    |   File "/usr/local/lib/python3.12/site-packages/starlette/middleware/base.py", line 184, in __call__
    |     response = await self.dispatch_func(request, call_next)
    |                ^^^^^^^^^^^^^^^^^^^^^^^^^^^^^^^^^^^^^^^^^^^^
    |   File "/app/app/main.py", line 35, in request_context_middleware
    |     response = await call_next(request)
    |                ^^^^^^^^^^^^^^^^^^^^^^^^
    |   File "/usr/local/lib/python3.12/site-packages/starlette/middleware/base.py", line 159, in call_next
    |     raise app_exc
    |   File "/usr/local/lib/python3.12/site-packages/starlette/middleware/base.py", line 144, in coro
    |     await self.app(scope, receive_or_disconnect, send_no_error)
    |   File "/usr/local/lib/python3.12/site-packages/starlette/middleware/exceptions.py", line 63, in __call__
    |     await wrap_app_handling_exceptions(self.app, conn)(scope, receive, send)
    |   File "/usr/local/lib/python3.12/site-packages/starlette/_exception_handler.py", line 53, in wrapped_app
    |     raise exc
    |   File "/usr/local/lib/python3.12/site-packages/starlette/_exception_handler.py", line 42, in wrapped_app
    |     await app(scope, receive, sender)
    |   File "/usr/local/lib/python3.12/site-packages/starlette/routing.py", line 716, in __call__
    |     await self.middleware_stack(scope, receive, send)
    |   File "/usr/local/lib/python3.12/site-packages/starlette/routing.py", line 736, in app
    |     await route.handle(scope, receive, send)
    |   File "/usr/local/lib/python3.12/site-packages/starlette/routing.py", line 290, in handle
    |     await self.app(scope, receive, send)
    |   File "/usr/local/lib/python3.12/site-packages/starlette/routing.py", line 78, in app
    |     await wrap_app_handling_exceptions(app, request)(scope, receive, send)
    |   File "/usr/local/lib/python3.12/site-packages/starlette/_exception_handler.py", line 53, in wrapped_app
    |     raise exc
    |   File "/usr/local/lib/python3.12/site-packages/starlette/_exception_handler.py", line 42, in wrapped_app
    |     await app(scope, receive, sender)
    |   File "/usr/local/lib/python3.12/site-packages/starlette/routing.py", line 75, in app
    |     response = await f(request)
    |                ^^^^^^^^^^^^^^^^
    |   File "/usr/local/lib/python3.12/site-packages/fastapi/routing.py", line 302, in app
    |     raw_response = await run_endpoint_function(
    |                    ^^^^^^^^^^^^^^^^^^^^^^^^^^^^
    |   File "/usr/local/lib/python3.12/site-packages/fastapi/routing.py", line 213, in run_endpoint_function
    |     return await dependant.call(**values)
    |            ^^^^^^^^^^^^^^^^^^^^^^^^^^^^^^
    |   File "/app/app/api/routes/orders.py", line 55, in create_order_endpoint
    |     order = await create_order(db, current_user, payload)
    |             ^^^^^^^^^^^^^^^^^^^^^^^^^^^^^^^^^^^^^^^^^^^^^
    |   File "/app/app/services/order_service.py", line 234, in create_order
    |     user_id=user.id,
    |             ^^^^^^^
    |   File "/usr/local/lib/python3.12/site-packages/sqlalchemy/orm/attributes.py", line 569, in __get__
    |     return self.impl.get(state, dict_)  # type: ignore[no-any-return]
    |            ^^^^^^^^^^^^^^^^^^^^^^^^^^^
    |   File "/usr/local/lib/python3.12/site-packages/sqlalchemy/orm/attributes.py", line 1096, in get
    |     value = self._fire_loader_callables(state, key, passive)
    |             ^^^^^^^^^^^^^^^^^^^^^^^^^^^^^^^^^^^^^^^^^^^^^^^^
    |   File "/usr/local/lib/python3.12/site-packages/sqlalchemy/orm/attributes.py", line 1126, in 
_fire_loader_callables
    |     return state._load_expired(state, passive)
    |            ^^^^^^^^^^^^^^^^^^^^^^^^^^^^^^^^^^^
    |   File "/usr/local/lib/python3.12/site-packages/sqlalchemy/orm/state.py", line 803, in _load_expired
    |     self.manager.expired_attribute_loader(self, toload, passive)
    |   File "/usr/local/lib/python3.12/site-packages/sqlalchemy/orm/loading.py", line 1674, in load_scalar_attributes
    |     result = load_on_ident(
    |              ^^^^^^^^^^^^^^
    |   File "/usr/local/lib/python3.12/site-packages/sqlalchemy/orm/loading.py", line 510, in load_on_ident
    |     return load_on_pk_identity(
    |            ^^^^^^^^^^^^^^^^^^^^
    |   File "/usr/local/lib/python3.12/site-packages/sqlalchemy/orm/loading.py", line 695, in load_on_pk_identity
    |     session.execute(
    |   File "/usr/local/lib/python3.12/site-packages/sqlalchemy/orm/session.py", line 2365, in execute
    |     return self._execute_internal(
    |            ^^^^^^^^^^^^^^^^^^^^^^^
    |   File "/usr/local/lib/python3.12/site-packages/sqlalchemy/orm/session.py", line 2251, in _execute_internal
    |     result: Result[Any] = compile_state_cls.orm_execute_statement(
    |                           ^^^^^^^^^^^^^^^^^^^^^^^^^^^^^^^^^^^^^^^^
    |   File "/usr/local/lib/python3.12/site-packages/sqlalchemy/orm/context.py", line 306, in orm_execute_statement
    |     result = conn.execute(
    |              ^^^^^^^^^^^^^
    |   File "/usr/local/lib/python3.12/site-packages/sqlalchemy/engine/base.py", line 1419, in execute
    |     return meth(
    |            ^^^^^
    |   File "/usr/local/lib/python3.12/site-packages/sqlalchemy/sql/elements.py", line 526, in _execute_on_connection
    |     return connection._execute_clauseelement(
    |            ^^^^^^^^^^^^^^^^^^^^^^^^^^^^^^^^^^
    |   File "/usr/local/lib/python3.12/site-packages/sqlalchemy/engine/base.py", line 1641, in _execute_clauseelement
    |     ret = self._execute_context(
    |           ^^^^^^^^^^^^^^^^^^^^^^
    |   File "/usr/local/lib/python3.12/site-packages/sqlalchemy/engine/base.py", line 1846, in _execute_context
    |     return self._exec_single_context(
    |            ^^^^^^^^^^^^^^^^^^^^^^^^^^
    |   File "/usr/local/lib/python3.12/site-packages/sqlalchemy/engine/base.py", line 1986, in _exec_single_context
    |     self._handle_dbapi_exception(
    |   File "/usr/local/lib/python3.12/site-packages/sqlalchemy/engine/base.py", line 2358, in _handle_dbapi_exception
    |     raise exc_info[1].with_traceback(exc_info[2])
    |   File "/usr/local/lib/python3.12/site-packages/sqlalchemy/engine/base.py", line 1967, in _exec_single_context
    |     self.dialect.do_execute(
    |   File "/usr/local/lib/python3.12/site-packages/sqlalchemy/engine/default.py", line 951, in do_execute
    |     cursor.execute(statement, parameters)
    |   File "/usr/local/lib/python3.12/site-packages/sqlalchemy/dialects/postgresql/asyncpg.py", line 580, in execute
    |     self._adapt_connection.await_(
    |   File "/usr/local/lib/python3.12/site-packages/sqlalchemy/util/_concurrency_py3k.py", line 123, in await_only
    |     raise exc.MissingGreenlet(
    | sqlalchemy.exc.MissingGreenlet: greenlet_spawn has not been called; can't call await_only() here. Was IO 
attempted in an unexpected place? (Background on this error at: https://sqlalche.me/e/20/xd2s)
    +------------------------------------

During handling of the above exception, another exception occurred:

Traceback (most recent call last):
  File "/usr/local/lib/python3.12/site-packages/uvicorn/protocols/http/httptools_impl.py", line 409, in run_asgi
    result = await app(  # type: ignore[func-returns-value]
             ^^^^^^^^^^^^^^^^^^^^^^^^^^^^^^^^^^^^^^^^^^^^^^
  File "/usr/local/lib/python3.12/site-packages/uvicorn/middleware/proxy_headers.py", line 60, in __call__
    return await self.app(scope, receive, send)
           ^^^^^^^^^^^^^^^^^^^^^^^^^^^^^^^^^^^^
  File "/usr/local/lib/python3.12/site-packages/fastapi/applications.py", line 1054, in __call__
    await super().__call__(scope, receive, send)
  File "/usr/local/lib/python3.12/site-packages/starlette/applications.py", line 113, in __call__
    await self.middleware_stack(scope, receive, send)
  File "/usr/local/lib/python3.12/site-packages/starlette/middleware/errors.py", line 186, in __call__
    raise exc
  File "/usr/local/lib/python3.12/site-packages/starlette/middleware/errors.py", line 164, in __call__
    await self.app(scope, receive, _send)
  File "/usr/local/lib/python3.12/site-packages/starlette/middleware/base.py", line 182, in __call__
    with recv_stream, send_stream, collapse_excgroups():
                                   ^^^^^^^^^^^^^^^^^^^^
  File "/usr/local/lib/python3.12/contextlib.py", line 158, in __exit__
    self.gen.throw(value)
  File "/usr/local/lib/python3.12/site-packages/starlette/_utils.py", line 85, in collapse_excgroups
    raise exc
  File "/usr/local/lib/python3.12/site-packages/starlette/middleware/base.py", line 184, in __call__
    response = await self.dispatch_func(request, call_next)
               ^^^^^^^^^^^^^^^^^^^^^^^^^^^^^^^^^^^^^^^^^^^^
  File "/app/app/main.py", line 35, in request_context_middleware
    response = await call_next(request)
               ^^^^^^^^^^^^^^^^^^^^^^^^
  File "/usr/local/lib/python3.12/site-packages/starlette/middleware/base.py", line 159, in call_next
    raise app_exc
  File "/usr/local/lib/python3.12/site-packages/starlette/middleware/base.py", line 144, in coro
    await self.app(scope, receive_or_disconnect, send_no_error)
  File "/usr/local/lib/python3.12/site-packages/starlette/middleware/exceptions.py", line 63, in __call__
    await wrap_app_handling_exceptions(self.app, conn)(scope, receive, send)
  File "/usr/local/lib/python3.12/site-packages/starlette/_exception_handler.py", line 53, in wrapped_app
    raise exc
  File "/usr/local/lib/python3.12/site-packages/starlette/_exception_handler.py", line 42, in wrapped_app
    await app(scope, receive, sender)
  File "/usr/local/lib/python3.12/site-packages/starlette/routing.py", line 716, in __call__
    await self.middleware_stack(scope, receive, send)
  File "/usr/local/lib/python3.12/site-packages/starlette/routing.py", line 736, in app
    await route.handle(scope, receive, send)
  File "/usr/local/lib/python3.12/site-packages/starlette/routing.py", line 290, in handle
    await self.app(scope, receive, send)
  File "/usr/local/lib/python3.12/site-packages/starlette/routing.py", line 78, in app
    await wrap_app_handling_exceptions(app, request)(scope, receive, send)
  File "/usr/local/lib/python3.12/site-packages/starlette/_exception_handler.py", line 53, in wrapped_app
    raise exc
  File "/usr/local/lib/python3.12/site-packages/starlette/_exception_handler.py", line 42, in wrapped_app
    await app(scope, receive, sender)
  File "/usr/local/lib/python3.12/site-packages/starlette/routing.py", line 75, in app
    response = await f(request)
               ^^^^^^^^^^^^^^^^
  File "/usr/local/lib/python3.12/site-packages/fastapi/routing.py", line 302, in app
    raw_response = await run_endpoint_function(
                   ^^^^^^^^^^^^^^^^^^^^^^^^^^^^
  File "/usr/local/lib/python3.12/site-packages/fastapi/routing.py", line 213, in run_endpoint_function
    return await dependant.call(**values)
           ^^^^^^^^^^^^^^^^^^^^^^^^^^^^^^
  File "/app/app/api/routes/orders.py", line 55, in create_order_endpoint
    order = await create_order(db, current_user, payload)
            ^^^^^^^^^^^^^^^^^^^^^^^^^^^^^^^^^^^^^^^^^^^^^
  File "/app/app/services/order_service.py", line 234, in create_order
    user_id=user.id,
            ^^^^^^^
  File "/usr/local/lib/python3.12/site-packages/sqlalchemy/orm/attributes.py", line 569, in __get__
    return self.impl.get(state, dict_)  # type: ignore[no-any-return]
           ^^^^^^^^^^^^^^^^^^^^^^^^^^^
  File "/usr/local/lib/python3.12/site-packages/sqlalchemy/orm/attributes.py", line 1096, in get
    value = self._fire_loader_callables(state, key, passive)
            ^^^^^^^^^^^^^^^^^^^^^^^^^^^^^^^^^^^^^^^^^^^^^^^^
  File "/usr/local/lib/python3.12/site-packages/sqlalchemy/orm/attributes.py", line 1126, in _fire_loader_callables
    return state._load_expired(state, passive)
           ^^^^^^^^^^^^^^^^^^^^^^^^^^^^^^^^^^^
  File "/usr/local/lib/python3.12/site-packages/sqlalchemy/orm/state.py", line 803, in _load_expired
    self.manager.expired_attribute_loader(self, toload, passive)
  File "/usr/local/lib/python3.12/site-packages/sqlalchemy/orm/loading.py", line 1674, in load_scalar_attributes
    result = load_on_ident(
             ^^^^^^^^^^^^^^
  File "/usr/local/lib/python3.12/site-packages/sqlalchemy/orm/loading.py", line 510, in load_on_ident
    return load_on_pk_identity(
           ^^^^^^^^^^^^^^^^^^^^
  File "/usr/local/lib/python3.12/site-packages/sqlalchemy/orm/loading.py", line 695, in load_on_pk_identity
    session.execute(
  File "/usr/local/lib/python3.12/site-packages/sqlalchemy/orm/session.py", line 2365, in execute
    return self._execute_internal(
           ^^^^^^^^^^^^^^^^^^^^^^^
  File "/usr/local/lib/python3.12/site-packages/sqlalchemy/orm/session.py", line 2251, in _execute_internal
    result: Result[Any] = compile_state_cls.orm_execute_statement(
                          ^^^^^^^^^^^^^^^^^^^^^^^^^^^^^^^^^^^^^^^^
  File "/usr/local/lib/python3.12/site-packages/sqlalchemy/orm/context.py", line 306, in orm_execute_statement
    result = conn.execute(
             ^^^^^^^^^^^^^
  File "/usr/local/lib/python3.12/site-packages/sqlalchemy/engine/base.py", line 1419, in execute
    return meth(
           ^^^^^
  File "/usr/local/lib/python3.12/site-packages/sqlalchemy/sql/elements.py", line 526, in _execute_on_connection
    return connection._execute_clauseelement(
           ^^^^^^^^^^^^^^^^^^^^^^^^^^^^^^^^^^
  File "/usr/local/lib/python3.12/site-packages/sqlalchemy/engine/base.py", line 1641, in _execute_clauseelement
    ret = self._execute_context(
          ^^^^^^^^^^^^^^^^^^^^^^
  File "/usr/local/lib/python3.12/site-packages/sqlalchemy/engine/base.py", line 1846, in _execute_context
    return self._exec_single_context(
           ^^^^^^^^^^^^^^^^^^^^^^^^^^
  File "/usr/local/lib/python3.12/site-packages/sqlalchemy/engine/base.py", line 1986, in _exec_single_context
    self._handle_dbapi_exception(
  File "/usr/local/lib/python3.12/site-packages/sqlalchemy/engine/base.py", line 2358, in _handle_dbapi_exception
    raise exc_info[1].with_traceback(exc_info[2])
  File "/usr/local/lib/python3.12/site-packages/sqlalchemy/engine/base.py", line 1967, in _exec_single_context
    self.dialect.do_execute(
  File "/usr/local/lib/python3.12/site-packages/sqlalchemy/engine/default.py", line 951, in do_execute
    cursor.execute(statement, parameters)
  File "/usr/local/lib/python3.12/site-packages/sqlalchemy/dialects/postgresql/asyncpg.py", line 580, in execute
    self._adapt_connection.await_(
  File "/usr/local/lib/python3.12/site-packages/sqlalchemy/util/_concurrency_py3k.py", line 123, in await_only
    raise exc.MissingGreenlet(
sqlalchemy.exc.MissingGreenlet: greenlet_spawn has not been called; can't call await_only() here. Was IO attempted in 
an unexpected place? (Background on this error at: https://sqlalche.me/e/20/xd2s)
{"ts": "2026-03-17T23:47:47.243045+00:00", "level": "INFO", "logger": "app.main", "message": "http.request", "event": 
"http.request", "method": "POST", "path": "/orders", "status_code": 201, "elapsed_ms": 234.58, "request_id": 
"4bea7b63-2089-4525-8ccf-89d4acaabc3e"}
{"ts": "2026-03-17T23:47:47.250750+00:00", "level": "INFO", "logger": "app.main", "message": "http.request", "event": 
"http.request", "method": "POST", "path": "/orders", "status_code": 201, "elapsed_ms": 173.75, "request_id": 
"8379d255-cac3-4d43-8313-c4504a08edea"}
{"ts": "2026-03-17T23:47:47.574458+00:00", "level": "INFO", "logger": "app.main", "message": "http.request", "event": 
"http.request", "method": "GET", "path": "/orders/baf7dee5-73b2-4502-affa-bc586d396964", "status_code": 200, 
"elapsed_ms": 20.34, "request_id": "6e82da61-08b4-433a-9556-c051104edfc4"}
{"ts": "2026-03-17T23:47:47.578071+00:00", "level": "INFO", "logger": "app.main", "message": "http.request", "event": 
"http.request", "method": "GET", "path": "/orders/6bf274e2-48f4-400c-94c9-3dced1bc9f6a", "status_code": 200, 
"elapsed_ms": 23.81, "request_id": "edc349f1-0038-4e07-b922-cf358b0bea28"}
{"ts": "2026-03-17T23:47:54.047437+00:00", "level": "INFO", "logger": "app.services.order_service", "message": 
"order.accepted", "event": "order.accepted", "order_id": "560699d6-6240-45e4-bee6-ca935301abaf", "order_number": 15, 
"status": "ACCEPTED", "actor_user_id": "6bb39ac8-3492-463e-a973-bc8855a75309", "actor_role": "FRONTDESK"}
{"ts": "2026-03-17T23:47:54.056280+00:00", "level": "INFO", "logger": "app.main", "message": "http.request", "event": 
"http.request", "method": "POST", "path": "/orders/560699d6-6240-45e4-bee6-ca935301abaf/accept", "status_code": 200, 
"elapsed_ms": 32.67, "request_id": "18221388-39c8-4cc5-8c6a-9f06e9a7485f"}
{"ts": "2026-03-17T23:47:54.091677+00:00", "level": "INFO", "logger": "app.main", "message": "http.request", "event": 
"http.request", "method": "GET", "path": "/orders/560699d6-6240-45e4-bee6-ca935301abaf", "status_code": 200, 
"elapsed_ms": 9.08, "request_id": "59af7b29-7b28-4b08-95a3-2cf8e9e2f8ab"}
{"ts": "2026-03-17T23:47:55.334439+00:00", "level": "INFO", "logger": "app.services.order_service", "message": 
"order.accepted", "event": "order.accepted", "order_id": "fbce747e-4842-4ea0-879c-6031a6f287d6", "order_number": 16, 
"status": "ACCEPTED", "actor_user_id": "6bb39ac8-3492-463e-a973-bc8855a75309", "actor_role": "FRONTDESK"}
{"ts": "2026-03-17T23:47:55.340563+00:00", "level": "INFO", "logger": "app.main", "message": "http.request", "event": 
"http.request", "method": "POST", "path": "/orders/fbce747e-4842-4ea0-879c-6031a6f287d6/accept", "status_code": 200, 
"elapsed_ms": 27.2, "request_id": "51114c65-54f7-43b5-b24e-1bd465b6e4a4"}
{"ts": "2026-03-17T23:47:55.380970+00:00", "level": "INFO", "logger": "app.main", "message": "http.request", "event": 
"http.request", "method": "GET", "path": "/orders/fbce747e-4842-4ea0-879c-6031a6f287d6", "status_code": 200, 
"elapsed_ms": 8.53, "request_id": "8b80542d-f3e9-4546-a6c0-4986f864e6f1"}
INFO:     172.19.0.1:34388 - "POST /orders HTTP/1.1" 201 Created
INFO:     172.19.0.1:34412 - "POST /orders HTTP/1.1" 201 Created
INFO:     172.19.0.1:34414 - "GET /orders/baf7dee5-73b2-4502-affa-bc586d396964 HTTP/1.1" 200 OK
INFO:     172.19.0.1:34386 - "GET /orders/6bf274e2-48f4-400c-94c9-3dced1bc9f6a HTTP/1.1" 200 OK
INFO:     172.19.0.1:34422 - "POST /orders/560699d6-6240-45e4-bee6-ca935301abaf/accept HTTP/1.1" 200 OK
INFO:     172.19.0.1:34422 - "GET /orders/560699d6-6240-45e4-bee6-ca935301abaf HTTP/1.1" 200 OK
INFO:     172.19.0.1:34422 - "POST /orders/fbce747e-4842-4ea0-879c-6031a6f287d6/accept HTTP/1.1" 200 OK
INFO:     172.19.0.1:34422 - "GET /orders/fbce747e-4842-4ea0-879c-6031a6f287d6 HTTP/1.1" 200 OK
